机构名称,统一社会信用代码,Excel等级(原始),Excel等级(期望DB值),DB等级(实际值),DB记录ID
丁金生口腔诊所,92330602MA2FGLJK3J,,无等级,,54320.0
丁鸟集（杭州）诊所,91330102MADMBUE28J,,无等级,,36478.0
万民中西医诊所,91330902MA28K5YL9M,,无等级,,62888.0
三门丞悦医疗有限公司海润内科诊所,91331022MADM324T5W,,无等级,,64068.0
三门九得灵诊所有限公司大湖塘西医诊所,91331022MABNC6CX69,,无等级,,64144.0
三门仁雅妇科诊所,92331022MA2DXUQ180,,无等级,,64122.0
三门仕善口腔医疗有限公司健跳口腔诊所,91331022MA2HH22U27,,无等级,,64055.0
三门仲梁中医诊所有限公司上洋路中医诊所,91331022MA2DXTUK69,,无等级,,64075.0
三门仲梁西医诊所,91331022MADGQP4B0B,,无等级,,64097.0
三门众康口腔诊所有限公司三门新城口腔诊所,91331022MACM05YL03,,无等级,,64107.0
三门伟武诊所有限公司毛叶口腔诊所,91331022MAC93XUM45,,无等级,,64106.0
三门佳美口腔诊所,TE3310223300488790,,无等级,,64159.0
三门俞昌棋西医诊所,92331022MA2K7HT59F,,无等级,,64146.0
三门养和中医诊所,TE3310223300499900,,无等级,,64127.0
三门初肌医疗美容诊所,91331022MAD1M0984W,,无等级,,64066.0
三门包宏巍口腔诊所,92331022MA2AL8807A,,无等级,,64113.0
三门匡洋医疗有限公司新晖内科诊所,91331022MAK13R3621,,无等级,,63985.0
三门博皓口腔诊所,92331022MA2KBUEP4M,,无等级,,64157.0
三门卢方华西医诊所,91331022MA28HEU267,,无等级,,64145.0
三门卢毅西医内科诊所,TE3310223300142500,,无等级,,64121.0
三门县亭旁镇岙楼村卫生室,123310227399220898,无级别,无级别,未定级,64019.0
三门县人民医院,12331022472810415D,三级,三级,无级别,64067.0
三门县亿舟医疗有限公司海游西医诊所,91331022MAEXF3E01D,,无等级,,63987.0
三门县任亦利中医骨伤科诊所,91331022MA28HFQ4XN,,无等级,,64133.0
三门县健祥西医诊所,91331022MAD7PUYQ4N,,无等级,,64099.0
三门县健跳镇刘塘墩村卫生室,12331022770748373U,无级别,无级别,未定级,64032.0
三门县孙仲昱中医骨伤科诊所,TE3310223300343530,,无等级,,64135.0
三门县振振西医诊所有限公司新塘村西医诊所,91331022MA2HEB5F75,,无等级,,64081.0
三门县景程医疗有限公司西区大道中医诊所,91331022MA2HJ2CQ4T,,无等级,,64130.0
三门县永昇医疗有限公司沙塘岸中医诊所,91331022MA2DW6257P,,无等级,,64129.0
三门县沙柳街道社区卫生服务中心,1233102247281052XE,未定级,未定级,无级别,64003.0
三门县浦坝港镇沿赤卫生院,12331022774396686X,未定级,未定级,无级别,63992.0
三门叶咸相诊所有限公司浦坝港镇全科诊所,91331022MA2HEL2R33,,无等级,,64138.0
三门叶氏中医诊所,91331022MA28HFHY8Q,,无等级,,64137.0
三门同饮和中医诊所有限公司西区大道中医诊所,91331022MA2DTALD8N,,无等级,,64115.0
三门吴元荣西医诊所,91331022MA2APR7Y29,,无等级,,64098.0
三门吴能旺口腔诊所,92331022MA2AKX6A9F,,无等级,,64117.0
三门周光莲口腔诊所,TE3310223300516150,,无等级,,64080.0
三门周瑞伟口腔诊所,92331022MA2DWHBQ6P,,无等级,,64154.0
三门善健西医诊所有限公司亭旁内科诊所,91331022MABQWMH11N,,无等级,,64089.0
三门嘉仁诊所有限公司健跳西医诊所,91331022MA2K9YPJ50,,无等级,,64077.0
三门嘉仁诊所有限公司海润西医诊所,91331022MA2K7NYN4F,,无等级,,63983.0
三门圣美口腔诊所,92331022MA2DUNLJ87,,无等级,,64156.0
三门季全口腔诊所,TE3310223300513160,,无等级,,64118.0
三门宁和口腔诊所有限公司亭旁口腔诊所,91331022MAEU1HP86U,,无等级,,64053.0
三门宇康西医诊所,TE3310223300488800,,无等级,,64102.0
三门安济诊所有限公司海游西医全科诊所,91331022MAG09C9EXA,,无等级,,63980.0
三门安荣中医诊所有限公司浦坝港镇中医诊所,91331022MABN7N5M0K,,无等级,,64078.0
三门希康诊所有限公司浦坝港镇西医诊所,91331022MA2DWNPF1A,,无等级,,64086.0
三门广慈中医诊所,91331022MA29YXL24W,,无等级,,64111.0
三门广莱医疗有限公司广莱内科诊所,91331022MADLPKQT3B,,无等级,,64095.0
三门应氏西医内科诊所,92331022MA28HUP1XH,,无等级,,64149.0
三门康安诊所,92331022MA2DUBAU5Y,,无等级,,64094.0
三门康馨西医诊所,92331022MAEHX3EX52,,无等级,,64071.0
三门建标中医诊所,91331022MA2APNCT2U,,无等级,,64134.0
三门德元升中医诊所,91331022MAD1KT405P,,无等级,,64096.0
三门德睿口腔医疗有限公司浦坝港口腔诊所,91331022MA7BNNRL16,,无等级,,64103.0
三门心愿口腔诊所有限公司浦坝港口腔诊所,91331022MA7LHH0WXK,,无等级,,64070.0
三门志创医疗有限公司泗淋中医诊所,91331022MA2DY3F28B,,无等级,,64131.0
三门悬渚口腔诊所,92331022MA2G6FNR66,,无等级,,64152.0
三门明选中医诊所,92331022MA2HJD46XL,,无等级,,64076.0
三门春知堂全科诊所有限公司大湖塘全科诊所,91331022MADAQCCQ3G,,无等级,,64092.0
三门晓媚西医诊所,92331022MA2K7KTE0B,,无等级,,64143.0
三门晓鹏西医诊所有限公司嘉汇广场内科诊所,91331022MA2DWWCN97,,无等级,,64088.0
三门林善德西医诊所,91331022MA2AP5N65E,,无等级,,64142.0
三门林海金口腔诊所,TE3310223300394100,,无等级,,64114.0
三门永健西医诊所有限公司亭旁诊所,91331022MADEL8JC97,,无等级,,64100.0
三门江坚西医诊所,92331022MA2AP7AT6D,,无等级,,64141.0
三门洁齿口腔诊所,TE3310223300476450,,无等级,,64155.0
三门济众西医诊所有限公司健跳望海路内科诊所,TE3310223300521710,,无等级,,64119.0
三门济民医疗有限公司济民西医诊所,91331022MADNLEMN2W,,无等级,,64054.0
三门济民医疗有限公司海游济民全科诊所,91331022MAEP62MJ94,,无等级,,64058.0
三门润生诊所有限公司平安路全科诊所,91331022MA2DXWXF2J,,无等级,,64123.0
三门清柠口腔诊所有限公司泗淋口腔诊所,91331022MAER690K8J,,无等级,,63994.0
三门灵智中西医结合诊所有限公司浦坝港镇泗淋中西医结合诊所,91331022MA2DXB0M29,,无等级,,64073.0
三门熙珠口腔诊所有限公司西区口腔诊所,91331022MAC9B8GY9M,,无等级,,64061.0
三门王建昌口腔诊所,92331022MA2G1GN197,,无等级,,64153.0
三门王进西医内科诊所,92331022MA7MR3GA96,,无等级,,64120.0
三门百康西医诊所,92331022MACDTB5N90,,无等级,,64116.0
三门益健西医诊所有限公司沙塘岸西医诊所,92331022MA2DUHQX85,,无等级,,64139.0
三门益多口腔诊所,TE3310223300452270,,无等级,,64109.0
三门盛方口腔诊所,TE3310223300520060,,无等级,,64105.0
三门科纳集医疗美容诊所有限公司海游医美诊所,91331022MAC420JK86,,无等级,,64108.0
三门章以祥中医诊所,92331022MA2G5J864T,,无等级,,64132.0
三门章正省口腔诊所,TE3310223300494590,,无等级,,64151.0
三门翔翔西医诊所,92331022MA2AP55A3Q,,无等级,,64125.0
三门翟长章西医内科诊所,TE3310223300122790,,无等级,,64148.0
三门翼方堂中医诊所,91331022329839223X,,无等级,,64126.0
三门艺凡医疗有限公司花桥西医诊所,91331022MAC8AF1X8L,,无等级,,64124.0
三门艺贝口腔诊所,93331022MA2HFWT939,,无等级,,64091.0
三门艾灵医疗有限公司大湖塘全科诊所,91331022MAEGRE803W,,无等级,,64074.0
三门萌芽口腔诊所,92331022MA2DY83Q19,,无等级,,64158.0
三门金贝口腔诊所有限公司健跳口腔诊所,91331022MA2MAEXQ6L,,无等级,,63981.0
三门铭牙口腔诊所,92331022MA2ANH52X0,,无等级,,64161.0
三门铭镜口腔诊所有限公司健农新村口腔诊所,91331022MA2HH87EX5,,无等级,,64104.0
三门陈品需中医诊所,TE3310223300480590,,无等级,,64136.0
三门陈基华中医骨伤科诊所,TE3310223300352260,,无等级,,64110.0
三门陈银连口腔诊所,TE3310223300492640,,无等级,,64084.0
三门雅尔口腔诊所有限公司花桥口腔诊所,91331022MAEEQN1F94,,无等级,,64062.0
三门雅欣口腔诊所,92331022MA2ANLB29R,,无等级,,64160.0
三门雨欣诊所有限公司三门雨欣口腔诊所,91331022MAEDA0X25B,,无等级,,64050.0
三门雨欣诊所有限公司花桥全科诊所,91331022MA2MCENK41,,无等级,,64051.0
三门雯华西医诊所有限公司下街内科诊所,91331022MA2HE1XT21,,无等级,,64150.0
三门馨泰西医诊所,92331022MA2DXLPD5T,,无等级,,64140.0
三门高萍中医针灸推拿诊所,TE3310223300455700,,无等级,,64128.0
三门麦芽口腔诊所有限公司高枧口腔诊所,91331022MAEXNN1Y5E,,无等级,,63984.0
上海维佳康口腔门诊部有限公司杭州湖墅南路口腔诊所,913301053418035221,,无等级,,34376.0
东港中昌口腔诊所,92330903MA2ETMAF8G,,无等级,,63220.0
东港仁安堂中医诊所,92330903MA28K8RM0F,,无等级,,63205.0
东港俊艺口腔诊所,92330903MA2ETWQF7F,,无等级,,63181.0
东港健安中西医结合诊所,91330903MA2A361251,,无等级,,63214.0
东港友润口腔诊所,92330903MA28K77G10,,无等级,,63211.0
东港和津诊所,92330903MA2EU8236A,,无等级,,63178.0
东港妍泽医疗美容诊所,91330903355330084W,,无等级,,63123.0
东港安康诊所,92330903MA28KLJM5X,,无等级,,63218.0
东港张忠口腔诊所,92330903MA2ETJJD0D,,无等级,,63155.0
东港慈爱诊所,91330903MA28KYNX6B,,无等级,,63157.0
东港成琪口腔诊所,92330903MA28KLMW69,,无等级,,63213.0
东港普贤口腔诊所,92330903MA28KY675K,,无等级,,63162.0
东港百信口腔诊所,92330903MA28KTKN1K,,无等级,,63140.0
东港继民诊所,91330903MA2A2P5864,,无等级,,63171.0
东港荣欣中医诊所,92330903MA2A24L3XY,,无等级,,63170.0
东港莲安诊所,92330903MA2ETHB67W,,无等级,,63164.0
东阳一城口腔诊所,92330783MABMCFH28E,,无等级,,56441.0
东阳万康诊所,91330783MA8G4M7E70,,无等级,,56682.0
东阳万康诊所有限公司银田畈普通诊所,91330783MACKA2EE0P,,无等级,,56506.0
东阳不见不散医疗美容诊所,91330783MABPG79P84,,无等级,,56115.0
东阳东义普通诊所,91330783MAE2B3Q833,,无等级,,56068.0
东阳东济普通诊所,91330783MAE4F11823,,无等级,,56428.0
东阳丞康普通诊所,91330783MA8GD3JL8B,,无等级,,56474.0
东阳丹朵诊所,92330783MA2JYDEU35,,无等级,,56080.0
东阳丹枫口腔诊所,92330783MAE5GFXR6C,,无等级,,56118.0
东阳为民中西医结合诊所,91330783MABQYFKK8H,,无等级,,56427.0
东阳丽健口腔诊所,92330783MA2DFEB53K,,无等级,,56081.0
东阳乐升口腔诊所,91330783MA7GC5BQ62,,无等级,,56442.0
东阳乐龄家誉福堂中医综合诊所,91330783MA7GBWBK58,,无等级,,56480.0
东阳云祥诊所,92330783MA7HAX5870,,无等级,,56569.0
东阳亮贝口腔诊所,91330783MA2M2GLC7U,,无等级,,56533.0
东阳仁乐普通诊所,91330783MACWJNJQ87,,无等级,,56685.0
东阳仁勇普通诊所,91330783MAELB5NG2R,,无等级,,56133.0
东阳仁厚泽诊所,91330783MABX7CKU06,,无等级,,56166.0
东阳仁里诊所,91330783MA8G56WL5J,,无等级,,56596.0
东阳任安医疗管理有限公司白云普通诊所,91330783MADG4JQA6J,,无等级,,56165.0
东阳众康普通诊所,91330783MAD99CBE53,,无等级,,56497.0
东阳众康普通诊所有限公司斯村普通诊所,91330783MADQHY9T4P,,无等级,,56458.0
东阳众康普通诊所有限公司昆山路普通诊所,91330783MADKYWGJ90,,无等级,,56476.0
东阳众康普通诊所有限公司湖莲西街普通诊所,91330783MAEEXL5UXG,,无等级,,56145.0
东阳伯亚乐口腔诊所,91330783MA2JXW8P0D,,无等级,,56088.0
东阳何红亚中医诊所,92330783MA2HUMKQXY,,无等级,,56508.0
东阳何萏红口腔诊所,92330783MA2JYD5U6B,,无等级,,56663.0
东阳何金良中医诊所,92330783MA8G50038W,,无等级,,56521.0
东阳余朝胜口腔诊所,92330783MA29NCM74Y,,无等级,,56654.0
东阳佰佳诊所有限公司横店康庄路中西医结合诊所,91330783MAD279X05K,,无等级,,56526.0
东阳佰佳诊所有限公司横店普通诊所,91330783MACYJJ2H7A,,无等级,,56511.0
东阳佳嘉悦口腔诊所,91330783MAE0L3G90X,,无等级,,56446.0
东阳佳妤医疗美容诊所,91330783MAC960Y65J,,无等级,,56703.0
东阳俞金来口腔诊所,92330783MA8G50Q92Q,,无等级,,56624.0
东阳俪肤美医疗美容诊所,91330783MABPLUF95X,,无等级,,56134.0
东阳健乐诊所,91330783MA2ML56FXF,,无等级,,56380.0
东阳健安诊所,91330783MA2M4GA42T,,无等级,,56602.0
东阳健安诊所有限公司五马塘普通诊所,91330783MAD0ECK4X0,,无等级,,56547.0
东阳健安诊所有限公司后上田普通诊所,91330783MACFD6253D,,无等级,,56702.0
东阳健安诊所有限公司珊瑚路普通诊所,91330783MAD80RBH0C,,无等级,,56472.0
东阳健安诊所有限公司甘井诊所,91330783MABUNW9X4E,,无等级,,56595.0
东阳健安诊所有限公司甘溪西街普通诊所,91330783MADEB9DW2A,,无等级,,56481.0
东阳健生普通诊所,91330783MA8G68U44F,,无等级,,56418.0
东阳健祥诊所,91330783MABN3L407K,,无等级,,56669.0
东阳傅燕兰口腔诊所,91330783MA7N9N5T1M,,无等级,,56609.0
东阳元大刘氏中医综合诊所,91330783MADMQB15X7,,无等级,,56083.0
东阳六石街道德康诊所,92330783MA7H2QRU4R,,无等级,,56435.0
东阳刘洪花普通诊所,92330783MAEH3AWG6K,,无等级,,56112.0
东阳利华普通诊所,91330783MACWPGLX1D,,无等级,,56438.0
东阳利欣诊所,91330783MA7KUNW402,,无等级,,56641.0
东阳劲松诊所,92330783MA7HHXWD81,,无等级,,56608.0
东阳匠心普通诊所,91330783MA8GNW6R8N,,无等级,,56466.0
东阳千昶中西医结合诊所,91330783MA2M3K1B8F,,无等级,,56424.0
东阳升燕诊所,92330783MA2M1E1357,,无等级,,56568.0
东阳升飞口腔诊所,92330783MA2EEP9J08,,无等级,,56536.0
东阳华呗医疗美容诊所,91330783MAE0UWXA53,,无等级,,56445.0
东阳华氏牙科诊所,91330783MA2M1EAQ0K,,无等级,,56431.0
东阳华泰中西医结合诊所,92330783MA2HUMD10B,,无等级,,56575.0
东阳单华香普通诊所,92330783MA7H7Y4D8J,,无等级,,56590.0
东阳单记口腔诊所,91330783MA2JWJNHXG,,无等级,,56584.0
东阳单露明口腔诊所,92330783MA2K1RH49R,,无等级,,56604.0
东阳南市贾宅利平诊所,92330783MA7HYQEA2C,,无等级,,56523.0
东阳南马王娟诊所,92330783MA2EAD3U81,,无等级,,56576.0
东阳南马群芳诊所,92330783MA8G501Y8E,,无等级,,56574.0
东阳南马鑫平普通诊所,92330783MA7GQGJHX3,,无等级,,56102.0
东阳博泽口腔诊所,92330783MA2M0FAB52,,无等级,,56597.0
东阳卢云珑普通诊所,92330783MA2FL4BXXG,,无等级,,56628.0
东阳卢俊诊所,92330783MA7G60X07W,,无等级,,56549.0
东阳卢晓倩普通诊所,92330783MA2E5BAP9J,,无等级,,56614.0
东阳卢林普通诊所,92330783MA2K123RXP,,无等级,,56638.0
东阳卢琼英普通诊所,92330783MA7GU8LB35,,无等级,,56674.0
东阳卢美蓉口腔诊所,92330783MA2JWF9948,,无等级,,56676.0
东阳卢荣杰诊所,92330783MA29NM6W4G,,无等级,,56671.0
东阳厉倩口腔诊所,92330783MA29N3A49U,,无等级,,56651.0
东阳厉娟口腔诊所,92330783MAE99KTQ1U,,无等级,,56417.0
东阳厉生民诊所,92330783MA2EDX9P6K,,无等级,,56581.0
东阳厉雪花普通诊所,92330783MA7KKP0EXD,,无等级,,56570.0
东阳双宇医疗美容诊所,91330783MA2M99Y786,,无等级,,56500.0
东阳双陈普通诊所,92330783MA2M3RCU24,,无等级,,56489.0
东阳古雨医疗美容诊所,91330783MAE091CM00,,无等级,,56436.0
东阳吉冠口腔诊所,91330783MAC7YXGY0J,,无等级,,56095.0
东阳吕家口腔诊所,91330783MA2M5UY574,,无等级,,56684.0
东阳吕小英普通诊所,92330783MA7HH22E0J,,无等级,,56422.0
东阳吕强普通诊所,92330783MA7H965M20,,无等级,,56532.0
东阳吕德齐口腔诊所,91330783MA2M5RWC35,,无等级,,56630.0
东阳吕永伟口腔诊所,91330783MA2M5W0U02,,无等级,,56075.0
东阳吕龙飞口腔诊所,91330783MACDWW2992,,无等级,,56695.0
东阳君乐口腔诊所,91330783MA2M49YP80,,无等级,,56537.0
东阳君奕口腔诊所,91330783MA2M5HBK8H,,无等级,,56566.0
东阳君康普通诊所,91330783MAEJ2JYF16,,无等级,,56148.0
东阳启典口腔诊所,91330783MACHT1UC4B,,无等级,,56504.0
东阳吴丽丽普通诊所,92330783MA7HAC862L,,无等级,,56673.0
东阳吴伯云普通诊所,92330783MA7J1FCL19,,无等级,,56121.0
东阳吴尧平普通诊所,92330783MA29N4603M,,无等级,,56490.0
东阳吴洵邦中医诊所,92330783MA7J513D2U,,无等级,,56606.0
东阳吴锡乐中医诊所,92330783MA7HE90M6C,,无等级,,56572.0
东阳吴香玲诊所,92330783MAD15YGK76,,无等级,,56522.0
东阳呈友中医综合诊所,92330783MA2M3GJ871,,无等级,,56708.0
东阳周丹普通诊所,92330783MA7H9TWN5D,,无等级,,56415.0
东阳周祖跃口腔诊所,92330783MA8GT2HH7R,,无等级,,56414.0
东阳周飞口腔诊所,91330783MA7MJCXH5U,,无等级,,56452.0
东阳响亮口腔诊所,92330783MA2EAY7B5Q,,无等级,,56691.0
东阳善美口腔诊所,91330783MA2M0XXB0N,,无等级,,56535.0
东阳园连普通诊所,91330783MAENKRDRX7,,无等级,,56117.0
东阳国仁普通诊所,92330783MA2ED9XP3B,,无等级,,56667.0
东阳国康中西医结合诊所,92330783MA2EDT9D7N,,无等级,,56432.0
东阳国晓牙科诊所,92330783MA2JXP1L4P,,无等级,,56680.0
东阳天悦中西医结合诊所,91330783MACA5TAC61,,无等级,,56090.0
东阳天祺口腔诊所,91330783MA2M5JDB29,,无等级,,56655.0
东阳奉林普通诊所,91330783MACD13MN20,,无等级,,56109.0
东阳好友普通诊所,91330783MADP7DJG95,,无等级,,56461.0
东阳好君口腔诊所,91330783MA2M43Y66W,,无等级,,56678.0
东阳孔旭萍普通诊所,92330783MA2FKXY0XB,,无等级,,56635.0
东阳孙文斗诊所,92330783MA2JXDNP4R,,无等级,,56582.0
东阳安和普通诊所,91330783MAE29H1B6J,,无等级,,56443.0
东阳安然诊所,92330783MA2M08JA5U,,无等级,,56064.0
东阳宋秀菊普通诊所,92330783MADYG00688,,无等级,,56453.0
东阳宏亮口腔诊所,92330783MA8G50H87F,,无等级,,56636.0
东阳巍山群安诊所,92330783MA2M36D22N,,无等级,,56531.0
东阳帕帕缇雅医疗美容诊所,91330783MAD9G6LD2N,,无等级,,56459.0
东阳平平普通诊所,91330783MAEA49F54R,,无等级,,56086.0
东阳幸芙里医疗美容诊所,91330783MAE34WHK61,,无等级,,56439.0
东阳广明堂诊所,92330783MABM07KJ9N,,无等级,,56677.0
东阳应巍青口腔诊所,92330783MA2HWDR59D,,无等级,,56556.0
东阳康华普通诊所,91330783MACJQH83XA,,无等级,,56070.0
东阳康嘉普通诊所,91330783MA2M05426L,,无等级,,56687.0
东阳康心中西医结合诊所,91330783MADR1K1G21,,无等级,,56455.0
东阳康怡普通诊所,91330783MAE1KJ1D7R,,无等级,,56073.0
东阳康恒普通诊所,91330783MADNWM33XA,,无等级,,56104.0
东阳康晖口腔诊所,91330783MA7LH3WE81,,无等级,,56449.0
东阳康祥普通诊所,91330783MA2ML1U68F,,无等级,,56420.0
东阳康诚诊所,92330783MA2M5TRN7Y,,无等级,,56625.0
东阳康铭普通诊所,91330783MACUWRKQ41,,无等级,,56151.0
东阳康霖中西医结合诊所,91330783MACKD82R3T,,无等级,,56697.0
东阳建忠诊所,91330783MA2JY0FQ1N,,无等级,,56085.0
东阳张俊杰普通诊所,92330783MA2FPC951N,,无等级,,56061.0
东阳张响亮骨伤科诊所,92330783MA7HCE2797,,无等级,,56527.0
东阳张国海普通诊所,91330783MACUA0KAX0,,无等级,,56621.0
东阳张地彬中医诊所,92330783MA7GRY16X4,,无等级,,56509.0
东阳张洪生中医诊所,92330783MA7J5GD19A,,无等级,,56664.0
东阳张玉鸣中医诊所,92330783MA2HU8YB81,,无等级,,56633.0
东阳张红郎普通诊所,92330783MA2HUL2P4Q,,无等级,,56588.0
东阳张赵龙口腔诊所,91330783MA7HKXKE6B,,无等级,,56487.0
东阳徐伟根普通诊所,92330783MA7C1ALH6F,,无等级,,56543.0
东阳徐庆同中医诊所,92330783MA8G50N18P,,无等级,,56658.0
东阳徐振东口腔诊所,92330783MA2DFD3D5D,,无等级,,56618.0
东阳徐永才中医综合诊所,92330783MADC4FTRXH,,无等级,,56434.0
东阳徐英普通诊所,92330783MA2M56M63T,,无等级,,56138.0
东阳德济潘浩亮中医综合诊所,92330783MA7J6QE269,,无等级,,56578.0
东阳心益中医综合诊所,91330783MADFQ8X593,,无等级,,56486.0
东阳惟蜜医疗美容诊所,91330783MAC56UG50B,,无等级,,56698.0
东阳慕若初医疗美容诊所,91330783MACXFDTQ3F,,无等级,,56135.0
东阳承瑞口腔诊所,91330783MA2HWPRK4P,,无等级,,56091.0
东阳斯剑峰口腔诊所,91330783MA8G4D6362,,无等级,,56467.0
东阳斯炜烈中西医结合诊所,92330783MA7H8GAQ9M,,无等级,,56548.0
东阳方坚强普通诊所,92330783MA8G50D223,,无等级,,56634.0
东阳施丹杨口腔诊所,92330783MADQEXQG7A,,无等级,,56454.0
东阳施丽芳普通诊所,92330783MA2M5WXQ89,,无等级,,56665.0
东阳星光奥斯卡医疗美容诊所,91330783MAEW2QB46K,,无等级,,56094.0
东阳星医惠诗美度医疗美容诊所,91330783MA7G6PJL8F,,无等级,,56114.0
东阳星晖口腔诊所,91330783MADN5T0755,,无等级,,56447.0
东阳春暄普通诊所,91330783MAEX2NH205,,无等级,,56096.0
东阳春芳口腔诊所,91330783MA2EEPYG50,,无等级,,56553.0
东阳晓菲口腔诊所,91330783MAC9QYY67W,,无等级,,56468.0
东阳晨美口腔诊所,91330783MA2M1UWR2Y,,无等级,,56644.0
东阳晶美口腔诊所,91330783MA2M24GB44,,无等级,,56603.0
东阳曼丽医疗美容诊所,91330783MAC4WK0U7T,,无等级,,56277.0
东阳朱先锋口腔诊所,92330783MA29M7FF6F,,无等级,,56668.0
东阳朱有松口腔诊所,92330783MA2HQU0L1C,,无等级,,56675.0
东阳李向斌口腔诊所,92330783MA2FPKDP2M,,无等级,,56660.0
东阳李妙仙诊所,92330783MA8G50740W,,无等级,,56632.0
东阳李晓玲诊所,92330783MA7HTFRY4M,,无等级,,56456.0
东阳李樟泰诊所,92330783MA2ED9EY6N,,无等级,,56599.0
东阳李海燕普通诊所,92330783MA2ECELA24,,无等级,,56657.0
东阳李牡花中西医结合诊所,92330783MA2K1UX73W,,无等级,,56429.0
东阳李睿口腔诊所,91330783MA2M1WLX7C,,无等级,,56555.0
东阳杜忆苹口腔诊所,92330783MA2E98A75Y,,无等级,,56646.0
东阳杜惠敏诊所,92330783MA2JXCKQ06,,无等级,,56672.0
东阳杜江南口腔诊所,91330783MA2M4WEQ1R,,无等级,,56620.0
东阳杜阿德诊所,92330783MA7E69E25F,,无等级,,56613.0
东阳杨萍口腔诊所,92330783MA2FMJ7HXA,,无等级,,56639.0
东阳林强中医诊所,92330783MA2JX3AN8Q,,无等级,,56649.0
东阳梅红普通诊所,92330783MA2EEUJX2R,,无等级,,56501.0
东阳梵颜夕医疗美容诊所,91330783MAC7A02Y0N,,无等级,,56705.0
东阳楼建军普通诊所,92330783MA8G505J00,,无等级,,56491.0
东阳楼有仙妇科诊所,92330783MA2M0MYL9L,,无等级,,56626.0
东阳楼汝福诊所,92330783MA2EDGNX4F,,无等级,,56611.0
东阳横店三春诊所,92330783MA2HT6Q22W,,无等级,,56559.0
东阳横店单存鸿诊所,92330783MA2M92QD7H,,无等级,,56567.0
东阳横店张羽苹诊所,92330783MA2DCGPK4G,,无等级,,56558.0
东阳横店杜雪姣诊所,92330783MA7JKD4P1U,,无等级,,56562.0
东阳横店民康诊所,92330783MA7HN8432T,,无等级,,56544.0
东阳横店蒋丰伟口腔诊所,92330783MA2DB97A3Y,,无等级,,56565.0
东阳横店薛晶中医诊所,92330783MA2ECM252B,,无等级,,56564.0
东阳横店谊康吉诊所,92330783MA28EXWP2B,,无等级,,56552.0
东阳横店赵皖生诊所,92330783MA2E8Y1D20,,无等级,,56554.0
东阳横店郭晓萍诊所,92330783MA7JCCRC5N,,无等级,,56550.0
东阳横店陆伟伟诊所,92330783MA2E6J7D9H,,无等级,,56561.0
东阳欣雅口腔诊所,91330783MAD8110T3T,,无等级,,56492.0
东阳段磊磊普通诊所,92330783MA2FNQY230,,无等级,,56648.0
东阳毅轩普通诊所,91330783MADE168M60,,无等级,,56113.0
东阳沁呈颜医疗美容诊所,91330783MACUEY478E,,无等级,,56477.0
东阳洛贝口腔诊所,92330783MA2JW4HW3N,,无等级,,56589.0
东阳洪塘口腔诊所,91330783MA2M2KUN5D,,无等级,,56516.0
东阳洪妙兰中医诊所,92330783MA2DCAEUXP,,无等级,,56653.0
东阳洪氏牙科诊所,91330783MA2M2XM956,,无等级,,56647.0
东阳洪福普通诊所,91330783MADAHW376M,,无等级,,56097.0
东阳济仁诊所,92330783MA7JK2PQ3F,,无等级,,56539.0
东阳济慈普通诊所,91330783MA2HRF944C,,无等级,,56616.0
东阳浙华口腔诊所,91330783MAE8XCW73L,,无等级,,56139.0
东阳浩洋口腔诊所,91330783MABT2EW49D,,无等级,,56607.0
东阳海丽中西医结合诊所,91330783MACFFDW621,,无等级,,56700.0
东阳海崖中医综合诊所,91330783MADHCGLQ1W,,无等级,,56483.0
东阳润泽中西医结合诊所,91330783MAELBKWE45,,无等级,,56123.0
东阳淮仁中西医结合诊所,91330783MAEHM17Q88,,无等级,,56110.0
东阳温嫡医疗美容诊所,91330783MA2M5Y430E,,无等级,,56498.0
东阳湖溪红英诊所,92330783MA29NQUN47,,无等级,,56580.0
东阳潘雪飞口腔诊所,91330783MA2M55RG4T,,无等级,,56154.0
东阳爱尔眼科诊所,91330783MA29QKW92P,,无等级,,56440.0
东阳牙贝康口腔诊所,91330783MA2M308K1G,,无等级,,56541.0
东阳王丹萍中西医结合诊所,92330783MA2M84FP59,,无等级,,56629.0
东阳王义剑普通诊所,92330783MA2EC4EP3A,,无等级,,56605.0
东阳王凯口腔诊所,92330783MAG0GRNQ6B,,无等级,,56067.0
东阳王启中诊所,92330783MA2HTYC97W,,无等级,,56666.0
东阳王国祥口腔诊所,92330783MA2DE62T5T,,无等级,,56643.0
东阳王天洪普通诊所,92330783MA29MU4C48,,无等级,,56583.0
东阳王定口腔诊所,92330783MABWJRH44W,,无等级,,56591.0
东阳王方忠口腔诊所,91330783MABTYW9W5U,,无等级,,56679.0
东阳王晓凤诊所,92330783MA29R19G75,,无等级,,56563.0
东阳王玄普通诊所,91330783MADBDM3P54,,无等级,,56448.0
东阳王艳普通诊所,92330783MA7H755A0P,,无等级,,56525.0
东阳玖禾医疗美容诊所,91330783MADPTB9A0L,,无等级,,56463.0
东阳甘木木贝诊所,91330783MA2JXWFHXQ,,无等级,,56592.0
东阳甘木木贝诊所有限公司东街普通诊所,91330783MADD87HE8W,,无等级,,56465.0
东阳甘木木贝诊所有限公司六石中西医结合诊所,91330783MAE4TPGA6T,,无等级,,56426.0
东阳甘木木贝诊所有限公司江北分公司,91330783MAC5TEAE88,,无等级,,56709.0
东阳申屠冠锋中医诊所,92330783MA2E9CRJ23,,无等级,,56573.0
东阳画水吉丽口腔诊所,92330783MA7JH3QE82,,无等级,,56519.0
东阳画水吴丽慧口腔诊所,92330783MA7JH2W92R,,无等级,,56517.0
东阳白云光里诊所,92330783MA7JF19U40,,无等级,,56612.0
东阳白云李晓诊所,92330783MA2HU99E6X,,无等级,,56594.0
东阳白云良遵诊所,92330783MA7HT78114,,无等级,,56598.0
东阳百杏普通诊所,91330783MAEN0JCG2Y,,无等级,,56103.0
东阳皓齿口腔诊所,91330783MADH0MMY49,,无等级,,56478.0
东阳益口佳口腔诊所,91330783MA7HE9DJ40,,无等级,,56693.0
东阳益美医疗美容诊所,91330783MAC5TDRK2Q,,无等级,,56694.0
东阳瞿园园口腔诊所,92330783MA29Q5LK19,,无等级,,56662.0
东阳福莲诊所,91330783MA2M3R211G,,无等级,,56683.0
东阳禾栗医疗美容诊所,91330783MA2M19T051,,无等级,,56545.0
东阳禾美口腔诊所,92330783MA28EQ1NXG,,无等级,,56656.0
东阳秀童颜医疗美容诊所,91330783MA2M52MU99,,无等级,,56513.0
东阳程小菁口腔诊所,92330783MA2FMHH177,,无等级,,56661.0
东阳管氏口腔诊所,91330783MA2M40HU63,,无等级,,56143.0
东阳米瑞珂医疗美容诊所,91330783MACUDMQM23,,无等级,,56082.0
东阳素雅中医综合诊所,91330783MADFDL5K8P,,无等级,,56479.0
东阳红钢诊所,92330783MA2JWP9E21,,无等级,,56642.0
东阳美琴口腔诊所,92330783MAEM8PTW01,,无等级,,56124.0
东阳美苑医疗美容诊所,91330783MAEFH4YJ1G,,无等级,,56144.0
东阳聚福青中医诊所,91330783MA2M5R4QXR,,无等级,,56610.0
东阳胡勤宏普通诊所,92330783MA2FP51HXR,,无等级,,56617.0
东阳胡卫国普通诊所,92330783MA2DEM7Y1B,,无等级,,56585.0
东阳胡林飞口腔诊所,91330783MADFEW3D38,,无等级,,56430.0
东阳胡琳琳普通诊所,92330783MA2HW4NG9N,,无等级,,56622.0
东阳艺海口腔诊所,91330783MACCF7GR3G,,无等级,,56160.0
东阳艾雅口腔诊所,91330783MACA4RF251,,无等级,,56471.0
东阳葛光锦明口腔诊所,91330783MA2M09JY4P,,无等级,,56631.0
东阳葛美雅连口腔诊所,92330783MADJE05N4A,,无等级,,56469.0
东阳董邦杰口腔诊所,92330783MACN0YT58W,,无等级,,56690.0
东阳蒋云强普通诊所,91330783MACKMJ367F,,无等级,,56079.0
东阳蒋云飞口腔诊所,91330783MAD0077JXR,,无等级,,56560.0
东阳蔡晨英普通诊所,92330783MA2M4L5CX4,,无等级,,56701.0
东阳蔡海燕中医诊所,92330783MA2FLJ6N7X,,无等级,,56586.0
东阳蜜肌泉医疗美容诊所,91330783MAC46EQL0P,,无等级,,56706.0
东阳西牌楼诊所,91330783MA8G505K90,,无等级,,56514.0
东阳许国仁诊所,91330783MA2M6BNG0G,,无等级,,56158.0
东阳许国仁诊所有限公司明凯街普通诊所,91330783MACQ17BP1E,,无等级,,56692.0
东阳许国仁诊所有限公司湖莲西街普通诊所,91330783MACG168C4F,,无等级,,56696.0
东阳许国仁诊所有限公司磐安尖山普通诊所,91330727MAEFKTB63R,,无等级,,58278.0
东阳许旭华中医诊所,92330783MA2HU8060Q,,无等级,,56619.0
东阳许永跃普通诊所,92330783MA7H9LT22Q,,无等级,,56540.0
东阳许洪信口腔诊所,91330783MAD1DAU86N,,无等级,,56108.0
东阳诚佳口腔诊所,91330783MA7C5RKB9B,,无等级,,56076.0
东阳诚心大平安诊所有限公司巨和路中西医结合诊所,91330783MAEJKQ2F5J,,无等级,,56136.0
东阳豫华普通诊所,91330783MAEW349146,,无等级,,56101.0
东阳贝洁口腔诊所,91330783MA2M79GN37,,无等级,,56470.0
东阳贵云医疗管理有限公司江北普通诊所,91330783MAD80D7LXU,,无等级,,56107.0
东阳贾丽丹普通诊所,92330783MA2EAFEQ02,,无等级,,56681.0
东阳贾柳艳口腔诊所,92330783MA2EA0999M,,无等级,,56652.0
东阳贾珂口腔诊所,92330783MADFA1YAXR,,无等级,,56485.0
东阳赵浪芹口腔诊所,92330783MABW9BNB1C,,无等级,,56623.0
东阳赵肖英诊所,92330783MA7H2RT63X,,无等级,,56530.0
东阳赵采光普通诊所,92330783MA7GFTPT1L,,无等级,,56601.0
东阳达康普通诊所,91330783MAEKQQ0X3Q,,无等级,,56062.0
东阳远疆天域普通诊所,92330783MAD97XM584,,无等级,,56451.0
东阳邵跃光中医综合诊所,92330783MA2EACOF3W,,无等级,,56579.0
东阳郝寒梅普通诊所,92330783MA2JXD4U4P,,无等级,,56473.0
东阳郭华刚口腔诊所,92330783MA2DCEH982,,无等级,,56659.0
东阳郭卫栋普通诊所,92330783MAK2BG1D19,,无等级,,56072.0
东阳金伟诊所,92330783MA7FUCKP10,,无等级,,56593.0
东阳金向忠口腔诊所,92330783MA2FK4GKXT,,无等级,,56505.0
东阳金孝普通诊所,92330783MAD38HRC34,,无等级,,56510.0
东阳金小龙口腔诊所,92330783MA2FLGW9X3,,无等级,,56637.0
东阳金忠明普通诊所,92330783MA2EC5JL5B,,无等级,,56670.0
东阳金敬华诊所,92330783MA2M0C4769,,无等级,,56557.0
东阳金晓杰中医综合诊所,92330783MA2E9DQH2K,,无等级,,56538.0
东阳金江英口腔诊所,92330783MA28EPMG34,,无等级,,56627.0
东阳金满林口腔诊所,91330783MA2M0R9E6X,,无等级,,56503.0
东阳金菊玲普通诊所,92330783MA7H7BWE1W,,无等级,,56551.0
东阳鑫荣普通诊所,91330783MADC10PT3G,,无等级,,56495.0
东阳钦晨中医综合诊所,91330783MA7EMK0J2N,,无等级,,56153.0
东阳锦坊普通诊所,91330783MAEEKYGB9B,,无等级,,56100.0
东阳锦森普通诊所,91330783MAEQ1RKY0E,,无等级,,56120.0
东阳陈则亮口腔诊所,92330783MA2HTY525P,,无等级,,56542.0
东阳陈国英普通诊所,92330783MA2FL8D62D,,无等级,,56650.0
东阳陈姣娟普通诊所,92330783MA7JH6B144,,无等级,,56518.0
东阳陈小华中医诊所,92330783MA2HWDL18R,,无等级,,56587.0
东阳陈文理医疗美容诊所,92330783MA2DF0370R,,无等级,,56499.0
东阳陈氏口腔诊所,91330783MA2EDR8U42,,无等级,,56600.0
东阳陈淑芬普通诊所,92330783MA29QR1U6M,,无等级,,56686.0
东阳陈荣伟中医综合诊所,92330783MA8G50UF7F,,无等级,,56052.0
东阳陈雁天口腔诊所,92330783MA2DD4A75E,,无等级,,56704.0
东阳雅博口腔诊所,91330783MA2M32YT6J,,无等级,,56524.0
东阳雅康口腔诊所,91330783MACDB0Q65H,,无等级,,56699.0
东阳雅洁口腔诊所,91330783MAEMG5EC0B,,无等级,,56106.0
东阳雅美口腔诊所,91330783MA2EDQMA7C,,无等级,,56520.0
东阳雅艺德口腔诊所,91330783MA2M087D3D,,无等级,,56528.0
东阳零度眼科诊所,91330783MA2M4YYJ7F,,无等级,,56645.0
东阳露西亚诊所,91330783MABUW8CT4A,,无等级,,56615.0
东阳青橙狐狸口腔诊所,91330783MAEK14XJ2C,,无等级,,56098.0
东阳青清口腔诊所,91330783MADXDKC101,,无等级,,56159.0
东阳靖靖诊所,91330783MA2M5MQH2K,,无等级,,56546.0
东阳韦氏口腔诊所,91330783MA2M3FAF4D,,无等级,,56152.0
东阳韦飞口腔诊所,92330783MA29RP3K75,,无等级,,56640.0
东阳飞翔口腔诊所,91330783MACG1GDPXW,,无等级,,56688.0
东阳飞良诊所,92330783MA29R4QTXE,,无等级,,56512.0
东阳马国忠中医综合诊所,92330783MA2EB2K9XJ,,无等级,,56534.0
东阳马晶口腔诊所,92330783MA2E9KF53J,,无等级,,56571.0
东阳马爽口腔诊所,92330783MA2JY05K9E,,无等级,,56496.0
东阳鸿伟普通诊所,91330783MADEDB2G80,,无等级,,56484.0
东阳鸿德医疗管理有限公司横店四合中西医结合诊所,91330783MAE6TU0F0L,,无等级,,56423.0
东阳鸿德医疗管理有限公司江北中西医结合诊所,91330783MACJAQ8F5J,,无等级,,56116.0
东阳鸿祥口腔诊所,91330783MABXGBNR1N,,无等级,,56419.0
东阳黄俪华口腔诊所,92330783MA8GLJU542,,无等级,,56464.0
严南林口腔诊所,92330702MA2FJ1Y07T,,无等级,,57749.0
严宇仙中医诊所,TE3308223300472310,,无等级,,61085.0
中共余姚市委老干部局医务室,123302817172156239,无级别,无级别,三级,43609.0
中医内科陈葆春诊所,91330381MA2L52U97E,,无等级,,47239.0
中医内科项美玉诊所,91330381MA2L57JK04,,无等级,,47036.0
中医骨伤科张益明诊所,TE3303813300285400,,无等级,,47184.0
中和堂（杭州）中医诊所,91330105MAD49K462H,,无等级,,34686.0
中瑞精准医疗健康科技（杭州）有限公司萧山星辉时光城诊所,91330109MAEEJMFUX7,,无等级,,38065.0
中赫(杭州)中医诊所,91330108MADR1NMB3K,,无等级,,33323.0
丰沃达医药物流（杭州）有限公司桂花路中医诊所,TE3301833300484750,,无等级,,33969.0
临安丁志军口腔诊所,TE3301853300473620,,无等级,,35178.0
临安兴隆健康管理有限公司藻溪口腔诊所,91330185MA28TK3R0Y,,无等级,,35158.0
临安叶贤生西医内科诊所,91330185L42848694A,,无等级,,35152.0
临安周华琴口腔诊所,92330185MA28N8DWX3,,无等级,,35129.0
临安杨娅婷诊所,92330185MA2BQ4HF49,,无等级,,35189.0
临安绍鲁俞彦口腔诊所,92330185MA28MQNR6P,,无等级,,35177.0
临安黄林忠诊所,92330185MA28XNA043,,无等级,,35196.0
临海一宁口腔诊所有限公司杜桥解放街口腔诊所,91331082MACFKC7E3N,,无等级,,63880.0
临海上盘娄正贵中医诊所,92331082MA2AKGTX7D,,无等级,,63859.0
临海上盘朱子凤中医诊所,92331082MA2DW7PT26,,无等级,,63794.0
临海上盘王勤口腔诊所,92331082MA2DW6YD6M,,无等级,,63698.0
临海上盘王茂兴中医诊所,92331082MA2DW7743P,,无等级,,63790.0
临海上盘蒋加勇中医骨伤科诊所,91331082329922457X,,无等级,,63852.0
临海上盘陈凌口腔诊所,92331082MA2DW6U8XN,,无等级,,63864.0
临海上盘陈雪飞中医诊所,92331082MA2G9G382P,,无等级,,63865.0
临海上盘陈高通口腔诊所,92331082MA2DW20X2J,,无等级,,63289.0
临海东塍卢杨斌口腔诊所,91331082MA28GUFL4J,,无等级,,63904.0
临海东塍卢永兴西医全科诊所,92331082MA2AKC2K81,,无等级,,63946.0
临海东塍屈金国西医全科诊所,92331082MA2AKDQ18J,,无等级,,63877.0
临海东塍朱桂平口腔诊所,91331082WA28H9W33D,,无等级,,63879.0
临海东塍杨春云西医全科诊所,92331082MAD0KNGM4Q,,无等级,,63824.0
临海东塍陈国金中医诊所,92331082MA2AK4W540,,无等级,,63873.0
临海东塍马菊琴西医全科诊所,92331082MA2G979272,,无等级,,63872.0
临海东塍黄旭辉口腔诊所,92331082MA2KAJ3Y2C,,无等级,,63920.0
临海临商口腔医疗有限公司杜桥南大路口腔诊所,91331082MA7KBN2W5L,,无等级,,63884.0
临海临舍医疗有限公司尤溪义城路西医全科诊所,91331082MA2K7PUT3K,,无等级,,63785.0
临海丽晶诊所有限公司杜桥眼镜创业园西医全科诊所,91331082MA7D9KLN76,,无等级,,63895.0
临海云书光西医全科诊所,91331082MA2DTHEKXB,,无等级,,63734.0
临海亿康诊所有限公司上盘头门社区海望家园西医内科诊所,91331082MACCR0CP8U,,无等级,,63951.0
临海何立口腔诊所,91331082313642565Y,,无等级,,63869.0
临海何腊春西医内科诊所,91331082MA2AL5K99J,,无等级,,63856.0
临海何静瑶口腔诊所有限公司小芝真如路口腔诊所,91331082MACCQ3A2XR,,无等级,,63735.0
临海保金中医诊所有限公司杜桥滨海西路中医（综合）诊所,91331082MADDLCJ35Q,,无等级,,63599.0
临海博瑞口腔医疗有限公司巾山中路口腔诊所,91331082MA2KAQ581C,,无等级,,63264.0
临海卫宁诊所有限公司杜桥普通诊所,91331082MA2MCDK84A,,无等级,,63714.0
临海厚朴堂诊所有限公司杜桥牌门路中西医结合诊所,91331082MAC80T0J0R,,无等级,,63708.0
临海可为口腔诊所有限公司杜桥下街路口腔诊所,91331082MACACLQKXK,,无等级,,63891.0
临海叶宏伟西医全科诊所,91331082MA28GW4K11,,无等级,,63924.0
临海叶永军口腔诊所,92331082MACRH5P33T,,无等级,,63813.0
临海名康诊所有限公司杜桥普通诊所,91331082MAECN9FB9R,,无等级,,63696.0
临海吕洁诊所有限公司杜桥杜下浦中西医结合诊所,91331082MA2KAU1K53,,无等级,,63957.0
临海吴仲权西医全科诊所,91331082MA28GDM869,,无等级,,63929.0
临海吴燕飞口腔诊所,92331082MA2DXL3E31,,无等级,,63866.0
临海周丽珍口腔诊所,92331082MA2G9C0G8L,,无等级,,63739.0
临海周善高西医全科诊所,92331082MA29Y37U2L,,无等级,,63825.0
临海周如英西医全科诊所,91331082MA2HHC3U6E,,无等级,,63816.0
临海周敏巧西医全科诊所,91331082090974940D,,无等级,,63941.0
临海周相元中医痔科诊所,91331082MA28GUTNXG,,无等级,,63843.0
临海周英英口腔诊所,91331082076233054G,,无等级,,63771.0
临海周迎口腔诊所,91331082MA2AL4UO66,,无等级,,63710.0
临海喜乐口腔诊所有限公司大洋东方大道口腔诊所,91331082MAE1WT3U1A,,无等级,,63730.0
临海嘉美娜医疗美容诊所有限公司杜桥嵩山路医疗美容诊所,91331082MAD0R1UK52,,无等级,,63806.0
临海夏美飞西医内科诊所,91331082MA2AM8E78E,,无等级,,63955.0
临海天康诊所有限公司大田上街西医妇科诊所,91331082MA2K7R3L1D,,无等级,,63801.0
临海奕康诊所有限责任公司古城台州府路普通诊所,91331082MA2MCCKT3J,,无等级,,63697.0
临海娄周仕口腔诊所,91331082MA28GWUU9L,,无等级,,63745.0
临海娄小岳口腔诊所,91331082MA28GUL6XX,,无等级,,63905.0
临海娄赛男西医全科诊所,91331082MA28GTYC9P,,无等级,,63939.0
临海孔胜敏西医全科诊所,91331082052829478U,,无等级,,63812.0
临海宋蕾口腔诊所,91331082MA2HHXND17,,无等级,,63901.0
临海小强口腔医疗有限公司杜桥独木堂口腔诊所,91331082MA2K7L7762,,无等级,,63886.0
临海小芝何路海口腔诊所,91331082MA29WP220C,,无等级,,63823.0
临海小芝尤爱芳西医全科诊所,92331082MA2DTLRG0F,,无等级,,63835.0
临海小芝杨永国西医全科诊所,92331082MA2DT46U5T,,无等级,,63737.0
临海小芳诊所有限公司杜桥滨海路普通诊所,91331082MAEL1EJ57L,,无等级,,63587.0
临海尤溪翁永贵口腔诊所,91331082MA28GWMX2Y,,无等级,,63928.0
临海尤溪黄猛飞口腔诊所,91331082MA28HA809J,,无等级,,63803.0
临海尹如顺口腔诊所,91331082MA28GUG686,,无等级,,63836.0
临海尹慧西医内科诊所,91331082MA28GU0E1X,,无等级,,63820.0
临海崔龙培口腔诊所,913310825540042578,,无等级,,63861.0
临海市上盘镇新城卫生院,12331082E969085166,未定级,未定级,无级别,63518.0
临海市中医院医疗卫生服务共同体,12331082472660170H,二级,二级,未定级,63320.0
临海市尤溪镇中心卫生院,123310824726610426,未定级,未定级,无级别,63418.0
临海市第一人民医院驻临海市看守所门诊部,12331082472660445Y,未定级,未定级,二级,63345.0
临海市第二人民医院医疗卫生服务共同体,1233108247266098XR,二级,二级,未定级,63324.0
临海康倍诊所有限公司括苍长安路西医内科诊所,91331082MAC9GCU323,,无等级,,63956.0
临海康嘉诊所有限公司杜桥沿河路普通诊所,91331082MAEP4LN00T,,无等级,,63381.0
临海康宁医院（有限公司）,91331082330012522C,,无等级,,63323.0
临海康雅口腔诊所有限责任公司桃渚富洋路口腔诊所,91331082MA2MCERN42,,无等级,,63354.0
临海弘泽中医诊所有限公司古城鹿城路中医（综合）诊所,91331082MAEDPFPW2Q,,无等级,,63700.0
临海张万勤西医全科诊所,91331082MA29Y06W4K,,无等级,,63917.0
临海张巨华西医全科诊所,92331082MA2MB3YH4Y,,无等级,,63912.0
临海张振林中医内科诊所,92331082MA2DWKYX8A,,无等级,,63795.0
临海张秀芳西医全科诊所,91331082MA28GUG093,,无等级,,63850.0
临海张见民口腔诊所,91331082MA2AL1KY2M,,无等级,,63885.0
临海徐玲娟普通诊所,91331082MA2DUAWX76,,无等级,,63355.0
临海御奇堂诊所有限公司大田方家弄西医全科诊所,91331082MADPN6JC4W,,无等级,,63756.0
临海御奇堂诊所有限公司皇后路中医综合诊所,91331082MACNE0NL4R,,无等级,,63768.0
临海心愿口腔诊所有限公司杜桥路商口腔诊所,91331082MAG17WE95T,,无等级,,63277.0
临海怀泽诊所有限公司白水洋黄沙大道普通诊所,91331082MAEBYJE688,,无等级,,63703.0
临海成英西医全科诊所,91331082MA28GU5T66,,无等级,,63780.0
临海括苍叶人喜西医内科诊所,92331082MA2AMHY61G,,无等级,,63954.0
临海新阳光口腔医疗有限公司杜桥汾东口腔诊所,91331082MA2HJXDR3E,,无等级,,63898.0
临海施大伟西医内科诊所,91331082MA28GW0457,,无等级,,63934.0
临海星汇医疗美容有限公司杜桥下朱路医疗美容诊所,91331082MA2DXY9B28,,无等级,,63827.0
临海星美会医疗美容有限公司靖江中路医疗美容诊所,91331082MAC6XTDF9P,,无等级,,63721.0
临海曹曦西医全科诊所,91331082MA28GW6W2Q,,无等级,,63786.0
临海朱昌国口腔诊所有限公司永丰聚贤府口腔诊所,91331082MACL88LE15,,无等级,,63300.0
临海朱琮琮口腔诊所,92331082MA2DYME900,,无等级,,63870.0
临海朱白西医内科诊所,91331082MA28GUBP1M,,无等级,,63809.0
临海朱贤平西医内科诊所,92331082MA2DWKFX72,,无等级,,63723.0
临海朱青健口腔诊所,92331082MA2AN47C9N,,无等级,,63944.0
临海朱鸣西医内科诊所,91331082MA28GUULX4,,无等级,,63727.0
临海李军普通诊所,92331082MAE4KY5XXA,,无等级,,63724.0
临海李桦口腔诊所,91331082MA28GUMY52,,无等级,,63807.0
临海李红红西医全科诊所,92331082MA2G98AMXN,,无等级,,63911.0
临海杜桥包业口腔诊所,92331082MA2DW6AL9L,,无等级,,63899.0
临海杜桥吴国才普通诊所,92331082MA2DW6X54H,,无等级,,63712.0
临海杜桥吴建敏西医全科诊所,92331082MA2DW6CR09,,无等级,,63953.0
临海杜桥应刚西医内科诊所,92331082MA2DW6K43L,,无等级,,63916.0
临海杜桥成雷鸣口腔诊所,92331082MA2DW6F09C,,无等级,,63938.0
临海杜桥曹美珍中医内科诊所,92331082MA2DW85F3Y,,无等级,,63896.0
临海杜桥朱海燕口腔诊所,92331082MA2DW65W7A,,无等级,,63925.0
临海杜桥李敬龙口腔诊所,92331082MA2DW7102E,,无等级,,63892.0
临海杜桥杨玲青普通诊所,92331082MAECNACR3Q,,无等级,,63705.0
临海杜桥林华锋西医全科诊所,92331082MA2DX9FR31,,无等级,,63894.0
临海杜桥林远军口腔诊所,92331082MA2DW6GW7Q,,无等级,,63766.0
临海杜桥潘立新中西医结合诊所,91331082MA28GUET30,,无等级,,63729.0
临海杜桥王东法口腔诊所,92331082MA2DW7JJ2H,,无等级,,63915.0
临海杜桥王慧民中医诊所,91331082761318996K,,无等级,,63958.0
临海杜桥董建口腔诊所,92331082MAD8P2FL7E,,无等级,,63776.0
临海杜桥蒋人贵西医儿科诊所,92331082MA2DW6ETXF,,无等级,,63831.0
临海杜桥郑新杰口腔诊所,92331082MA2KANNK66,,无等级,,63942.0
临海杜桥金喜荷中西医结合诊所,92331082MA2DWHF76R,,无等级,,63902.0
临海杜桥金巍西医全科诊所,92331082MA2AM0MN8Q,,无等级,,63798.0
临海杜桥金希军中医诊所,91331082MA2AM2HT0Y,,无等级,,63728.0
临海杜桥陈华欢口腔诊所,91331082MA28GUER7B,,无等级,,63906.0
临海杜桥陈朝江中医诊所,92331082MA2DW6XC1F,,无等级,,63625.0
临海杜桥陈科口腔诊所,92331082MA2DW6NMXP,,无等级,,63751.0
临海杜桥陈芜茗西医全科诊所,92331082MA2G9ENY7B,,无等级,,63897.0
临海杜桥项勇强西医全科诊所,92331082MA2DW6DL8J,,无等级,,63945.0
临海杜桥项爱利中医诊所,92331082MA2DW6951N,,无等级,,63887.0
临海杜桥项琴芳中西医结合诊所,92331082MA2DYU5R2Y,,无等级,,63893.0
临海杜桥项贤方口腔诊所,92331082MA2DW6G72K,,无等级,,63878.0
临海杜桥马锡辉西医全科诊所,92331082MA2AKRG391,,无等级,,63903.0
临海杜桥黄慧芳口腔诊所,92331082MA29YMJ56T,,无等级,,63758.0
临海杨烨银普通诊所,91331082MA28G5XP33,,无等级,,63715.0
临海桃渚丁灵志西医全科诊所,92331082MA2AP3530N,,无等级,,63733.0
临海桃渚何欣中医骨伤科诊所,92331082MA2AKY3D7F,,无等级,,63937.0
临海桃渚刘新鑫口腔诊所,92331082MA2G9EU54L,,无等级,,63618.0
临海桃渚李昌国中西医结合诊所,92331082MA2G9E7QX4,,无等级,,63933.0
临海桃渚杨亦礼西医全科诊所,92331082MADPU59C6C,,无等级,,63266.0
临海桃渚金崇土口腔诊所,92331082MA2DW76X4Y,,无等级,,63889.0
临海桃渚陈立军口腔诊所,92331082MA2DW7946C,,无等级,,63888.0
临海桃渚陈立挺口腔诊所,92331082MA2G4Q3B7D,,无等级,,63935.0
临海桃渚黄小勇西医全科诊所,92331082MA2G7XDKXX,,无等级,,63732.0
临海桃渚黄红亚口腔诊所,92331082MA28H7K740,,无等级,,63890.0
临海梁天卒口腔诊所,92331082MA2DW7F01T,,无等级,,63305.0
临海毕氏口腔诊所,92331082MA2AK8QT3Q,,无等级,,63586.0
临海毛瑾慧口腔诊所,92331082MA2DY9985B,,无等级,,63862.0
临海民康诊所有限公司白水洋溪西路西医全科诊所,91331082MAE6YFFN8U,,无等级,,63717.0
临海永丰何坚伟口腔诊所,91331082MA2DW7TT8W,,无等级,,63874.0
临海永丰吴敏霞中医诊所,92331082MA2ALQ2R9Q,,无等级,,63949.0
临海永丰章良满口腔诊所,91331082MA2DW7TU6P,,无等级,,63867.0
临海永丰陈公大西医内科诊所,92331082MA28H8K268,,无等级,,63909.0
临海汛桥谢安民中医内科诊所,91331082MA2DWEEW67,,无等级,,63810.0
临海汛桥黄法林口腔诊所,91331082MA2DWEQM06,,无等级,,63883.0
临海汤歆影口腔诊所,913310823255929999,,无等级,,63851.0
临海汤波口腔诊所,9133108233705862XB,,无等级,,63783.0
临海沈振武中医诊所,92331082MA2DW9BX1G,,无等级,,63711.0
临海河头周兆钟普通诊所,92331082MAEHT5XC83,,无等级,,63377.0
临海沿江冯伟英口腔诊所,91331082MA29XQU43L,,无等级,,63930.0
临海沿江殷志龙口腔诊所,92331082MA2DWUP75C,,无等级,,63923.0
临海沿江蒋功友西医全科诊所,92331082MA2AP75R83,,无等级,,63919.0
临海沿江金庚明口腔诊所,92331082MA2DW6XG4W,,无等级,,63936.0
临海洪昌利西医全科诊所,92331082MADLL7FT6D,,无等级,,63759.0
临海济生中医诊所有限公司大田奋进东街中医综合诊所,91331082MADRTW0D74,,无等级,,63713.0
临海涌泉冯仙利西医全科诊所,92331082MAC9E3984L,,无等级,,63952.0
临海涌泉冯英中医诊所,91331082MA28GW5A6W,,无等级,,63802.0
临海涌泉林永盛口腔诊所,92331082MA2DW6W15T,,无等级,,63792.0
临海涌泉林苹口腔诊所,92331082MA2AKMTDX5,,无等级,,63793.0
临海涌泉汪勇西医全科诊所,91331082MAE4WKFB00,,无等级,,63736.0
临海涌泉翁志舜西医全科诊所,92331082MACFRPFJ9M,,无等级,,63863.0
临海涌泉董方正西医全科诊所,92331082MA2DWUUMXU,,无等级,,63791.0
临海潘煜中医诊所,91331082MA28HXQM63,,无等级,,63818.0
临海潘龙口腔诊所,92331082MA2AL4LX9J,,无等级,,63833.0
临海熙妍医疗美容有限责任公司古城柏叶西路医疗美容诊所,91331082MABXUGAE2D,,无等级,,63675.0
临海牙牙乐口腔诊所有限公司杜桥西岸口腔诊所,91331082MABLJBBMXW,,无等级,,63910.0
临海王伟西医内科诊所,92331082MA2DYG6K32,,无等级,,63868.0
临海王克兴口腔诊所,91331082MA29XXYD1W,,无等级,,63908.0
临海王利娇西医全科诊所,92331082MA2AKCP94H,,无等级,,63914.0
临海王国官皮肤科诊所有限公司杜桥牌门路西医皮肤科诊所,91331082MACFL2731L,,无等级,,63460.0
临海王天宁西医内科诊所,92331082MA2DX2T45D,,无等级,,63800.0
临海王天虎中医诊所,91331082MA2AKHDY6U,,无等级,,63583.0
临海王娅君普通诊所,92331082MA7BX5LU29,,无等级,,63356.0
临海王慧国中医诊所,92331082MA2DW6YN85,,无等级,,63740.0
临海王芳口腔诊所,91331082MA28GUHB5P,,无等级,,63769.0
临海王见口腔诊所,92331082MA2AMP3FXT,,无等级,,63821.0
临海玲强诊所有限公司涌泉管岙普通诊所,91331082MAE8X03U4H,,无等级,,63695.0
临海瑞和诊所有限公司江南小溪普通诊所,91331082MAK0RTYM62,,无等级,,63269.0
临海璞奢里芙医疗美容有限公司东方大道医疗美容诊所,91331082MAD1FW457F,,无等级,,63773.0
临海白水洋徐继平口腔诊所,91331082MA2DW95K7R,,无等级,,63837.0
临海白水洋徐继新口腔诊所,91331082MA2DW8QJXH,,无等级,,63940.0
临海白水洋朱崇华口腔诊所,91331082MA2DW8HT4L,,无等级,,63931.0
临海白水洋沈国平口腔诊所,91331082MA2DW91J3M,,无等级,,63832.0
临海白水洋泮美其口腔诊所,91331082MA2DW94C5N,,无等级,,63932.0
临海白水洋王克俭口腔诊所,91331082MA2DT4714M,,无等级,,63841.0
临海白水洋王维中医诊所,92331082MA2DW8RK4P,,无等级,,63845.0
临海白水洋王维明口腔诊所,91331082MA2DW8LN05,,无等级,,63754.0
临海白水洋胡晶晶口腔诊所,92331082MA2DW8T89H,,无等级,,63846.0
临海白水洋蔡显宋中医诊所,92331082MA2DW93Y9W,,无等级,,63840.0
临海白水洋郑王佑中医诊所,92331082MA2ANXG82L,,无等级,,63808.0
临海白水洋颜安剑西医全科诊所,92331082MA2ALQ4L29,,无等级,,63829.0
临海皓康口腔诊所有限公司杜桥汇头口腔诊所,91331802MA2K7FQ11Q,,无等级,,63781.0
临海皓雅口腔诊所有限公司大洋迎霞路口腔诊所,91331082MABQBXRW4C,,无等级,,63842.0
临海益心堂诊所有限公司汛桥汛汇路中西医结合诊所,91331082MADNFFWX8U,,无等级,,63755.0
临海益澜堂诊所有限公司大洋云湖路中西医结合诊所,91331082MAEAMMLT2R,,无等级,,63682.0
临海益飞口腔医疗有限公司杜桥塘下口腔诊所,91331082MAC8WNHM1C,,无等级,,63782.0
临海秦燕口腔诊所,91331082MA28GULD71,,无等级,,63749.0
临海章小飞西医全科诊所,92331082MA2AKY7P0T,,无等级,,63881.0
临海童辉西医全科诊所,91331082MA28GTDU21,,无等级,,63796.0
临海胡平安口腔诊所,91331082MA28GWAT3G,,无等级,,63847.0
临海胡琴声西医全科诊所,91331082MA2DXQYH90,,无等级,,63296.0
临海艾美形铭晟诊所有限公司古城柏叶西路医疗美容诊所,91331082MAE2YLJAXB,,无等级,,63348.0
临海荷叶口腔诊所有限公司古城凯歌路口腔诊所,91331082MA2KBWFM17,,无等级,,63834.0
临海葛震中医诊所,91331082076224350L,,无等级,,63871.0
临海蒋未台医疗美容诊所,92331082MACYDRT415,,无等级,,63826.0
临海蒋瑜琳口腔诊所,92331082MA7COX561T,,无等级,,63860.0
临海蒋红萍口腔诊所,91331082MA29XBWN0M,,无等级,,63763.0
临海蒋颂瑶口腔诊所,92331082MA2DW3GD37,,无等级,,63828.0
临海蓓林诊所有限公司古城广文路西医全科诊所,91331082MADB6NLY80,,无等级,,63779.0
临海蓝鲸口腔医疗有限公司邵家渡东渡南路口腔诊所,91331082MADA3XDU4H,,无等级,,63775.0
临海蔡建斌西医内科诊所,91331082MA28GUAF3X,,无等级,,63817.0
临海蔡显亭西医全科诊所,92331082MA29WEKK2G,,无等级,,63770.0
临海袁元辉西医内科诊所,91331082MA2AL4WGXK,,无等级,,63913.0
临海许捷口腔诊所,91331082MA2DWF5BX1,,无等级,,63757.0
临海许继立口腔诊所,92331082MA2MA11H31,,无等级,,63748.0
临海谢灵英西医全科诊所,92331082MA2G7UY52X,,无等级,,63927.0
临海谢玲英西医内科诊所,91331082MA2AL73K67,,无等级,,63797.0
临海谷广佐西医内科诊所,92331082MA2AKW3D1E,,无等级,,63804.0
临海贝临诊所有限公司赤城路西医儿科诊所,91331082MA2HEXB61A,,无等级,,63746.0
临海贝倍康诊所有限公司江南汇丰北路西医内科诊所,91331082MADHYU6B1L,,无等级,,63764.0
临海贝格口腔诊所有限公司古城巾山东路口腔诊所,91331082MA2K7XG68B,,无等级,,63762.0
临海运医医疗健康科技有限公司大洋学浦路中医诊所,91331082MA2MA8EJ1B,,无等级,,63948.0
临海运医医疗健康科技有限公司大洋学浦路儿科诊所,91331082MAC4WYQX58,,无等级,,63950.0
临海迪贝雅诊所有限公司杜桥滨海路医疗美容诊所,91331082MADY6XPN1N,,无等级,,63720.0
临海逸品颜鉴医疗美容诊所有限公司柏叶中路医疗美容诊所,91331082MADXTQDA4Y,,无等级,,63722.0
临海郑从江中医综合诊所,92331082MA2G713W70,,无等级,,63799.0
临海郑鹰西医内科诊所,92331082MA2DY8NW8U,,无等级,,63789.0
临海金典敏西医全科诊所,91331082MA2AL5G186,,无等级,,63853.0
临海金学清口腔诊所,91331082MA28GUFQ5R,,无等级,,63849.0
临海金黎明中西医联合诊所,92331082MA2AL4YT98,,无等级,,63788.0
临海阳光口腔诊所,91331082313589899E,,无等级,,63830.0
临海陈利中西医联合诊所,92331082MA2AL2EP39,,无等级,,63805.0
临海陈学创口腔诊所,91331082MA28GUKG58,,无等级,,63943.0
临海陈志丽西医全科诊所,91331082MA2AM43508,,无等级,,63774.0
临海陈慷口腔诊所,92331082MA7BGBL516,,无等级,,63777.0
临海陈松西医内科诊所,91331082MA2AM8N83D,,无等级,,63814.0
临海陈英俊口腔诊所,92331082MA28H2HY22,,无等级,,63386.0
临海陈辉口腔诊所,91331082MACFXN6E86,,无等级,,63947.0
临海陈道春口腔诊所,92331082MA28H3HX7P,,无等级,,63271.0
临海青诚口腔诊所有限公司伟城路口腔诊所,91331082MA7CCNKG7L,,无等级,,63882.0
临海青诚口腔诊所有限公司白水洋黄沙大道口腔诊所,91331082MACGQ4BL8J,,无等级,,63744.0
临海项传宗诊所有限公司桃渚虎山路西医全科诊所,91331082MA2DYDHF4W,,无等级,,63743.0
临海高峰西医全科诊所,92331082MA2DW62H5P,,无等级,,63738.0
临海高歌诊所有限公司古城塘头路中西医结合诊所,91331082MA2HEHWN0H,,无等级,,63298.0
临海高洪魁口腔诊所,91331082MA28GTYD7J,,无等级,,63765.0
临海高见普通诊所,91331082MA2AL5TJ8G,,无等级,,63357.0
临海高金芳西医妇科诊所,92331082MA2AL29312,,无等级,,63922.0
临海魏双玲中医诊所,91331082MA28GW5Y25,,无等级,,63848.0
临海鸣泰口腔诊所,91331082MA28GUL516,,无等级,,63858.0
临海黄伟口腔诊所,92331082MA2ALE7585,,无等级,,63815.0
临海黄敏西医全科诊所,91331082MA2ALY613J,,无等级,,63787.0
临海黄维杰西医全科诊所,92331082MA2AKGM53U,,无等级,,63918.0
临海龚宝凤西医全科诊所,92331082MA29XWP72P,,无等级,,63900.0
丽丽口腔诊所,92330602MA2BG579XK,,无等级,,54351.0
丽水万顺诊所,92331102MA2A0UET8Y,,无等级,,67763.0
丽水东升口腔诊所,92331102MA2FXD9T4E,,无等级,,67795.0
丽水为民诊所,91331102074020549M,,无等级,,67810.0
丽水为芳诊所,92331102MA2FWU2E84,,无等级,,67799.0
丽水丽华口腔诊所,92331102MA2FXF6M3K,,无等级,,67738.0
丽水丽辰医疗美容诊所,91331102MACEKBC236,,无等级,,67750.0
丽水亮晶晶萌鹰眼科诊所,91331102MADJXM0F0C,,无等级,,67459.0
丽水亿康诊所,91331102MAE2Q1BJ40,,无等级,,67576.0
丽水仁广堂诊所,91331100MABUDXN60U,,无等级,,67464.0
丽水何氏诊所,92331102MA2A05G48L,,无等级,,67814.0
丽水佳杰口腔诊所,92331100MA2E1QLW59,,无等级,,67785.0
丽水健易成诊所有限公司,91331100MA7HHHQY8E,,无等级,,67801.0
丽水傅氏中医综合诊所,91331102L22629435F,,无等级,,67689.0
丽水利星诊所,91331100MADHJLRT6C,,无等级,,67655.0
丽水博仁诊所,91331102MADBJWMCXM,,无等级,,67571.0
丽水博伟诊所,91331100MAD6PT546R,,无等级,,67686.0
丽水史国平口腔诊所,TE3311023300489680,,无等级,,67802.0
丽水叶孟军诊所,92331102MA2FXAYF08,,无等级,,67798.0
丽水叶小伟诊所,913311026702597916,,无等级,,67756.0
丽水叶莉诊所,92331102ma2a02d83j,,无等级,,67773.0
丽水名禾心雅口腔诊所,91331100MABX9WHCXE,,无等级,,67788.0
丽水夏氏中西医诊所,92331102MA2A06CA4Y,,无等级,,67754.0
丽水大前进诊所,92331102MA2A09FA1C,,无等级,,67490.0
丽水奕宸口腔诊所,92331100MA2E1YBD8B,,无等级,,67687.0
丽水娜美医疗美容诊所有限公司,91331102MA2A0E841M,,无等级,,67806.0
丽水宇康诊所,91331100MAEFEUNR1F,,无等级,,67630.0
丽水家家医疗美容诊所有限公司,91331102MA2A15U0XT,,无等级,,67809.0
丽水宽仁诊所,91331102MA2E2FHQ6X,,无等级,,67557.0
丽水小榕丽医疗美容诊所,91331102MA2HL5K28K,,无等级,,67444.0
丽水小草诊所,91331102MADQ77PN92,,无等级,,67685.0
丽水市人民医院老干部活动中心医务室,12332500472310648J,未定级,未定级,三级,67413.0
丽水市直机关干部保健医务室,12332500472260169F,未定级,未定级,三级,67609.0
丽水市第二人民医院城西院区,12332500472260070Y,一级,一级,三级,67701.0
丽水市莫娜医疗美容有限公司,91331124MAE47WFJ21,,无等级,,68496.0
丽水市隆耀医药连锁有限公司医务室,913311810583349513,未定级,未定级,,67824.0
丽水康哈诊所,91331102MAE0XP5A46,,无等级,,67574.0
丽水康诚诊所,92331102MA28JLFD02,,无等级,,67762.0
丽水康齿口腔诊所,91331102MADUT3BW6Q,,无等级,,67435.0
丽水德康诊所,523311026639380328,,无等级,,67775.0
丽水德金诊所,91331100MAEDG65344,,无等级,,67636.0
丽水心诚口腔诊所,91331102MADEPH5835,,无等级,,67731.0
丽水悦芽口腔诊所,91331102MADMU5KC33,,无等级,,67681.0
丽水慕西医疗美容诊所,91331102MABPQL7L5B,,无等级,,67625.0
丽水捷德口腔诊所有限公司,91331127MAD3W88J6A,,无等级,,67317.0
丽水文华诊所,91331102MA2A19YKXC,,无等级,,67616.0
丽水新侨口腔诊所（普通合伙）,913311026683049955,,无等级,,67803.0
丽水明德诊所,91331100MA2HKHCB87,,无等级,,67638.0
丽水明心医疗美容诊所,91331102MADBXJY41N,,无等级,,67730.0
丽水星灵医疗美容诊所,91331102MA2A18M155,,无等级,,67529.0
丽水李风口腔诊所,92331102MA2G0GGN99,,无等级,,67776.0
丽水杨华锋口腔诊所,92331102MA2A12XT87,,无等级,,67770.0
丽水格嘉医疗美容诊所,91331102MA7E5UYR9Y,,无等级,,67461.0
丽水樊承红医疗美容诊所,91331102MA7F37RR1C,,无等级,,67732.0
丽水民康诊所,92331102MA28JJN690,,无等级,,67667.0
丽水民德诊所,91331100MAD7UGB8XG,,无等级,,67711.0
丽水民顺诊所,913311023073454921,,无等级,,67751.0
丽水汉泰诊所,91331100MACK1C224C,,无等级,,67694.0
丽水江为性诊所,92331102MA2A0HN7XH,,无等级,,67734.0
丽水汤丽红口腔诊所,92331102MA28JYY19Y,,无等级,,67741.0
丽水汤厚君口腔诊所,91331102MA2A161WXB,,无等级,,67812.0
丽水洪霞诊所,92331102MA2FWT0Q03,,无等级,,67771.0
丽水源正诊所,91331102MABLTT038E,,无等级,,67704.0
丽水潘勇口腔诊所,91331102MA2A1KTH3B,,无等级,,67807.0
丽水熊氏诊所,92331100MA2E0E8Q51,,无等级,,67787.0
丽水熙美医疗美容诊所,91331102MA7CR0M40W,,无等级,,67706.0
丽水爱民诊所,92331100MA2A068E16,,无等级,,67792.0
丽水爱珍诊所,92331102MA2A06TY9J,,无等级,,67761.0
丽水牙亿口腔诊所,91331100MA7GLMC13E,,无等级,,67739.0
丽水王东口腔诊所,92331102MA2G0J9M4F,,无等级,,67744.0
丽水王栋诊所,92331102MA2A0TX5X8,,无等级,,67772.0
丽水王氏诊所,91331102081671796R,,无等级,,67764.0
丽水瑞妍医疗美容诊所有限公司,91331126MACNHCD67H,,无等级,,68431.0
丽水留军诊所,91331100MACBFH4G3Y,,无等级,,67507.0
丽水留旭民诊所,91331100MADH6A8A9F,,无等级,,67684.0
丽水留氏诊所,91331100MADMTQD101,,无等级,,67503.0
丽水留静诊所,91331100MADJA62W32,,无等级,,67695.0
丽水百姓诊所,91331102747739364K,,无等级,,67789.0
丽水盛康中西医结合诊所,91331100MAC3EA2M89,,无等级,,67629.0
丽水盛柿医疗美容诊所,91331102MAE3QNNX6A,,无等级,,67662.0
丽水神农堂诊所,91331102307362823D,,无等级,,67691.0
丽水秀山中西医结合诊所,92331100MA2A0BFU0C,,无等级,,67757.0
丽水美宝莱医疗美容有限公司美宝莱医疗美容诊所,91331123MA2HLM3W1Y,,无等级,,68711.0
丽水美莲辰医疗美容诊所,91331102MA7B28YC73,,无等级,,67530.0
丽水舒聪香诊所,92331102MA2A079L8U,,无等级,,67682.0
丽水若水口腔诊所,91331102MACYMDM05L,,无等级,,67693.0
丽水草本堂诊所,91331102MAE32NXF1R,,无等级,,67663.0
丽水莎恩医疗美容诊所,91331102MACAA8B71R,,无等级,,67677.0
丽水莲都一康诊所,92331102MA2E1X8W1R,,无等级,,67768.0
丽水莲都一心口腔诊所,92331102MA2E02885N,,无等级,,67791.0
丽水莲都万星诊所,92331100MAG12APR5Y,,无等级,,67443.0
丽水莲都严振茂诊所,92331102MA2E0CYA4T,,无等级,,67631.0
丽水莲都丽嘉口腔诊所,91331102MA2E1WY7XK,,无等级,,67504.0
丽水莲都丽牙口腔诊所,92331102MA28JDDK3K,,无等级,,67427.0
丽水莲都丽齿口腔诊所,92331102MA7M0TNPXE,,无等级,,67759.0
丽水莲都伟胜中医综合诊所,92331100MA28JGAC7G,,无等级,,67736.0
丽水莲都佳仁口腔诊所,92331102MA2A05LX72,,无等级,,67813.0
丽水莲都佳林口腔诊所,92331102MA2HKTN27E,,无等级,,67779.0
丽水莲都刘国荣诊所,92331102MA2FX7CP41,,无等级,,67559.0
丽水莲都刘有良诊所,92331102MA2FWEAU6T,,无等级,,67558.0
丽水莲都初心诊所,92331102MA7BB64M1A,,无等级,,67463.0
丽水莲都博恩口腔诊所,92331102MA2A17AK1J,,无等级,,67778.0
丽水莲都博雅口腔诊所,92331102MABW8DPR5N,,无等级,,67635.0
丽水莲都占氏口腔诊所,92331102MA28JDQE79,,无等级,,67698.0
丽水莲都叶又园口腔诊所,92331102MA2E0LMG1E,,无等级,,67735.0
丽水莲都叶小明口腔诊所,92331102MACW47NL7X,,无等级,,67572.0
丽水莲都叶良君口腔诊所,92331102MA2FYJ0793,,无等级,,67563.0
丽水莲都叶金火口腔诊所,92331102MA2FW7JY7U,,无等级,,67566.0
丽水莲都吉禾口腔诊所,92331102MACNT2RW7X,,无等级,,67505.0
丽水莲都君丽诊所,92331100MA2E2FCE67,,无等级,,67634.0
丽水莲都君明口腔诊所,92331102MABWCCFG08,,无等级,,67794.0
丽水莲都听风诊所,91331102MA2HKN024E,,无等级,,67615.0
丽水莲都吴维口腔诊所,92331102MA2A1J1977,,无等级,,67784.0
丽水莲都周成口腔诊所,92331102MA2G0GNG6U,,无等级,,67673.0
丽水莲都和一诊所,91331102MA2E00AQXH,,无等级,,67569.0
丽水莲都固德口腔诊所,91331102MA28J7JR2T,,无等级,,67765.0
丽水莲都宣丽医疗美容诊所,91331102MAET47BC8L,,无等级,,67421.0
丽水莲都富氏口腔诊所,92331102MA2A1MLX9K,,无等级,,67697.0
丽水莲都康丽中西医结合诊所,92331102MA2FYT8T7P,,无等级,,67805.0
丽水莲都廖益华诊所,92331100MAD603JEXR,,无等级,,67755.0
丽水莲都张松平口腔诊所,92331102MA2A036F9U,,无等级,,67752.0
丽水莲都徐氏诊所,92331100MADEH02W06,,无等级,,67707.0
丽水莲都微笑口腔诊所,92331102MA2A03UWOL,,无等级,,67745.0
丽水莲都德康诊所,92331102MAD586TD6W,,无等级,,67753.0
丽水莲都恒佳口腔诊所,92331102MA2A0AGL0G,,无等级,,67692.0
丽水莲都新新口腔诊所,92331102MA2E0X8391,,无等级,,67797.0
丽水莲都新贝口腔诊所,92331102MA2E11YB8G,,无等级,,67696.0
丽水莲都旭勇口腔诊所,92331102MA2FYFEC8Y,,无等级,,67767.0
丽水莲都李品友口腔诊所,92331102MA28JAWTXT,,无等级,,67562.0
丽水莲都李德勇口腔诊所,92331102MA2A0KL67E,,无等级,,67567.0
丽水莲都李栽奎诊所,92331102MADEJGUM18,,无等级,,67733.0
丽水莲都杨智强诊所,92331102MA28JQT07M,,无等级,,67774.0
丽水莲都林官和诊所,91331102MACAA6754U,,无等级,,67564.0
丽水莲都柒七口腔诊所,92331102MADMMRT25M,,无等级,,67680.0
丽水莲都永文诊所,92331102MA2A074UXP,,无等级,,67747.0
丽水莲都永逵诊所,92331102MA2FWC9T6M,,无等级,,67561.0
丽水莲都洁洁口腔诊所,92331102MA2HLM0943,,无等级,,67570.0
丽水莲都玉华口腔诊所,92331102MA2A0PQ976,,无等级,,67793.0
丽水莲都玲英诊所,92331102MA7KP7KT83,,无等级,,67780.0
丽水莲都百慧口腔诊所,92331102MA2E2RQ62U,,无等级,,67790.0
丽水莲都百顺诊所,92331102MA2A091HXT,,无等级,,67781.0
丽水莲都秀红诊所,92331102MADANEF68G,,无等级,,67740.0
丽水莲都精杰口腔诊所,92331100MABU50BR2L,,无等级,,67815.0
丽水莲都缘卉中医综合诊所,92331102MADPBC1G3R,,无等级,,67674.0
丽水莲都翁志华诊所,92331102MACXP5KT3X,,无等级,,67560.0
丽水莲都艺佳口腔诊所,92331102MA2E039413,,无等级,,67742.0
丽水莲都艾雅口腔诊所,92331102MA2E1XWX2F,,无等级,,67760.0
丽水莲都芪星诊所,92331100MA2E4DKH76,,无等级,,67450.0
丽水莲都苏士文口腔诊所,92331102MA28JHC55J,,无等级,,67749.0
丽水莲都蓝兰口腔诊所,92331102MA2A1D211X,,无等级,,67811.0
丽水莲都蔡利生诊所,92331102MA2A1TUH4K,,无等级,,67808.0
丽水莲都贝佳口腔诊所,92331102MAE0QRLM12,,无等级,,67577.0
丽水莲都贝齿口腔诊所,92331102MA2E0EEX0M,,无等级,,67743.0
丽水莲都进喜口腔诊所,91331102MAELGNEN9W,,无等级,,67414.0
丽水莲都邱军强口腔诊所,92331102MACR0WDW5X,,无等级,,67683.0
丽水莲都金丰口腔诊所,92331102MA2E31F40T,,无等级,,67746.0
丽水莲都金方口腔诊所,92331102MA2A0D9L4T,,无等级,,67679.0
丽水莲都金泽丽枝诊所,92331102MA2E162C6G,,无等级,,67766.0
丽水莲都锦福诊所,92331102MADG59U161,,无等级,,67705.0
丽水莲都雄志诊所,91331102MACTT3XM1F,,无等级,,67568.0
丽水莲都雄星诊所,91331102MADNWUJGXB,,无等级,,67573.0
丽水莲都魏叶建口腔诊所,92331102MA2E0B732K,,无等级,,67565.0
丽水莲都魏芳俊口腔诊所,92331102MACB7E443Q,,无等级,,67782.0
丽水莲都鸿康诊所,92331102MA2A1TBC2D,,无等级,,67575.0
丽水莲都黄梅芬口腔诊所,92331102MA2G0UJ758,,无等级,,67432.0
丽水蓝余兴诊所,91331100MAD8MUHP22,,无等级,,67737.0
丽水蓝天口腔诊所,92331100MA2FWPDW1H,,无等级,,67710.0
丽水诚济诊所,91331100MA2E0LF227,,无等级,,67777.0
丽水诚诺口腔诊所,91331102MAEWXRMG64,,无等级,,67422.0
丽水轻素医疗美容诊所,91331102MACPF5H05K,,无等级,,67661.0
丽水辰姿医疗美容诊所有限公司,91331102MA2A1AH35Y,,无等级,,67800.0
丽水陈俐巧诊所,92331102MA2FY8CU31,,无等级,,67748.0
丽水陈威东诊所,92331102MA2FXR7W4U,,无等级,,67769.0
丽水陈康诊所,91331100MACYTX5W1P,,无等级,,67783.0
丽水陈氏诊所,91331102MADXDNTE30,,无等级,,67671.0
丽水陈石秀诊所,92331102MA28JQAE0K,,无等级,,67796.0
丽水颜星简艾医疗美容诊所,91331102MAD8HP6L97,,无等级,,67676.0
丽水饶少华诊所,91331102MA28J81Y89,,无等级,,67758.0
丽水鸿汇便民诊所,91331102MADL9TTK65,,无等级,,67699.0
丽水麻氏诊所,92331102MA2A01QJ34,,无等级,,67786.0
义乌丁修鹏西医诊所,92330782MA2ECM1A7U,,无等级,,60099.0
义乌丁周文中医诊所,TE3307823300230680,,无等级,,59893.0
义乌丁志锋口腔诊所,92330782MA2A61H89H,,无等级,,60041.0
义乌丁社教诊所,92330782MAD855500D,,无等级,,59693.0
义乌七圣康西医诊所,91330782MA2EE24193,,无等级,,60125.0
义乌万文格西医诊所,TE3307823300208530,,无等级,,60001.0
义乌万茂诊所,91330782MAEGPU4E5X,,无等级,,59261.0
义乌三溪堂医疗管理有限公司廿三里诊所,91330782MA2M82XU53,,无等级,,59180.0
义乌三溪堂医疗管理有限公司朝阳门诊所,91330782MAK1E1CE4Y,,无等级,,59039.0
义乌专健医疗管理有限公司平湖路诊所,91330782MA2M1Q6993,,无等级,,59888.0
义乌世安诊所,91330782MAE1L3BKXR,,无等级,,59175.0
义乌中义医疗管理有限公司江干诊所,91330782MAC99UCN2F,,无等级,,60109.0
义乌中安医疗管理有限公司苏溪诊所,91330782MADPCWRP23,,无等级,,59624.0
义乌中益医疗管理有限公司吴店西医诊所,91330782MADDUK2U9K,,无等级,,59631.0
义乌中益医疗管理有限公司苏溪中西医诊所,91330782MADRDJPH6J,,无等级,,59041.0
义乌丰源医疗管理有限公司四季诊所,91330782MAD7QNA99D,,无等级,,59470.0
义乌丹会西医诊所,91330782MA2ED42K18,,无等级,,59679.0
义乌为东医疗管理有限公司大陈诊所,91330782MACAY0WB7G,,无等级,,60128.0
义乌为民西医诊所,TE3307823300532380,,无等级,,60007.0
义乌为美医疗管理有限公司龙海家园口腔诊所,91330782MAE1K3UW3M,,无等级,,59271.0
义乌丽康医疗管理有限公司溪干诊所,91330782MACUPJXB4L,,无等级,,59781.0
义乌丽康医疗管理有限公司象山诊所,91330782MACYJUMY3R,,无等级,,59714.0
义乌丽莱医疗管理有限公司望道路医疗美容诊所,91330782MA2M56LH7H,,无等级,,59623.0
义乌丽莲西医诊所,91330782MACDXN6F4D,,无等级,,59018.0
义乌久兵医疗管理有限公司东河诊所,91330782MADP5137X0,,无等级,,59617.0
义乌久府诊所,91330782MAEC9XNW0T,,无等级,,59316.0
义乌义人医疗管理有限公司佛堂口腔诊所,91330782MA2M4Y427W,,无等级,,60009.0
义乌义众医疗管理有限公司杨村口腔诊所,91330782MA8GA09831,,无等级,,59733.0
义乌义博口腔诊所,91330782MA2ED83R6G,,无等级,,59237.0
义乌义林诊所,91330782MA2EE5Q767,,无等级,,59899.0
义乌乐和医疗管理有限公司吴宅诊所,91330782MA2M16M45L,,无等级,,60038.0
义乌乐瓷医疗管理有限公司季宅口腔诊所,91330782MA7BRXJ409,,无等级,,59606.0
义乌乐齿医疗管理有限公司荷叶塘口腔诊所,91330782MAD2L5HE31,,无等级,,59049.0
义乌九和榕树家医疗管理有限公司通惠门中医诊所,91330782MACUKQEOXM,,无等级,,59308.0
义乌九高医疗管理有限公司稠江全科诊所,91330782MACRRH3N4F,,无等级,,59771.0
义乌云一馆医疗管理有限公司上溪中西医结合诊所,91330782MABMU3CH47,,无等级,,59344.0
义乌云枫医疗管理有限公司王阡诊所,91330782MADD0P3U5Q,,无等级,,59718.0
义乌云艺医疗管理有限公司山口口腔诊所,91330782MADN286F5P,,无等级,,59476.0
义乌云起西医诊所,91330782MAELQMQQ14,,无等级,,59029.0
义乌云轩医疗管理有限公司杨村中西医诊所,91330782MAEEKAHBX0,,无等级,,59276.0
义乌亦植健康管理有限公司佛堂口腔诊所,91330782MAE6BA267Y,,无等级,,59258.0
义乌亮杰医疗管理有限公司青口口腔诊所,91330782MADF23RC34,,无等级,,59657.0
义乌亿健诊所,91330782MAEPFD5M4N,,无等级,,59181.0
义乌亿华西医诊所,91330782MACFYBXJ9W,,无等级,,59264.0
义乌亿源诊所,91330782MADPRPEM8M,,无等级,,59618.0
义乌亿科刘延增中西医诊所,91330782MA2ED7A230,,无等级,,60005.0
义乌仁信医疗管理有限公司山口村诊所,91330782MADGQ2WKXJ,,无等级,,59285.0
义乌仁健西医诊所,92330782MA2ECCJTX0,,无等级,,59900.0
义乌仁博医疗管理有限公司稠城全科诊所,91330782MADGE9GD40,,无等级,,59604.0
义乌仁安诊所,91330782MACG9RTHX1,,无等级,,60083.0
义乌仁心医疗管理有限公司稠江诊所,91330782MABNWWL89R,,无等级,,59236.0
义乌仁昕诊所,91330782MAETGF1890,,无等级,,59126.0
义乌仁汇医疗管理有限公司东陶村诊所,91330782MAE4DL0UX0,,无等级,,59301.0
义乌仁舟诊所,91330782MADY59C77T,,无等级,,59576.0
义乌仁轩医疗管理有限公司龙海家园诊所,91330782MAETMXUC8G,,无等级,,59077.0
义乌仁通康复医学科诊所,TE3307823300426500,,无等级,,59895.0
义乌今康医疗管理有限公司楂林诊所,91330782MADWGUN726,,无等级,,59599.0
义乌任婷口腔诊所,92330782MA2A4U1MXE,,无等级,,59822.0
义乌任根花西医诊所,92330782MA2DEUR61M,,无等级,,60106.0
义乌伊晴诊所,91330782MAC9NJ186J,,无等级,,59677.0
义乌伍亭诊所,91330782MA2HR07169,,无等级,,59955.0
义乌伍联西医诊所,91330782MA2EDB0E93,,无等级,,59767.0
义乌众佳医疗管理有限公司北苑口腔诊所,91330782MAEP0RDCXT,,无等级,,59074.0
义乌众松医疗管理有限公司永泰路中西医结合诊所,91330782MACYALYD4X,,无等级,,59173.0
义乌众松医疗管理有限公司秦塘府诊所,91330782MADJLQKC9F,,无等级,,59666.0
义乌众松医疗管理有限公司西陈中西医结合诊所,91330782MADFETQB5N,,无等级,,59020.0
义乌众牙健康管理有限公司稠江口腔诊所,91330782MAK070RE85,,无等级,,59069.0
义乌众贝医疗管理有限公司江东口腔诊所,91330782MA2JWK5767,,无等级,,59189.0
义乌众高西医诊所,91330782MAC1BDU22M,,无等级,,59028.0
义乌众鸿医疗管理有限公司金康诊所,91330782MAG1REPT9R,,无等级,,59081.0
义乌会康医疗管理有限公司沈宅诊所,91330782MAE020YN84,,无等级,,59585.0
义乌何建成西医诊所,92330782MA2ECTPM78,,无等级,,60064.0
义乌何春芳西医诊所,92330782NA2A5G6X9D,,无等级,,59321.0
义乌余今强中医诊所,TE3307823300390920,,无等级,,60124.0
义乌余志诊所,92330782MAE5PPB954,,无等级,,59408.0
义乌余悦海西医诊所,92330782MA28PJ778X,,无等级,,60091.0
义乌余江峰口腔诊所,TE3307823300216200,,无等级,,59993.0
义乌佳颖诊所,91330782MA2EDHPBXU,,无等级,,60042.0
义乌俞笑媚口腔诊所,92330782MADXHCW18F,,无等级,,59369.0
义乌信民医疗管理有限公司楼店诊所,91330782MACA6A5778,,无等级,,60132.0
义乌修颜诗医疗管理有限公司城北路医疗美容诊所,91330782MA2M0G6E7G,,无等级,,59703.0
义乌候存才医疗管理有限公司童店诊所,91330782MACA6A3A96,,无等级,,59698.0
义乌健安中西医诊所,91330782MAD4UD2D2W,,无等级,,59743.0
义乌健宏医疗管理有限公司端头诊所,91330782MADK7AK793,,无等级,,59566.0
义乌健生诊所,91330782MA7KFWLK4G,,无等级,,60047.0
义乌健福医疗管理有限公司下骆宅中西医诊所,91330782MADEB84P5M,,无等级,,59543.0
义乌傅人台诊所,92330782MA28EXF0XY,,无等级,,60012.0
义乌傅国忠医疗管理有限公司诚信诊所,91330782MA2M52J63H,,无等级,,59948.0
义乌傅晓军口腔诊所,92330782MA2ECC9762,,无等级,,59738.0
义乌傅晓阳西医诊所,92330782MA2A870TXC,,无等级,,60068.0
义乌傅歆雨诊所,91330782MADWTY8U7X,,无等级,,59581.0
义乌傅素莲诊所,TE3307823300230270,,无等级,,60103.0
义乌儒亿医疗管理有限公司田心诊所,91330782MAEP2H7FXH,,无等级,,59191.0
义乌元一爱微滴医疗管理有限公司城北诊所,91330782MAERADBH69,,无等级,,59111.0
义乌元妆医疗管理有限公司稠城医疗美容诊所,91330782MABRMUGEXH,,无等级,,60144.0
义乌元本中西医结合诊所,91330782MA2HRGQA4G,,无等级,,59734.0
义乌元生中医诊所,TE3307823300466520,,无等级,,59969.0
义乌光铭诊所,91330782MAK0434RXQ,,无等级,,59054.0
义乌六实元诊所,TE3307823300536620,,无等级,,60131.0
义乌兰桥医疗管理有限公司北苑中西医诊所,92330782MA7D23F06T,,无等级,,59318.0
义乌兴敏中西医结合诊所,91330782MA2HTRR182,,无等级,,59477.0
义乌兴港口腔诊所,91330782MADHXYJK3W,,无等级,,59492.0
义乌其兴西医诊所,91330782MA2EBC9Y1M,,无等级,,60070.0
义乌典典医疗管理有限公司稠江口腔诊所,91330782MAEHJA746Q,,无等级,,59149.0
义乌冯忠群中医诊所,TE3307823300215660,,无等级,,59957.0
义乌冯益群中医诊所,TE3307823300215840,,无等级,,59965.0
义乌凤梅医疗管理有限公司后宅诊所,91330782MACD9MX18U,,无等级,,60087.0
义乌凯凯口腔诊所,91330782MA2EE60R7U,,无等级,,59774.0
义乌刘宏东诊所,TE3307823300227230,,无等级,,60036.0
义乌刘左华诊所,92330782MADDE7N8X1,,无等级,,59702.0
义乌刘氏中医诊所,92330782MA2M28C693,,无等级,,60023.0
义乌刘民诊所,91330782MAEXKRFK4J,,无等级,,59057.0
义乌刘筱坪诊所,92330782MACFKGXEXM,,无等级,,60086.0
义乌利平西医诊所,92330782MA2EC1JM2P,,无等级,,59928.0
义乌前案医疗管理有限公司前案村诊所,91330782MA8GA2LC8H,,无等级,,59720.0
义乌剡溪诊所,91330782MAEBN54E1X,,无等级,,59224.0
义乌力康诊所,91330782MACFLNJ192,,无等级,,59586.0
义乌功民医疗管理有限公司万村中西医结合诊所,91330782MA2M0B7H4U,,无等级,,60002.0
义乌勇康诊所,91330782MA2HR52U5Q,,无等级,,59306.0
义乌千媛医疗管理有限公司稠江医疗美容诊所,91330782MA2M0XJYX7,,无等级,,59904.0
义乌华源诊所,91330782MAC9BQQM3F,,无等级,,60133.0
义乌华溪中医诊所,91330782MA2DFBAK15,,无等级,,59728.0
义乌华熙口腔诊所,91330782MA2HQ0CA67,,无等级,,59750.0
义乌华阳医疗管理有限公司苏新街诊所,91330782MAD2M3MQ3B,,无等级,,59060.0
义乌华黛医疗管理有限公司世贸中心医疗美容诊所,91330782MA2M6E0R2A,,无等级,,59164.0
义乌卓元医疗管理有限公司苏华街诊所,TE3307823300198330,,无等级,,59319.0
义乌卓彦医疗美容诊所,91330782MA2HWU4R9L,,无等级,,59840.0
义乌卓英诊所,92330782MAEDTCE39P,,无等级,,59317.0
义乌单海医疗管理有限公司稠江诊所,91330782MAC7QJHR8F,,无等级,,59347.0
义乌博兰医疗管理有限公司下湾西医诊所,91330782MA2JYERG47,,无等级,,59943.0
义乌博兰医疗管理有限公司石柱下诊所,91330782MACD7CNX8G,,无等级,,60105.0
义乌博源医疗管理有限公司青口西医诊所,91330782MAC7JGG8XC,,无等级,,60118.0
义乌卫康诊所,91330782MADLJKD359,,无等级,,59351.0
义乌厉霞医疗管理有限公司政允口腔诊所,91330782MA2M016G2N,,无等级,,59921.0
义乌叆尚医疗管理有限公司稠城医疗美容诊所,91330782MAD5MRLU8Y,,无等级,,59739.0
义乌古和医疗管理有限公司北苑四季中医诊所,91330782MA7E320A66,,无等级,,59493.0
义乌可心诊所,91330782MA2HR4F34F,,无等级,,60065.0
义乌可薇医疗管理有限公司镇前街医疗美容诊所,91330782MACURHF21T,,无等级,,59025.0
义乌可豪医疗管理有限公司双峰路诊所,91330782MA2M6HB263,,无等级,,59896.0
义乌史广文诊所,92330782MAD3U8FL6G,,无等级,,59705.0
义乌叶小红口腔诊所,92330782MA2HQGJH1h,,无等级,,60089.0
义乌叶旭玲诊所,92330782MA2A9BN72N,,无等级,,59897.0
义乌叶永青口腔诊所,92330782MA2DFUC88B,,无等级,,59843.0
义乌叶谦林口腔诊所,TE3307823300207220,,无等级,,60024.0
义乌合意医疗管理有限公司上溪馨苑口腔诊所,91330782MA2M5LYD8E,,无等级,,59903.0
义乌吉芃健康管理有限公司北苑口腔诊所,91330782MAK1K98415,,无等级,,59015.0
义乌吉遂诊所,91330782MA2JXK5207,,无等级,,59193.0
义乌吉龙诊所,91330782MA8G9Y8GX5,,无等级,,59199.0
义乌同元医疗管理有限公司官清畈诊所,91330782MAEGUE5Q3Q,,无等级,,59280.0
义乌名扬医疗管理有限公司莲塘口腔诊所,91330782MA2M33WC7L,,无等级,,59915.0
义乌名飞医疗管理有限公司大元诊所,91330782MAE8D3AG3C,,无等级,,59304.0
义乌后德医疗管理有限公司遗安诊所,91330782MADHUYWKXN,,无等级,,59661.0
义乌向前诊所,TE3307823300203530,,无等级,,60010.0
义乌向古中医诊所,92330782MA28Q40T8C,,无等级,,59040.0
义乌向开金中医诊所,92330782MA2K1DR95T,,无等级,,59970.0
义乌向斌医疗管理有限公司楼山塘诊所,91330782MA8GU9LG9Y,,无等级,,59196.0
义乌向明医疗管理有限公司佛堂宝龙口腔诊所,91330782MA2K1YPX65,,无等级,,59937.0
义乌君华医疗管理有限公司通惠门诊所,91330782MA8GCX8G3L,,无等级,,59713.0
义乌君安诊所,91330782MADNLPALXM,,无等级,,59638.0
义乌君庭医疗管理有限公司廿三里口腔诊所,91330782MA2JYDNW7L,,无等级,,59633.0
义乌君康诊所,91330782MAEAKG960L,,无等级,,59337.0
义乌君明中医诊所,91330782MAEN3WDY8N,,无等级,,59195.0
义乌吴丽君西医诊所,92330782MA2M4NXK9M,,无等级,,60076.0
义乌吴义生口腔诊所,92330782MA2A89M32N,,无等级,,60082.0
义乌吴承跃中医诊所,TE3307823300484160,,无等级,,60020.0
义乌吴文明口腔诊所,92330782MA2A7B6A82,,无等级,,59917.0
义乌吴文菊中医诊所,TE3307823300231060,,无等级,,59892.0
义乌吴泰松口腔诊所,92330782MA2AAXLT52,,无等级,,59975.0
义乌吴泽炎口腔诊所,TE3307823300223560,,无等级,,59293.0
义乌吴誉军西医诊所,TE3307823300210750,,无等级,,60126.0
义乌吴静兰口腔诊所,92330782MA2A8PUD9X,,无等级,,60104.0
义乌周宇医疗管理有限公司江南五区中西医结合诊所,91330782MAD92Q844N,,无等级,,59361.0
义乌周巧玲中西医结合诊所,92330782MA28QQRH1U,,无等级,,59279.0
义乌周德松中医诊所,TE3307823300235540,,无等级,,59964.0
义乌周鸣芳西医诊所,92330782MACFQ1MD31,,无等级,,59814.0
义乌周鸿鹏中西医结合诊所,92330782MADEL5XU7T,,无等级,,59673.0
义乌和德中医诊所,91330782MAEH0YC822,,无等级,,59213.0
义乌和煦医疗管理有限公司稠城医疗美容诊所,91330782MA8G9KWH2L,,无等级,,59392.0
义乌品扬口腔诊所,92330782MA2EBYW931,,无等级,,59880.0
义乌品耀口腔诊所,91330782MA8GPU1X0P,,无等级,,59540.0
义乌唐孝厚诊所,91330782MA2EEKYA25,,无等级,,59327.0
义乌善得医疗管理有限公司前店中西医结合诊所,91330782MA2JYGX4XD,,无等级,,59852.0
义乌善得医疗管理有限公司北苑中西医诊所,91330782MACD6EMA3E,,无等级,,59246.0
义乌善得医疗管理有限公司后宅中西医诊所,91330782MADW592T1X,,无等级,,59607.0
义乌善得医疗管理有限公司楼下村中西医诊所,91330782MADG7T1RX9,,无等级,,59694.0
义乌嘉医医疗管理有限公司伏龙山诊所,91330782MAEKM9CP6X,,无等级,,59239.0
义乌嘉医医疗管理有限公司金村诊所,91330782MA2M06NR45,,无等级,,59450.0
义乌嘉医医疗管理有限公司龙回诊所,91330782MA2M0NWC5G,,无等级,,59300.0
义乌嘉洁口腔诊所,91330782MA2HRHCT31,,无等级,,60027.0
义乌嘉硕医疗管理有限公司深塘诊所,91330782MAEKQ8BW6D,,无等级,,59217.0
义乌嘉铭医疗管理有限公司物华路诊所,91330782MADC727T7G,,无等级,,59725.0
义乌四合医疗管理有限公司兴中诊所,92330782MA2EC38U3X,,无等级,,60046.0
义乌园连医疗管理有限公司馨苑诊所,91330782MA2JYW342W,,无等级,,60116.0
义乌固元医疗科技有限公司石塔诊所,91330782MA2JYGC46M,,无等级,,59889.0
义乌固源诊所,91330782MA2EBJM3X0,,无等级,,59214.0
义乌国康诊所,91330782MA8GA00HXP,,无等级,,59053.0
义乌圣心医疗管理有限公司信达路诊所,91330782MACWNF0Y2J,,无等级,,59346.0
义乌圣心医疗管理有限公司棒杰诊所,91330782MA2JYX9Y9N,,无等级,,59297.0
义乌圣洁医疗管理有限公司北苑口腔诊所,91330782MAE5W26T22,,无等级,,59290.0
义乌圣济西医诊所,91330782MADD54FU1X,,无等级,,59278.0
义乌圣礼诊所,91330782MA8GK01K5T,,无等级,,59232.0
义乌圣福医疗管理有限公司江东诊所,91330782MAC7KAAEXW,,无等级,,59166.0
义乌坤宇医疗管理有限公司下朱宅诊所,91330782MAE4XRJC9Q,,无等级,,59084.0
义乌城信内科诊所,91330782MA2ECQ3P31,,无等级,,59686.0
义乌夏世龙诊所,92330782MA2DC7BR8F,,无等级,,60003.0
义乌大众医药连锁有限公司佛堂大成路中医诊所,TE3307823300452970,,无等级,,59890.0
义乌大芸诊所,91330782MAEBMNA68G,,无等级,,59114.0
义乌天云医疗管理有限公司大陈口腔诊所,91330782MACX0CXG2B,,无等级,,59797.0
义乌天平医疗管理有限公司西王界中西医诊所,91330782MACG2YP733,,无等级,,60077.0
义乌天祥医疗东方医院,52330782758058396T,二级,二级,未定级,59744.0
义乌天赐诊所,91330782MA2ECWRK1G,,无等级,,59700.0
义乌奈斯医疗美容诊所,91330782MACAFAQHIH,,无等级,,59158.0
义乌奥也口腔诊所,91330782MA2HW1JL6R,,无等级,,59853.0
义乌妍奇迹医疗管理有限公司稠江医疗美容诊所,91330782MAD08GD27P,,无等级,,59729.0
义乌妍姿医疗管理有限公司香缇医疗美容诊所,91330782MAD2NLDWX5,,无等级,,59752.0
义乌妙仁医疗管理有限公司候儿村中西医诊所,91330782MAD159CE4X,,无等级,,59708.0
义乌妙春医疗管理有限公司华劲中医诊所,91330782MABY29N26P,,无等级,,60059.0
义乌妙春医疗管理有限公司吴坎头诊所,91330782MA8GLB2L5Q,,无等级,,59670.0
义乌妙春医疗管理有限公司石鱼路中西医诊所,91330782MACE63NH8X,,无等级,,60094.0
义乌妮可医疗管理有限公司莲都医疗美容诊所,91330782MAE017WHXF,,无等级,,59249.0
义乌姝然至美医疗管理有限公司雪峰路医疗美容诊所,91330782MADJBR2K8L,,无等级,,59146.0
义乌媞雅医疗美容有限公司稠城诊所,91330782MACRXQRA8X,,无等级,,59247.0
义乌孙可中医诊所,92330782MA2ECDDG8F,,无等级,,59902.0
义乌孙晓娟妇科诊所,91330782MAD0QY4E5U,,无等级,,59642.0
义乌孙红珍西医诊所,92330782MA2JWBQX83,,无等级,,59906.0
义乌季孝诚中医诊所,TE3307823300199920,,无等级,,60016.0
义乌季慎智口腔诊所,92330782MA2A6C0H4A,,无等级,,59842.0
义乌宇辉口腔诊所,92330782MA28Q20562,,无等级,,59985.0
义乌宇鑫医疗管理有限公司罗店妇科诊所,91330782MA25YECH7P,,无等级,,60048.0
义乌安丰医疗管理有限公司东苑路诊所,92330782MA2EBWU79D,,无等级,,59981.0
义乌安合诺兰诊所,91330782MAE41CYW21,,无等级,,59485.0
义乌安蓝诊所,91330782MA2EEY8T02,,无等级,,59960.0
义乌安诗颜医疗管理有限公司稠城医疗美容诊所,91330782MADLNDQF94,,无等级,,59410.0
义乌安鑫医疗管理有限公司季宅诊所,91330782MACW5KN30N,,无等级,,59155.0
义乌宋炳棋口腔诊所,91330782MA2HURJ12F,,无等级,,59966.0
义乌宋荣晓诊所,91330782MA2EDLFR8H,,无等级,,59954.0
义乌宏信诊所,91330782MADXHP5W52,,无等级,,59541.0
义乌宏正正医疗管理有限公司芳山路诊所,91330782MAC96KDH6B,,无等级,,59808.0
义乌宏瑞中西医结合诊所,91330782MA2ECQ800C,,无等级,,59839.0
义乌宗英明诊所,92330782MA2JXNEQ2R,,无等级,,59971.0
义乌宜康医疗管理有限公司上潘村诊所,91330782MACYUGXFXE,,无等级,,59121.0
义乌宜康医疗管理有限公司双峰路诊所,91330782MAC9989U04,,无等级,,59807.0
义乌宜康医疗管理有限公司江东诊所,91330782MACXWDFE9F,,无等级,,59801.0
义乌宜芝西医诊所,92330782MA2ECKFGX7,,无等级,,59174.0
义乌宜高诊所,91330782MAER13M35J,,无等级,,59147.0
义乌宝俪医疗管理有限公司绣湖诊所,91330782MABTUC1G7Y,,无等级,,59546.0
义乌宝通中西医结合诊所,91330782MADBL07G04,,无等级,,59699.0
义乌宣周口腔诊所,92330782MA2AABYX0C,,无等级,,60113.0
义乌家明诊所,91330782MA2HT3CL04,,无等级,,59322.0
义乌家欣医疗管理有限公司长春二区诊所,91330782MA2M34RQ2P,,无等级,,59630.0
义乌家源医疗管理有限公司贾伯塘村诊所,91330782MAC9QH9G37,,无等级,,59315.0
义乌宸健西医诊所,91330782MADF1XU43B,,无等级,,59229.0
义乌小暖医疗管理有限公司廿三里诊所,91330782MAG074WGXK,,无等级,,59073.0
义乌尚艾中医诊所,91330782MAECWNK086,,无等级,,59282.0
义乌尚荣诊所,91330782MAD0XX2G4Y,,无等级,,59154.0
义乌屹宸医疗管理有限公司望道路诊所,91330782MA2M2CMY29,,无等级,,59831.0
义乌崇安医疗管理有限公司后宅诊所,91330782MAETCLP43B,,无等级,,59104.0
义乌巨昇医疗管理有限公司上低田诊所,91330782MADQAHKU8B,,无等级,,59615.0
义乌巨昇医疗管理有限公司长塘诊所,91330782MAE2JUTQ7G,,无等级,,59065.0
义乌市上溪镇金傅宅村卫生室,12330782471771741N,无级别,无级别,一级,59375.0
义乌市义严堂医疗管理有限公司东阳南马南山路普通诊所,91330783MAK249X44J,,无等级,,56063.0
义乌市义严堂医疗管理有限公司东阳吴山中西医结合诊所,91330783MAE4H275XC,,无等级,,56433.0
义乌市义严堂医疗管理有限公司东阳山口中西医结合诊所,91330783MAE7UBKH95,,无等级,,56421.0
义乌市义严堂医疗管理有限公司东阳横店十里街中西医结合诊所,91330783MAEEPCEQ61,,无等级,,56157.0
义乌市义严堂医疗管理有限公司东阳横店十里街第二中西医结合诊所,91330783MAEE4TD33E,,无等级,,56149.0
义乌市义亭镇中心卫生院,1233078247177212XG,一级,一级,无级别,59368.0
义乌市北苑街道社区卫生服务中心,12330782471773448R,未定级,未定级,无级别,59563.0
义乌市南洲医药有限公司中医诊所,TE3307823300448180,,无等级,,59841.0
义乌市城西街道夏迹塘村卫生室,123307824717720315,未定级,未定级,无级别,59370.0
义乌市妇幼保健院,1233078247177175XE,三级,三级,未定级,59078.0
义乌市廿三里街道金麟社区卫生服务站,12330782471771872J,未定级,未定级,一级,59046.0
义乌市皮肤病医院,12330782471772381B,未定级,未定级,一级,59357.0
义乌市福田街道联港社区卫生服务站,12330782MB0M099459,无级别,无级别,未定级,59203.0
义乌市第二人民医院,12330782471772250F,二级,二级,无级别,59099.0
义乌市苏溪镇十和里社区卫生服务站,1233078247177271XH,无级别,无级别,一级,59422.0
义乌市赤岸镇水岸社区卫生服务站,12330782471772170U,无级别,无级别,一级,59219.0
义乌帅宸医疗管理有限公司青莲中西医结合诊所,91330782MA7MM3550F,,无等级,,59994.0
义乌希成医疗管理有限公司下余山诊所,91330782MA8GT2YM69,,无等级,,59341.0
义乌常兴医疗管理有限公司后宅妇科诊所,91330782MACUM1KJ1F,,无等级,,59692.0
义乌常康医疗管理有限公司曹村诊所,91330782MA8GBKL47Q,,无等级,,59017.0
义乌广城医疗管理有限公司大士路诊所,91330782MA2JWEUL34,,无等级,,59689.0
义乌广城医疗管理有限公司白马村诊所,91330782MACTAFH92B,,无等级,,59812.0
义乌广瑞医疗管理有限公司八角井诊所,91330782MA2M28Y184,,无等级,,60078.0
义乌庆升医疗管理有限公司城店诊所,91330782MA2M21JQ85,,无等级,,60057.0
义乌康之道医疗管理有限公司大乔路中西医诊所,91330782MACEM1L83F,,无等级,,59816.0
义乌康佑医疗管理有限公司金塘路诊所,91330782MAC7HCXT83,,无等级,,60130.0
义乌康军诊所,91330782MADNL7W68Q,,无等级,,59645.0
义乌康华诊所,91330782MA8GLFW482,,无等级,,59674.0
义乌康哈医疗管理有限公司大湖头村诊所,91330782MA8GAX6B97,,无等级,,59436.0
义乌康哈医疗管理有限公司新兴村诊所,91330782MADD87WGX0,,无等级,,59243.0
义乌康宇中西医结合诊所,91330782MA2HWUWKXL,,无等级,,59095.0
义乌康安医疗管理有限公司柳青诊所,91330782MA2JYMN426,,无等级,,59932.0
义乌康安医疗管理有限公司齐山楼中西医诊所,91330782MA2JYGHX5Q,,无等级,,59933.0
义乌康安斯辰诊所,91330782MA2HW4NF0E,,无等级,,59929.0
义乌康安瑞日诊所,91330782MA2HWMBR18,,无等级,,59295.0
义乌康明医疗管理有限公司童店中西医诊所,91330782MA2M3TQL30,,无等级,,60090.0
义乌康晴医疗管理有限公司东山头诊所,91330782MACC00UK4N,,无等级,,59367.0
义乌康晴医疗管理有限公司麻车塘诊所,91330782MADGH67A0Y,,无等级,,59309.0
义乌康林诊所,91330782MADNPK571F,,无等级,,59626.0
义乌康润西医诊所,91330782MA2EEFDY19,,无等级,,59835.0
义乌康益诊所,91330782MA8GA1PQ5E,,无等级,,59103.0
义乌康祥医疗管理有限公司何宅诊所,91330782MA7MRK9B9T,,无等级,,59206.0
义乌康维诊所,91330782MA8G75A95T,,无等级,,59799.0
义乌康胜医疗管理有限公司稠关中西医诊所,91330782MA2M0YGW7W,,无等级,,59846.0
义乌康苑诊所,91330782MAEBDA8NX2,,无等级,,59298.0
义乌康苹医疗管理有限公司城店路诊所,91330782MAG1G9H90G,,无等级,,59058.0
义乌康诚中西医诊所,91330782MA2JWGBW8F,,无等级,,59671.0
义乌康铭内科诊所,91330782MA2ECGUG4B,,无等级,,60032.0
义乌康韵中医诊所,91330782MAD9C07U4Q,,无等级,,59140.0
义乌康颜妇科诊所,91330782MA2JWMY25B,,无等级,,59922.0
义乌康馨医疗管理有限公司白马路诊所,91330782MAC8FJMA1X,,无等级,,59613.0
义乌康鹃诊所,91330782MADLCDC660,,无等级,,59248.0
义乌康齿医疗管理有限公司苏华街口腔诊所,91330782MA2MN9J283,,无等级,,59857.0
义乌开通医疗管理有限公司黄杨梅路中西医诊所,91330782MA2M3NYKKL,,无等级,,59872.0
义乌弘亮诊所,91330782MA2EE37377,,无等级,,60051.0
义乌弘德诊所,91330782MA8G5DP75W,,无等级,,59721.0
义乌弘源医疗管理有限公司楼下村诊所,91330782MADEE0LDXX,,无等级,,59682.0
义乌张东红中医诊所,92330782MA2A7YXT8E,,无等级,,59911.0
义乌张伟荣中医诊所,TE3307823300236700,,无等级,,59909.0
义乌张兴保西医诊所,92330782MA7FT9Y45B,,无等级,,59110.0
义乌张孝成中西医结合诊所,92330782MA2HQMBAXD,,无等级,,60028.0
义乌张庆平诊所,91330782MA2HU5N931,,无等级,,59844.0
义乌张文明西医诊所,TE3307823300199400,,无等级,,60033.0
义乌张永强诊所,92330782MA2DBKB07H,,无等级,,60069.0
义乌张沁峰诊所,92330782MA2A9PQG35,,无等级,,60067.0
义乌张福荣中医诊所,TE3307823300202800,,无等级,,60075.0
义乌张艳华中医诊所,91330782MACJT1EN40,,无等级,,59878.0
义乌张花欢诊所,92330782MA2A8BNC8N,,无等级,,59968.0
义乌强强中西医结合诊所,91330782MA2HTBUW71,,无等级,,59920.0
义乌徐小庆中医诊所,TE3307823300205880,,无等级,,60147.0
义乌徐斌泉西医诊所,TE3307823300224990,,无等级,,59257.0
义乌徐春燕口腔诊所,92330782MAD53HUP3T,,无等级,,59724.0
义乌徐玉凤西医诊所,TE3307823300220080,,无等级,,60066.0
义乌徐进口腔诊所,92330782MA2AB88B25,,无等级,,59908.0
义乌得中诊所,91330782MA2EDX9NXE,,无等级,,59868.0
义乌御魅医疗管理有限公司稠江口腔诊所,91330782MA8G4ARM7F,,无等级,,59837.0
义乌德奥医疗管理有限公司福田口腔诊所,91330782MAD9CDEU4E,,无等级,,59609.0
义乌德宜医疗管理有限公司凯吉路诊所,91330782MA7J8P0D5Y,,无等级,,59986.0
义乌德心医疗管理有限公司前店中西医诊所,91330782MACDQJET06,,无等级,,60111.0
义乌德心医疗管理有限公司后宅西何诊所,91330782MADD3HQC9Q,,无等级,,59124.0
义乌德心医疗管理有限公司后申塘诊所,91330782MABNC9QT02,,无等级,,59829.0
义乌德心医疗管理有限公司益公山诊所,91330792MAC9GBKD83,,无等级,,59329.0
义乌德欣医疗管理有限公司北苑中西医诊所,91330782MA2M1CBE3B,,无等级,,59894.0
义乌德涵诊所,91330782MADPGNPTX2,,无等级,,59621.0
义乌德源医疗管理有限公司后乐村诊所,91330782MADFQCB096,,无等级,,59353.0
义乌德玉医疗管理有限公司大三里塘诊所,91330782MA2M07DE77,,无等级,,59215.0
义乌德茂医疗管理有限公司北苑诊所,91330782MAEJWDCW8R,,无等级,,59235.0
义乌德鑫医疗管理有限公司楼山塘中西医结合诊所,91330782MA8GT24N3D,,无等级,,59343.0
义乌德静西医诊所,91330782MA2EEG53XX,,无等级,,59882.0
义乌心安医疗管理有限公司稠江诊所,91330782MAD9K9J11A,,无等级,,59371.0
义乌志明医疗管理有限公司宗塘村诊所,91330782MA2JYTPX1N,,无等级,,60054.0
义乌志翔诊所,91330782MA2EEGYT7F,,无等级,,59052.0
义乌怡丹医疗管理有限公司江湾西医诊所,91330782MA2M48PC1H,,无等级,,60102.0
义乌怡宏西医诊所,91330782MA2ECWQU7M,,无等级,,59238.0
义乌恒一美医疗管理有限公司北苑口腔诊所,91330782MADN5K7G9H,,无等级,,59596.0
义乌恒众医疗管理有限公司五联路诊所,91330782MA2M3T8660,,无等级,,59202.0
义乌恒众医疗管理有限公司凯旋北路诊所,91330782MADG4E03XY,,无等级,,59197.0
义乌恒众医疗管理有限公司开元北街诊所,91330782MA2M44R72X,,无等级,,59182.0
义乌恒众医疗管理有限公司朝阳东路诊所,91330782MADDD9RE4L,,无等级,,59211.0
义乌恒众医疗管理有限公司民生路诊所,91330782MAECBN946P,,无等级,,59184.0
义乌恒众医疗管理有限公司苏华街诊所,91330782MA2JYB9437,,无等级,,59204.0
义乌恒众医疗管理有限公司西山下诊所,91330782MADJ4TJT7L,,无等级,,59183.0
义乌恒众医疗管理有限公司达摩路诊所,91330782MADLRNUT8M,,无等级,,59163.0
义乌恒众医疗管理有限公司鲇溪诊所,91330782MA2M44EF51,,无等级,,59200.0
义乌恒彦中西医结合诊所,91330782MA8GQ50H0E,,无等级,,59539.0
义乌恒心诊所,92330782MA2EBYT6X3,,无等级,,59938.0
义乌恒春诊所,91330782MAE24121XC,,无等级,,59500.0
义乌恒渼时代医疗管理有限公司后宅口腔诊所,91330782MA2ECBD87Q,,无等级,无级别,59342.0
义乌恒诚医疗管理有限公司凌云诊所,91330782MADH0DTQ9N,,无等级,,59687.0
义乌恩济医疗管理有限公司朝阳东路诊所,91330782MAD65PJN0X,,无等级,,59498.0
义乌恩赐诊所,91330782MADN8MDF0C,,无等级,,59622.0
义乌恩轲医疗管理有限公司江东中西医诊所,91330782MADRPUFW0C,,无等级,,59603.0
义乌恺毅医疗管理有限公司义亭口腔诊所,91330782MACPUX9453,,无等级,,59654.0
义乌悦青诊所,91330782MAEH6QMD80,,无等级,,59269.0
义乌悦高西医诊所,91330782MAEDW3HJ0X,,无等级,,59253.0
义乌惠仁诊所,91330782MAD9R4A51B,,无等级,,59747.0
义乌惠众医疗管理有限公司厚富口腔诊所,91330782MADNGW7273,,无等级,,59644.0
义乌意来医疗管理有限公司新科路口腔诊所,91330782MAERYP967Q,,无等级,,59061.0
义乌慧仁堂医疗管理有限公司义德诊所,91330782MACX7NWB32,,无等级,,59284.0
义乌慧博口腔诊所,91330782MAD2HW5K8G,,无等级,,59288.0
义乌慧康医疗管理有限公司城店路诊所,91330782MA2M627R4H,,无等级,,60025.0
义乌慧泽医疗管理有限公司上潘村诊所,91330782MADLU5GB9F,,无等级,,59449.0
义乌成国斌口腔诊所,92330782MA2A494CX4,,无等级,,59952.0
义乌戴劲辰中医诊所,91330782MADHLGMQ7L,,无等级,,59696.0
义乌扶源诊所,91330782MA2EE9D312,,无等级,,60026.0
义乌拾懿医疗管理有限公司朝阳门医疗美容诊所,91330782MACFL3TR03,,无等级,,59434.0
义乌文俊医疗管理有限公司畈东口腔诊所,91330782MABLN3MMXJ,,无等级,,59209.0
义乌文源医疗管理有限公司吴溪叶中西医诊所,91330782MAD5D39K52,,无等级,,59780.0
义乌文琴诊所,91330782MA2HUF3XXJ,,无等级,,60029.0
义乌文茂诊所,91330782MAC8WFB522,,无等级,,59314.0
义乌文豪诊所,91330782MACH1HRQ0K,,无等级,,59777.0
义乌文静西医诊所,91330782MA2EDQJD2G,,无等级,,60140.0
义乌文龙医疗管理有限公司东河诊所,91330782MADHMADA88,,无等级,,59668.0
义乌新也医疗管理有限公司后宅口腔门诊部,91330782MABU70H86F,未定级,未定级,,59108.0
义乌新芳诊所,91330782MA2HWTD614,,无等级,,59583.0
义乌方丽勤诊所,91330782MA2EEURE89,,无等级,,59983.0
义乌施耀丰口腔诊所,92330782MA2AB8N16N,,无等级,,59913.0
义乌旭宏口腔诊所,92337082MA2E9CRA92,,无等级,,59854.0
义乌旭康医疗管理有限公司益公山诊所,91330782MAD04F4X9G,,无等级,,59665.0
义乌旭遥医疗管理有限公司上溪西医诊所,91330782MAC825GB23,,无等级,,59151.0
义乌旭阳口腔诊所,92330782MA2EC3X902,,无等级,,60021.0
义乌旺峰西医诊所,91330782MA2ED79Q31,,无等级,,60015.0
义乌昇昇医疗管理有限公司白马诊所,91330782MA7N92TQ2Y,,无等级,,59027.0
义乌昊健医疗管理有限公司北苑口腔诊所,91330782MA2M84EN2X,,无等级,,59925.0
义乌明圆医疗管理有限公司义驾山诊所,91330782MACA097QXK,,无等级,,60141.0
义乌明圆医疗管理有限公司廿三里诊所,91330782MAEW4QXY29,,无等级,,59115.0
义乌明圆医疗管理有限公司清溪东路诊所,91330782MACBTAY00N,,无等级,,59710.0
义乌明峰医疗管理有限公司后宅口腔诊所,91330782MA2JYXE53N,,无等级,,59827.0
义乌明惠医疗管理有限公司稠城诊所,91330782MADQLELB0F,,无等级,,59614.0
义乌星河中医诊所,91330782MAE116Y79X,,无等级,,59471.0
义乌星美会医疗管理有限公司迎恩门医疗美容诊所,91330782MACXK5GH23,,无等级,,59393.0
义乌春尚诊所,91330782MAEQMQXP18,,无等级,,59176.0
义乌春旭医疗管理有限公司上溪中西医诊所,91330782MAE2PWKU04,,无等级,,59486.0
义乌春江诊所,91330782MA2EEQM86G,,无等级,,60072.0
义乌春锦医疗管理有限公司麻车塘诊所,91330782MA8GKTBM4E,,无等级,,59712.0
义乌晓又又诊所,91330782MA2HR9EK02,,无等级,,60137.0
义乌晨梦医疗管理有限公司稠城诊所,91330782MA8G4BY044,,无等级,,59611.0
义乌普仁西医诊所,92330782MA2EB68M05,,无等级,,59488.0
义乌普健医疗管理有限公司稠江诊所,91330782MACX0TN984,,无等级,,59813.0
义乌普君医疗管理有限公司朱村诊所,91330782MAC8FQ3837,,无等级,,59711.0
义乌普诚诊所,91330782MA8GAJ766Y,,无等级,,59779.0
义乌景寒医疗管理有限公司北苑中西医诊所,91330782MAEJUMH95B,,无等级,,59187.0
义乌景行医疗管理有限公司陈店口腔诊所,91330782MA7BNC5H9N,,无等级,,59218.0
义乌晶诺医疗管理有限公司下朱口腔诊所,91330782MA2HWQ9D5J,,无等级,,59542.0
义乌晶诺医疗管理有限公司振兴西路口腔诊所,91330782MADM0WHG7U,,无等级,,59087.0
义乌智贤医疗管理有限公司苏溪西医诊所,91330782MA2M32UQ61,,无等级,,60045.0
义乌月康妇科诊所,91330782MA2HWDNC0C,,无等级,,59354.0
义乌朝元口腔诊所,91330782MA2ECM8D6N,,无等级,,59907.0
义乌朱亚明口腔诊所,92330782MA2A7FH82Q,,无等级,,59107.0
义乌朱向平口腔诊所,92330782MA2A6PCM7B,,无等级,,60085.0
义乌朱和水口腔诊所,92330782MA29NU8U2H,,无等级,,59930.0
义乌朱国光口腔诊所,92330782MA2A4E8511,,无等级,,59972.0
义乌朱庆春西医诊所,92330782MA29M10E6F,,无等级,,59947.0
义乌朱新泉西医诊所,92330782MA2A9A6396,,无等级,,59792.0
义乌朱旭君诊所,92330782MA2A981X70,,无等级,,60071.0
义乌朱林州口腔诊所,92330782MA2A9ANW4B,,无等级,,59587.0
义乌朱永平口腔诊所,TE3307823300234280,,无等级,,59923.0
义乌朱汝珍口腔诊所,TE3307823300392970,,无等级,,59967.0
义乌朱江荣西医诊所,TE3307823300234300,,无等级,,60073.0
义乌朱球香诊所,92330782MA2A5UT2XG,,无等级,,60062.0
义乌朱胜伟口腔诊所,92330782MA2A90K146,,无等级,,59098.0
义乌朱航雅诊所,92330782MA2DE1N088,,无等级,,60039.0
义乌朱金仙中西医结合诊所,92330782MA2A5PPA6K,,无等级,,60056.0
义乌李云雷口腔诊所,92330782MA28QRMK71,,无等级,,59910.0
义乌李军民西医诊所,TE3307823300202750,,无等级,,60096.0
义乌李凤霞西医诊所,92330782MADKARY62B,,无等级,,59625.0
义乌李庆娜诊所,92330782MAE4L1759W,,无等级,,59407.0
义乌李彩英西医诊所,92330782MA2EC65584,,无等级,,60108.0
义乌李成树中西医结合诊所,92330782MA2M037N1T,,无等级,,59946.0
义乌李晓英口腔诊所,92330782MA29N2R44U,,无等级,,59726.0
义乌李梅中医诊所,92330782MA2EARM28M,,无等级,,59973.0
义乌李红平口腔诊所,91330782MA2DDLED6N,,无等级,,59869.0
义乌李细花诊所,92330782MA2HWRPG46,,无等级,,59640.0
义乌李继新西医诊所,92330782MA2ED4XG6T,,无等级,,59936.0
义乌李跃飞西医诊所,92330782MA2M4RKL57,,无等级,,59935.0
义乌杏安医疗管理有限公司北苑全科诊所,91330782MAEWU5R6X6,,无等级,,59106.0
义乌杜健强诊所,91330782MA2M3KLX56,,无等级,,59919.0
义乌杜辉中西医诊所,91330782MAEU6PRU8P,,无等级,,59022.0
义乌杨国梁诊所,92330782MA2DE3KN2R,,无等级,,59998.0
义乌杨平素医疗管理有限公司杨村诊所,91330782MA8GLMLW6J,,无等级,,59648.0
义乌杨德飞医疗管理有限公司上溪诊所,91330782MA2M3W5810,,无等级,,59845.0
义乌杨春盛诊所,92330782MA29QC9C9G,,无等级,,60055.0
义乌杨杨医疗管理有限公司下王口腔诊所,91330782MA2K1R4J93,,无等级,,59067.0
义乌杭文医疗管理有限公司长春诊所,91330782MA2M2UYF29,,无等级,,59608.0
义乌杭晴诊所,91330782MACD9MUN99,,无等级,,59320.0
义乌杭溪诊所,91330782MA8G7DFM5D,,无等级,,59478.0
义乌杰硕医疗管理有限公司廿三里口腔诊所,91330782MAEJLKEE2H,,无等级,,59150.0
义乌杰腾医疗管理有限公司杨村中西医诊所,91330782MAD0H9YL6T,,无等级,,59572.0
义乌杰诚诊所,91330782MADHG17198,,无等级,,59123.0
义乌松门山诊所,91330782MA2EEWB235,,无等级,,60049.0
义乌柏旭医疗管理有限公司世俊路口腔诊所,91330782MADNY7Y96E,,无等级,,59548.0
义乌柳善珍诊所,91330782MA2EENJ62J,,无等级,,59912.0
义乌柳春伟西医诊所,92330782MA2DEWXP02,,无等级,,59905.0
义乌柳瑞西医诊所,91330782MA2EC24L1E,,无等级,,59292.0
义乌柳齐鸿诊所,TE3307823300202550,,无等级,,59982.0
义乌标康医疗管理有限公司龙回诊所,91330782MAD2AF6T3R,,无等级,,59254.0
义乌植尚医疗管理有限公司大三里塘口腔诊所,91330782MADLA4G90N,,无等级,,59598.0
义乌椿丰诊所,91330782MAE3D6FP2M,,无等级,,59250.0
义乌楼东来西医诊所,92330782MA2DDYNE7D,,无等级,,60120.0
义乌楼卫华西医诊所,92330782MA2A6XT58Q,,无等级,,59979.0
义乌楼珍妙口腔诊所,TE3307823300417790,,无等级,,59958.0
义乌楼跃璠西医诊所,TE3307823300207070,,无等级,,59037.0
义乌欢喜医疗管理有限公司渡磬南路口腔诊所,91330782MAD4T6P672,,无等级,,59788.0
义乌欣芮诊所有限公司城北路医疗美容诊所,91330782MACR85M6X8,,无等级,,59754.0
义乌欣雨西医诊所,91330782MA2HW0RE77,,无等级,,60139.0
义乌欣龙医疗管理有限公司江村诊所,91330782MADF8GFH66,,无等级,,59675.0
义乌欧莱美医疗美容医院有限公司北苑诊所,91330782MA2M6D3X8T,,无等级,,59815.0
义乌欧莱美医疗美容医院有限公司江东诊所,91330782MA2MMF7578,,无等级,,59287.0
义乌歌放口腔诊所,92330782MADHQ6PC1L,,无等级,,59490.0
义乌段金良诊所,92330782MA2K1QY791,,无等级,,60127.0
义乌毅洋医疗管理有限公司徐丰诊所,91330782MAE3DMW77T,,无等级,,59281.0
义乌水岸医疗管理有限公司水岸家园口腔诊所,92330782MA2E5LW28J,,无等级,,59479.0
义乌永龄诊所,91330782MADBNA492R,,无等级,,59499.0
义乌汇蓉诊所,91330782MA2HUMP927,,无等级,,59632.0
义乌沈丽珍中医诊所,TE3307823300414420,,无等级,,59984.0
义乌沈庆明中医诊所,92330782MA2A8RYT0Y,,无等级,,59974.0
义乌沈晓红西医诊所,92330782MA29MEKQ7N,,无等级,,60018.0
义乌沪颜医疗管理有限公司城中北路医疗美容诊所,91330782MAK2JW9R4X,,无等级,,59021.0
义乌泓安医疗管理有限公司北苑艺安中医诊所,91330782MABRACQG55,,无等级,,59188.0
义乌泓康医疗管理有限公司楼山塘诊所,91330782MAE4HDF426,,无等级,,59473.0
义乌泓康医疗管理有限公司竺阳路诊所,91330782MACWM1QN4U,,无等级,,59068.0
义乌泮康医疗管理有限公司何泮山诊所,91330782MACWHRNT8F,,无等级,,59096.0
义乌泰尔口腔诊所,91330782MA2EB3191H,,无等级,,59809.0
义乌泽康医疗管理有限公司义亭诊所,91330782MAC7HDA74E,,无等级,,59646.0
义乌泽康医疗管理有限公司后宅诊所,91330782MAD0AXUT31,,无等级,,59785.0
义乌泽康医疗管理有限公司徐村诊所,91330783MAC9KQ7NXE,,无等级,,60123.0
义乌泽怡医疗管理有限公司江东西医诊所,91330782MA2M1DJU87,,无等级,,60034.0
义乌泽邻医疗管理有限公司星悦西医诊所,91330782MAD704171K,,无等级,,59717.0
义乌洪国美西医诊所,92330782MA2A8ML58C,,无等级,,60019.0
义乌洪强医疗管理有限公司东大鲁村诊所,91330782MACA8AJY8C,,无等级,,60117.0
义乌洪彬内科诊所,91330782MA2EE29B24,,无等级,,59870.0
义乌济康医疗管理有限公司振兴东路诊所,91330782MABXQKU71R,,无等级,,59216.0
义乌济民医药连锁有限公司北苑春华路分店中医诊所,TE3307823300443270,,无等级,,59412.0
义乌济泯医疗管理有限公司北站五区中医诊所,91330782MA2M4F6R24,,无等级,,59411.0
义乌济泰医疗管理有限公司大元西医诊所,91330782MACCLRPL90,,无等级,,59997.0
义乌浙安医疗管理有限公司稠城口腔诊所,91330782MAE9M1BA54,,无等级,,59240.0
义乌浙正医疗管理有限公司北苑口腔诊所,91330782MAE1T5X13R,,无等级,,59356.0
义乌浩华医疗管理有限公司鹏城诊所,91330782MAC7321F6X,,无等级,,60122.0
义乌海帧妇科诊所,91330782MA2HT1YX3E,,无等级,,60006.0
义乌海景诊所,91330782MA8GB3AR98,,无等级,,59372.0
义乌海艳医疗管理有限公司福田中西医诊所,91330782MA2M3HA23W,,无等级,,59036.0
义乌海霞医疗管理有限公司联合路中医诊所,91330782MADDEBR27P,,无等级,,59628.0
义乌海霞医疗管理有限公司苏溪市场路诊所,91330782MAC7XBUX6A,,无等级,,59736.0
义乌海霞医疗管理有限公司苏溪诊所,91330782MA2JY49J7F,,无等级,,59610.0
义乌海霞医疗管理有限公司里宅诊所,91330782MADC3M2N9G,,无等级,,59245.0
义乌涞思医疗管理有限公司上溪诊所,91330782MAK1RPDX22,,无等级,,59032.0
义乌涞思医疗管理有限公司北站诊所,91330782MAECHR2K6K,,无等级,,59345.0
义乌涞思医疗管理有限公司白马村诊所,91330782MAC9PP4D3B,,无等级,,59333.0
义乌润妮秀医疗美容诊所,91330782MA2HRAT99Y,,无等级,,59855.0
义乌润荷医疗管理有限公司物华诊所,91330782MA2M00FN4Y,,无等级,,59927.0
义乌润荷医疗管理有限公司荷叶塘诊所,91330782MA2JYNH55B,,无等级,,59926.0
义乌淇媛医疗管理有限公司上傅诊所,91330782MAC6WEBU2C,,无等级,,59075.0
义乌淇媛医疗管理有限公司后溪诊所,91330782MAD9TCWW57,,无等级,,59685.0
义乌淇媛医疗管理有限公司城西诊所,91330782MAD0HFYW22,,无等级,,59016.0
义乌淇媛医疗管理有限公司季宅诊所,91330782MA2M3M453T,,无等级,,59340.0
义乌淇媛医疗管理有限公司昌盛路诊所,91330782MAC837MB1J,,无等级,,59201.0
义乌淇媛医疗管理有限公司茂后诊所,91330782MAC6T6P596,,无等级,,59323.0
义乌淇媛医疗管理有限公司象山村诊所,91330782MABWHUNW9W,,无等级,,59038.0
义乌淇锐医疗管理有限公司义亭诊所,91330782MADAG71N09,,无等级,,59350.0
义乌淇锐医疗管理有限公司九联黄古头村诊所,91330782MADAJLGJ8G,,无等级,,59334.0
义乌淑氏医疗管理有限责任公司苏溪口腔诊所,91330782MADUBFC3XW,,无等级,,59578.0
义乌淮仁医疗管理有限公司开金二街诊所,91330782MADJBAL84N,,无等级,,59616.0
义乌淮仁医疗管理有限公司德贸诊所,91330782MA8GL8UG4R,,无等级,,59143.0
义乌淮仁医疗管理有限公司银海二区诊所,91330782MAE22ARW65,,无等级,,59472.0
义乌淳愫医疗美容诊所,91330782MA2HWFKC7F,,无等级,,60008.0
义乌清泉医疗管理有限公司大田村诊所,91330782MAEDK8BA7P,,无等级,,59101.0
义乌清泉医疗管理有限公司朝阳东路诊所,91330782MAE01M016X,,无等级,,59480.0
义乌满仁中西医结合诊所,91330782MA2EEXNX60,,无等级,,59941.0
义乌潮国医疗管理有限公司象山诊所,91330782MAEP58L16U,,无等级,,59144.0
义乌潮陈口腔诊所,91330782MACEK1HU7Y,,无等级,,59647.0
义乌炫美医疗管理有限公司长春六街口腔诊所,91330782MA2M0CAL9N,,无等级,,60061.0
义乌点滴医疗管理有限公司苏溪诊所,91330782MA8GL7L892,,无等级,,59684.0
义乌燕尔医疗管理有限公司宗塘口腔诊所,91330782MADP6UJRXB,,无等级,,59602.0
义乌爱和剑医疗管理有限公司北苑诊所,91330782MA2M2QFU3X,,无等级,,60092.0
义乌爱玲医疗管理有限公司何麻车诊所,91330782MA2M5H5D28,,无等级,,59152.0
义乌爱瞳眼科诊所,91330782MAEBY8WE8F,,无等级,,59312.0
义乌爱肤蓓医疗美容诊所,91330782MA2DFDFD1R,,无等级,,59252.0
义乌玄德医疗管理有限公司下王诊所,91330782MADGCF1T57,,无等级,,59690.0
义乌玉梅陈医疗管理有限公司稠城诊所,91330782MA7J8ETM3K,,无等级,,60093.0
义乌王中原中医诊所,TE3307823300213320,,无等级,,59945.0
义乌王丹梦妇科诊所,92330782MACAJAWJ83,,无等级,,59817.0
义乌王光明中医(综合)诊所,92330782MA2DE4YU1H,,无等级,,59120.0
义乌王华登口腔诊所,92330782MA28PT6608,,无等级,,59773.0
义乌王建红中医诊所,TE3307823300352020,,无等级,,60095.0
义乌王晖口腔诊所,TE3307823300199420,,无等级,,59875.0
义乌王晖庆中医诊所,TE3307823300352410,,无等级,,59830.0
义乌王晶口腔诊所,92330782MA2DD7HR1K,,无等级,,59139.0
义乌王理平口腔诊所,92330782MA2AARPK0F,,无等级,,59914.0
义乌王申行中医诊所,TE3307823300227060,,无等级,,60013.0
义乌王蒲潭诊所,91330782MADK740J3L,,无等级,,59409.0
义乌王跃虎西医诊所,92330782MADW5BNH2L,,无等级,,59593.0
义乌珊泰医疗管理有限公司国际商贸城中医诊所,91330782MA7CBRYC9T,,无等级,,59956.0
义乌珍山诊所,91330782MAD23T171W,,无等级,,59125.0
义乌珍鑫医疗管理有限公司凯旋路口腔诊所,91330782MADHQBEW92,,无等级,,59328.0
义乌珍鑫医疗管理有限公司达摩路口腔诊所,92330782MAD043GA4P,,无等级,,59595.0
义乌琛棋诊所,91330782MA2EE6217E,,无等级,,59953.0
义乌瑞伢佳口腔诊所,91330782MA2ED5UM98,,无等级,,59549.0
义乌瑞和医疗管理有限公司下骆宅诊所,91330782MACKUA9U0P,,无等级,,59876.0
义乌瑞和医疗管理有限公司紫金诊所,91330782MADW5GK594,,无等级,,59360.0
义乌瑞民健康管理有限公司上溪妇科诊所,91330782MAC998FE8H,,无等级,,60121.0
义乌瑞美泰口腔诊所,91330782MA2ED5QY1P,,无等级,,59484.0
义乌瑞齿医疗管理有限公司青口口腔诊所,91330782MA2MPNWY1Q,,无等级,,59776.0
义乌璞美人医疗管理有限公司稠城医疗美容诊所,91330782MADPFECBXJ,,无等级,,59597.0
义乌畅悦医疗管理有限公司群英诊所,91330782MADHUXHJ3F,,无等级,,59662.0
义乌畅悦医疗管理有限公司通福中西医诊所,91330782MAELP25563,,无等级,,59207.0
义乌百康医疗管理有限公司大元村诊所,91330782MAC75YTG04,,无等级,,60149.0
义乌百康医疗管理有限公司西谷村诊所,91330782MAD62JKB6F,,无等级,,59722.0
义乌百部医疗管理有限公司檀境中西医结合诊所,91330782MADKFK54XD,,无等级,,59643.0
义乌皓贝医疗管理有限公司廿三里口腔诊所,91330782MADNB0W80R,,无等级,,59256.0
义乌皓贝医疗管理有限公司福田口腔诊所,91330782MAERT6UK6F,,无等级,,59118.0
义乌益松西医诊所,92330782MA2ECM1X59,,无等级,,60119.0
义乌益美口腔诊所,91330782MA2EDU4W39,,无等级,,59590.0
义乌益齿医疗管理有限公司北苑口腔诊所,91330782MA29P25A4B,,无等级,,59335.0
义乌益齿医疗管理有限公司苏溪口腔诊所,91330782MAE8LY592Y,,无等级,,59186.0
义乌盛豪医疗管理有限公司九联诊所,91330782MADDEDKR2C,,无等级,,59715.0
义乌盛豪医疗管理有限公司春晗诊所,91330782MA2K1GRBX0,,无等级,,59856.0
义乌盛豪医疗管理有限公司福田诊所,91330782MAD6QBTQ59,,无等级,,59770.0
义乌相儒中医诊所,91330782MAEU7Y481H,,无等级,,59086.0
义乌真格医疗管理有限公司东前王诊所,91330782MAK0QH2L61,,无等级,,59059.0
义乌真棋医疗管理有限公司苏溪西医诊所,91330782MA2K0U705U,,无等级,,59950.0
义乌睿丰医疗管理有限公司石塔头村诊所,91330782MADG0W168W,,无等级,,59159.0
义乌睿莉医疗管理有限公司上溪口腔诊所,91330782MADX4HEG95,,无等级,,59582.0
义乌睿谦医疗管理有限公司大路金诊所,91330782MADKKPAA15,,无等级,,59568.0
义乌石庆新中西医结合诊所,91330782MA2HUERJ5J,,无等级,,59884.0
义乌硕康医疗管理有限公司秋实路中西医结合诊所,91330782MADYN89W8Y,,无等级,,59594.0
义乌硕霖医疗管理有限公司杜元诊所,91330782MA2K1PMN0D,,无等级,,59949.0
义乌碧春医疗管理有限公司朝阳西路中西医结合诊所,91330782MADXBMP429,,无等级,,59031.0
义乌祥臣医疗服务有限公司稠江诊所,91330782MADFPNF178,,无等级,,59283.0
义乌福康中西医诊所,91330782MA2EEH0T30,,无等级,,59834.0
义乌福祥中西医结合诊所,91330782MAK05CJ477,,无等级,,59051.0
义乌秋虹西医诊所,92330782MA2JXGHQ2F,,无等级,,59864.0
义乌科伊医疗美容诊所,91330782MADY1EDR9E,,无等级,,59574.0
义乌积善中西医诊所,91330782MAEXXEQT3P,,无等级,,59030.0
义乌程康医疗管理有限公司后畈诊所,91330782MACYCUE22K,,无等级,,59160.0
义乌稠南诊所,91330782MA2EEFQ736,,无等级,,60101.0
义乌稠州医院赤岸护理中心,52330782471773317R,未定级,未定级,二级,59129.0
义乌稠康医疗管理有限公司长塘诊所,91330782MA8GQLWY7W,,无等级,,59435.0
义乌立营医疗管理有限公司稠城诊所,91330782MAELAE469R,,无等级,,59076.0
义乌立达医疗管理有限公司稠江诊所,91330782MA2K036H47,,无等级,,60035.0
义乌童瞳医疗管理有限公司稠城眼科诊所,91330782MAD8XHG49F,,无等级,,59265.0
义乌竹园中西医结合诊所,91330782MA2EDG9F88,,无等级,,59891.0
义乌筠霖医疗管理有限责任公司化工路中西医结合诊所,91330782MADXLRN56K,,无等级,,59141.0
义乌精心医疗管理有限公司北苑口腔诊所,91330782MAEQ8NPB1N,,无等级,,59112.0
义乌精齿医疗管理有限公司春华路口腔诊所,91330782MA2HT5KL70,,无等级,,59364.0
义乌糖果中西医结合诊所,91330782MA2EBC8W9N,,无等级,,60145.0
义乌素晶医疗管理有限公司黄山诊所,91330782MAK0CGH19P,,无等级,,59070.0
义乌紫橙医疗管理有限公司廿三里口腔诊所,91330782MAE3FWYY96,,无等级,,59289.0
义乌红红妇科诊所,91330782MA2HWL3232,,无等级,,59171.0
义乌红胜医疗管理有限公司佛堂白马诊所,91330782MAEG9AWFXA,,无等级,,59255.0
义乌美呀医疗管理有限责任公司江东口腔诊所,91330782MA2M16Y5X3,,无等级,,59867.0
义乌美悦医疗管理有限公司总部经济园美容诊所,91330782MA2M4FJW37,,无等级,,59132.0
义乌美时美刻医疗管理有限公司福田美容诊所,91330782MABN0B9U0F,,无等级,,59824.0
义乌美洛施医疗管理有限公司稠城医疗美容诊所,91330782MAC18BKQ3C,,无等级,,59014.0
义乌美熙医疗管理有限公司福田医疗美容诊所,91330782MAE5BU1F8X,,无等级,,59194.0
义乌群源医疗管理有限公司寺前街村中医诊所,91330782MAEPAHMN4Q,,无等级,,59185.0
义乌翊合医疗美容诊所,91330782MAEM1QMU4M,,无等级,,59090.0
义乌翊禾妇科诊所,91330782MAE5C322XH,,无等级,,59313.0
义乌翔翊诊所,91330782MA2HWCLC59,,无等级,,59122.0
义乌联欣诊所,91330782MA2ECT745Q,,无等级,,59883.0
义乌聚健医疗管理有限公司下江益中西医结合诊所,91330782MABRCCCC49,,无等级,,59819.0
义乌胡文娟中医诊所,91330782MA2EEUC24N,,无等级,,59639.0
义乌舒然医疗管理有限公司丹溪路医疗美容诊所,91330782MA2MPJ914B,,无等级,,59796.0
义乌舒立医疗管理有限公司廿三里口腔诊所,91330782MAD5UYK761,,无等级,,59650.0
义乌良健诊所,91330782MA2ED9YK94,,无等级,,59863.0
义乌艺家医疗管理有限公司稠城诊所,91330782MADFJMKN3A,,无等级,,59701.0
义乌艺晨医疗管理有限公司东前王口腔诊所,91330782MAETMJ0430,,无等级,,59080.0
义乌艾瑞医疗管理有限公司何麻车口腔诊所,91330782MA2K12HM8N,,无等级,,59862.0
义乌芭莎医疗管理有限公司稠江医疗美容诊所,91330782MABPJJNA3H,,无等级,,60152.0
义乌芽芽医疗管理有限公司东河口腔诊所,91330782MAD9T2K50L,,无等级,,59691.0
义乌茹圆诊所,92330782MA2EC3A6XW,,无等级,,59939.0
义乌荣华西医诊所,91330782MA2EEL621Q,,无等级,,60142.0
义乌荣昱口腔诊所,92330782MA2HQ3AL19,,无等级,,59874.0
义乌萱哲医疗管理有限公司沈村诊所,91330782MADKFTFL75,,无等级,,59667.0
义乌葛晗娟爱口腔门诊部有限公司东阳口腔诊所,91330783MACU8Q2J9P,,无等级,,56127.0
义乌葛菊维口腔诊所,92330782MA2A7HTE3K,,无等级,,60022.0
义乌董芝中西医结合诊所,91330782MA2EDQED0K,,无等级,,59951.0
义乌蒋文广中医诊所,TE3307823300251080,,无等级,,59886.0
义乌蒋诚林西医诊所,92330782MA2A9U3U5C,,无等级,,59991.0
义乌蓉珍医疗管理有限公司湖山诊所,91330782MACH262T1E,,无等级,,59800.0
义乌蓝欣医疗管理有限公司后申塘诊所,91330782MAC8Y20J2J,,无等级,,60134.0
义乌蓝欣宜源诊所,92330782MA2ED89Y18,,无等级,,59940.0
义乌蔡昊诊所,92330782MA2DDL5P7X,,无等级,,60043.0
义乌蕙欣医疗管理有限公司柳青诊所,91330782MACE3HXF7E,,无等级,,60050.0
义乌蕹雅医疗管理有限公司稠城医疗美容诊所,91330782MADN30CQ77,,无等级,,59487.0
义乌虞妲萍医疗管理有限公司江东口腔诊所,91330782MA8GM0JFX1,,无等级,,59047.0
义乌西何医疗管理有限公司后宅中西医诊所,91330782MACYJ8L922,,无等级,,59783.0
义乌西康西医诊所,TE3307823300527920,,无等级,,59751.0
义乌誉豪医疗管理有限公司杨街西医诊所,91330782MA2M43XJ65,,无等级,,59995.0
义乌誉豪医疗管理有限公司湖山诊所,91330782MA2ECMD95U,,无等级,,59695.0
义乌许丹诊所,91330782MA8G89QL1X,,无等级,,59266.0
义乌许仍和中医诊所,92330782MA2A54RK3M,,无等级,,59989.0
义乌诚亿医疗管理有限公司城北路医疗美容诊所,91330782MA2K090G4F,,无等级,,59637.0
义乌诚惠诊所,92330782MA2ABD3D0Q,,无等级,,59113.0
义乌诚顺医疗管理有限公司福田诊所,91330782MAC7N17E2E,,无等级,,60146.0
义乌谊馨张文德中西医诊所,91330782MACH5M0NX9,,无等级,,59806.0
义乌谦谦医疗管理有限公司城西口腔诊所,91330782MA2M2B4M7P,,无等级,,59980.0
义乌谭贵鸿诊所,92330782MA2EDU575C,,无等级,,60004.0
义乌豫康内科诊所,91330782MA2HQTYJ9T,,无等级,,59332.0
义乌豫皖内科诊所,91330782MA2HRY6638,,无等级,,59821.0
义乌貌雅医疗管理有限公司渡馨北路口腔诊所,91330782MA2M4ALG4C,,无等级,,59810.0
义乌貌雅医疗管理有限公司龙海口腔诊所,91330782MADQXWP19W,,无等级,,59547.0
义乌贝恩医疗管理有限公司北苑口腔诊所,91330782MADETPRT9W,,无等级,,59664.0
义乌贾旌中西医结合诊所,92330782MA2HWJJT05,,无等级,,59849.0
义乌贾蔚霞妇科诊所,92330782MA2ECGM965,,无等级,,59977.0
义乌赫柏医疗管理有限公司稠江诊所,91330782MABNL15C5B,,无等级,,60151.0
义乌赵建春中医诊所,92330782MA2EB3NWX0,,无等级,,60044.0
义乌赵明星口腔诊所,92330782MA2AB5GN3B,,无等级,,59859.0
义乌赵桂英医疗管理有限公司六一村诊所,91330782MADHMGY14E,,无等级,,59649.0
义乌赵桂英医疗管理有限公司城店路诊所,91330782MAC9RK4UXW,,无等级,,60138.0
义乌趣菲秀医疗管理有限公司工人南路医疗美容诊所,91330782MAC2CBRY6F,,无等级,,59678.0
义乌跃康医疗管理有限公司苏溪诊所,91330782MADH9DU60K,,无等级,,59294.0
义乌边平键中医诊所,TE3307823300461850,,无等级,,59988.0
义乌达康诊所,91330782MA2ED5UF19,,无等级,,59944.0
义乌速康中西医诊所,91330782MA2EENQX8Y,,无等级,,59861.0
义乌逸渝医疗管理有限公司佛堂口腔诊所,91330782MA2JYJ275B,,无等级,,59732.0
义乌道乙中西医结合诊所,91330782MADBQH3WXD,,无等级,,59723.0
义乌邵丽娟口腔诊所,92330782MA2AAKY72M,,无等级,,60080.0
义乌郑闻艺诊所,91330782MA2EE6CH15,,无等级,,60031.0
义乌郝美医疗管理有限公司春华路医疗美容诊所,91330782MABMYF3G3X,,无等级,,59741.0
义乌郡义堂医疗管理有限公司廿三里中西医结合诊所,91330782MAE9L2LM4Y,,无等级,,59358.0
义乌郡义堂医疗管理有限公司苏溪中西医结合诊所,91330782MAECHEP54N,,无等级,,59026.0
义乌郭兵医疗管理有限公司青口中西医诊所,91330782MADG1WFQ6G,,无等级,,59688.0
义乌郭康诊所,92330782MA2A6KTH04,,无等级,,60030.0
义乌郭艳红诊所,91330782MA2EARR46B,,无等级,,59727.0
义乌里民西医诊所,92330782MA2ECDHQ55,,无等级,,59961.0
义乌金义中医诊所,TE3307823300222920,,无等级,,59847.0
义乌金宸大药房有限公司银尔路中医诊所,91330782313560164B,,无等级,,59019.0
义乌金尚医疗管理有限公司上河诊所,91330782MA2M2FAKXQ,,无等级,,59848.0
义乌金承诊所,91330782MA2HR8DQ0A,,无等级,,59359.0
义乌金珉医疗管理有限公司青岩刘诊所,91330782MADJLQUUXA,,无等级,,59119.0
义乌金贤龙中医诊所,TE3307823300207870,,无等级,,59877.0
义乌金鸣凤西医诊所,92330782MA2A7L6P8G,,无等级,,59934.0
义乌鑫发医疗管理有限公司福田口腔诊所,91330782MAEUGEKH12,,无等级,,59109.0
义乌鑫宝诊所,91330782MAD9CM5B6T,,无等级,,59746.0
义乌鑫瑞医疗管理有限公司赤岸口腔诊所,91330782MA2M6T9W14,,无等级,,59881.0
义乌鑫盛医疗管理有限公司义亭五联路口腔诊所,91330782MADGP0CT5E,,无等级,,59579.0
义乌鑫茂医疗管理有限公司朝阳路口腔诊所,91330782MADHXCWK6W,,无等级,,59591.0
义乌鑫茂医疗管理有限公司白马口腔诊所,91330782MA2JWYQ19M,,无等级,,59567.0
义乌鑫诚医疗管理有限公司上溪诊所,91330782MADQUA2D41,,无等级,,59305.0
义乌鑫都口腔诊所,91330782MA2HWW7TXU,,无等级,,59048.0
义乌鑫鸿诊所,91330782MA8GAYLM72,,无等级,,59093.0
义乌鑫齿医疗管理有限公司上溪口腔诊所,91330782MAE5Y5B57D,,无等级,,59244.0
义乌钕人坊医疗美容诊所,91330782MADP78CMXK,,无等级,,59205.0
义乌钟小蓉妇科诊所,92330782MA2ECC7D2G,,无等级,,59299.0
义乌钱氏医疗管理有限公司陆港诊所,91330782MA2JYD4T1R,,无等级,,59990.0
义乌铂悦医疗管理有限公司稠城美容诊所,91330782MA7J9HNH8M,,无等级,,59996.0
义乌铃轩医疗管理有限公司下傅诊所,91330782MADJ99GL5Q,,无等级,,59085.0
义乌铭德诊所,91330782MADND6Y725,,无等级,,59262.0
义乌铭雅医疗管理有限公司后宅口腔诊所,91330782MAENCXHR85,,无等级,,59117.0
义乌银和妇科诊所,90330782MA2EDX9E6Y,,无等级,,60098.0
义乌锦康医疗管理有限公司城店路中医诊所,91330782MA2M2LL7X9,,无等级,,59887.0
义乌阳阳医疗管理有限公司上溪诊所,91330782MA2M1E1G1W,,无等级,,59704.0
义乌际妍医疗管理有限公司稠城医疗美容诊所,91330782MABX6T0GXP,,无等级,,59601.0
义乌陈丰平西医诊所,92330782MA2E73MT75,,无等级,,59942.0
义乌陈佳俊医疗管理有限公司上溪口腔诊所,91330782MABUJ4UXX7,,无等级,,59157.0
义乌陈佳口腔诊所,92330782MA2E6WH526,,无等级,,59999.0
义乌陈喜栋西医诊所,92330782MA2A5RNR82,,无等级,,60014.0
义乌陈奇才中医诊所,92330782MA2HQXR267,,无等级,,59918.0
义乌陈孝运中医诊所,92330782MA2K1RD94A,,无等级,,60000.0
义乌陈敦勇中医诊所,92330782MA2HTM3X3J,,无等级,,59672.0
义乌陈明伟诊所,92330782MA2A90HH6H,,无等级,,60074.0
义乌陈星明诊所,TE3307823300222550,,无等级,,60112.0
义乌陈玲娟诊所,92330782MA2A9BM255,,无等级,,59978.0
义乌陈秀斌诊所,92330782MA2A9A655U,,无等级,,59858.0
义乌陈红卫医疗管理有限公司篁园路口腔诊所,91330782MA2M33MY33,,无等级,,59296.0
义乌陈英中中医诊所,TE3307823300236610,,无等级,,59924.0
义乌陈蓓西医诊所,TE3307823300234470,,无等级,,59885.0
义乌陈运明中医诊所,TE3307823300205700,,无等级,,60052.0
义乌陈金标口腔诊所,92330782MA2AB5GY3K,,无等级,,59879.0
义乌陈雄伟口腔诊所,92330782MA2A8FQ85H,,无等级,未定级,60017.0
义乌陶中华诊所,TE3307823300222380,,无等级,,60040.0
义乌陶洪生中医诊所,TE3307823300212730,,无等级,,59901.0
义乌隆欣诊所,91330782MAD8WMNN73,,无等级,,59748.0
义乌雅健口腔诊所,91330782MA2EEG1A1P,,无等级,,59838.0
义乌雅卓医疗管理有限公司五爱妇科诊所,91330782MA2M3K3Q3A,,无等级,,60115.0
义乌雅皓医疗管理有限公司上溪口腔诊所,91330782MA2JYUNT9X,,无等级,,59352.0
义乌集康医疗管理有限公司大水畈诊所,91330782MAC12Y7H78,,无等级,,59127.0
义乌集康医疗管理有限公司廿三里诊所,91330782MA2K045X1U,,无等级,,59263.0
义乌雍华医疗管理有限公司上傅村西医诊所,91330782MAEE0KWU9Y,,无等级,,59307.0
义乌雍禾既美医疗管理有限公司福田医疗美容诊所,91330782MA7LM8P34H,,无等级,,59179.0
义乌雪兰医疗管理有限公司里宅诊所,91330782MACA7F6A7W,,无等级,,59789.0
义乌雷中田诊所,92330782MAEFCNJJ03,,无等级,,59277.0
义乌露西亚医疗服务有限公司北苑妇科诊所,91330782MAD0DNT413,,无等级,,59273.0
义乌青水中西医结合诊所,91330782MAEF8RHX1M,,无等级,,59223.0
义乌青牛医疗管理有限公司望道路中西医诊所,91330782MAD127W560,,无等级,,59208.0
义乌靓洁口腔诊所,91330782MA2EDJMY4X,,无等级,,59860.0
义乌韩时芳医疗管理有限公司苏溪诊所,91330782MA2JYUBY31,,无等级,,59272.0
义乌顺生口腔诊所,92330782MA2HR1YD9M,,无等级,,59474.0
义乌飞腾医疗管理有限公司下娄中西医结合诊所,91330782MACJLX9160,,无等级,,59992.0
义乌饶安中西医结合诊所,91330782MA2JXJL70A,,无等级,,59775.0
义乌饶康诊所,91330782MA2EEA9M4E,,无等级,,59959.0
义乌马琳口腔诊所,92330782MA2HWP2F4F,,无等级,,59653.0
义乌骆关兴中医诊所,TE3307823300474000,,无等级,,59931.0
义乌骆冰雁西医诊所,TE3307823300221300,,无等级,,60110.0
义乌骆日升西医诊所,TE3307823300203180,,无等级,,60079.0
义乌骆李君西医诊所,TE3307823300214070,,无等级,,60150.0
义乌骆红黛西医诊所,92330782MA2ECWQT9P,,无等级,,60037.0
义乌高挺西医诊所,92330782MA2JY4L166,,无等级,,60063.0
义乌鲍建丽诊所,TE3307823300199030,,无等级,,59873.0
义乌鸿伟口腔诊所,91330782MAECBWW63P,,无等级,,59268.0
义乌鸿祥妇科诊所,91330782MA2JXB550G,,无等级,,60053.0
义乌麦佳医疗管理有限公司北苑口腔诊所,91330782MACWDY810J,,无等级,,59742.0
义乌麦雅医疗管理有限公司杨村口腔诊所,91330782MADYCB170B,,无等级,,59592.0
义乌黄普洪西医诊所,92330782MA2HW20X61,,无等级,,60097.0
义乌黄青英口腔诊所,92330782MA2A9FL702,,无等级,,59491.0
义乌齐川医疗管理有限公司白岸头诊所,91330782MA2M30H641,,无等级,,59676.0
义乌齐美口腔诊所,91330782MA7DXJGC34,,无等级,,59348.0
义乌齿时代医疗管理有限公司稠江口腔诊所,91330782MADXPQG50Y,,无等级,,59102.0
义乌龙康中西医结合诊所,91330782MA2EEHQ872,,无等级,,59730.0
义乌龙惠医疗管理有限公司北苑诊所,91330782MABTUAMF71,,无等级,,59669.0
义乌龙惠医疗管理有限公司廿三里中西医诊所,91330782MABRGGQU3M,,无等级,,59709.0
义乌龚伟琴口腔诊所,92330782MA2AAJQYXP,,无等级,,60011.0
义乌龚双鹏口腔诊所,92330782MA2A8FF346,,无等级,,60100.0
义乌龚辉斌西医诊所,92330782MA2ECUB27P,,无等级,,60084.0
乍浦娄海瑾中医诊所,92330400MA2EYJLC2P,,无等级,,51541.0
乍浦张丽妹口腔诊所,92330400MA29G0JX72,,无等级,,51357.0
乐丁研（余姚）医疗美容诊所,91330281MA2J68598D,,无等级,,43615.0
乐清乐成乐美星尚医疗美容诊所,91330382MACUGCXM6Y,,无等级,,45509.0
乐清乐成云源全科诊所,91330382MA2L7M5J5U,,无等级,,45736.0
乐清乐成凤栖内科诊所,92330382MA2C7HD847,,无等级,,45526.0
乐清乐成刘晓中全科诊所,92330382MAK21TBW19,,无等级,,44774.0
乐清乐成博牙乐口腔诊所,92330382MA295P1N95,,无等级,,45486.0
乐清乐成君皓口腔诊所,91330382MA7DU0E98Y,,无等级,,45589.0
乐清乐成周丽琴中医诊所,92330382MAEKPG684G,,无等级,,45096.0
乐清乐成周氏中医诊所,92330382MA2H9Y438M,,无等级,,45559.0
乐清乐成周顺孟中医骨伤科诊所,92330382MA2CNUY642,,无等级,,45695.0
乐清乐成壹铭中医诊所,92330382MAD85QABXK,,无等级,,44703.0
乐清乐成夏海勇口腔诊所,92330382MA2CNKWY3J,,无等级,,45448.0
乐清乐成孔祥强口腔诊所,92330382MA2C5HAU4A,,无等级,,45602.0
乐清乐成康来福中医诊所,92330382MA2JC5CY1E,,无等级,,45536.0
乐清乐成康福堂中医诊所,92330382MA2c54MN82,,无等级,,45472.0
乐清乐成康馨妇科诊所,92330382MA2CACRM0F,,无等级,,45532.0
乐清乐成建虹中医诊所,92330382MA2BU9JXX5,,无等级,,45667.0
乐清乐成悦智医疗美容诊所,91330382MA2ATC5N0Q,,无等级,,45515.0
乐清乐成惠清全科诊所,91330382MAC88NQ67F,,无等级,,45740.0
乐清乐成戈氏内科诊所,92330382MA297MBX70,,无等级,,45656.0
乐清乐成汪德耀口腔诊所,92330382MA2CTDGL9A,,无等级,,45548.0
乐清乐成沈百舸口腔诊所,92330382MA7C2H0Y6J,,无等级,,45611.0
乐清乐成牙库口腔诊所,92330382MA7K0YBC98,,无等级,,45610.0
乐清乐成王涌口腔诊所,92330382MA2BTR8542,,无等级,,45480.0
乐清乐成王者口腔诊所,92330382MA2CP8RP6U,,无等级,,45580.0
乐清乐成甜西内科诊所,92330382MACC9LN612,,无等级,,45682.0
乐清乐成益明眼科诊所,91330382MA2JC33L2Q,,无等级,,45528.0
乐清乐成罗良富内科诊所,92330382MA298RXT3B,,无等级,,45730.0
乐清乐成美叶妇科诊所,92330382MA299NHJ44,,无等级,,45675.0
乐清乐成美畅妇科诊所,92330382MA2J8E86XP,,无等级,,45038.0
乐清乐成荷香妇科诊所,92330382MA298F4X9T,,无等级,,45711.0
乐清乐成董氏妇科诊所,92330382MA2ARXRU4U,,无等级,,45484.0
乐清乐成西岑内科诊所,92330382MA29860C7B,,无等级,,45731.0
乐清乐成西象口腔诊所,92330382MAC202ABX8,,无等级,,45593.0
乐清乐成赵章敏皮肤科诊所,92330382MABY7HCN7F,,无等级,,45539.0
乐清乐成金博内科医疗诊所,91330382MAEXDNN61T,,无等级,,44911.0
乐清乐成金博医疗美容诊所,91330382MAG03ADP79,,无等级,,44693.0
乐清乐成银潭全科医疗科诊所,92330382MA2HBMDU4K,,无等级,,45688.0
乐清乐成陆鸿内科诊所,92330382MA2941QA0Q,,无等级,,45385.0
乐清乐成陈建飞内科诊所,92330382MA286CYN8C,,无等级,,45503.0
乐清乐成陈慧丹妇科诊所,92330382MA2JAFQ41G,,无等级,,45492.0
乐清乐成雅美口腔诊所,92330382MA2C7M2TXM,,无等级,,45596.0
乐清乐成颜胜宏内科诊所,92330382MA2CN0795J,,无等级,,45477.0
乐清乐成高杰平中医诊所,92330382MA2BYU1470,,无等级,,45566.0
乐清北白象万家倪晓银口腔诊所,92330382MA2CP54155,,无等级,,44674.0
乐清北白象万家金都外科诊所,92330382MA2CNPJG7L,,无等级,,45701.0
乐清北白象中兴内科诊所,92330382MA2970CK7K,,无等级,,45684.0
乐清北白象京美口腔诊所,91330382MAED0RDK46,,无等级,,45172.0
乐清北白象众邦口腔诊所,91330382MAE2KYTP52,,无等级,,44957.0
乐清北白象余永敏口腔诊所,92330382MA2CQ2JK33,,无等级,,45624.0
乐清北白象倪元武口腔诊所,92330382MA298E6W02,,无等级,,45639.0
乐清北白象倪庆改中医诊所,92330382MA297FQG4P,,无等级,,45668.0
乐清北白象倪文飞内科诊所,92330382MA2CALLB78,,无等级,,45562.0
乐清北白象倪阿拾中医骨伤科诊所,92330382MA298K3H59,,无等级,,45516.0
乐清北白象刘海丰内科诊所,92330382MABN1MCL1L,,无等级,,45534.0
乐清北白象卓越口腔诊所,92330382MA2AQ9BU1T,,无等级,,45633.0
乐清北白象厉晓光全科医疗科诊所,91330382MAC610F56X,,无等级,,45467.0
乐清北白象叶乐苑内科诊所,92330382MA298E6X9Y,,无等级,,45638.0
乐清北白象周庆生内科诊所,92330382MA297FTN0W,,无等级,,45709.0
乐清北白象喜可口腔诊所,92330382MA2C5R2641,,无等级,,45626.0
乐清北白象嘉信口腔诊所,91330382MAE3WRUN2H,,无等级,,45368.0
乐清北白象嘉洁口腔诊所,91330382MA2L8WT563,,无等级,,45374.0
乐清北白象坂塘方定川内科诊所,92330382MA2C38CW8J,,无等级,,45724.0
乐清北白象夏柏成内科诊所,92330382MA29APN40L,,无等级,,45710.0
乐清北白象夏氏内科诊所,92330382MA2977TL27,,无等级,,45629.0
乐清北白象姜文荣口腔诊所,92330382MA298EDA5N,,无等级,,45583.0
乐清北白象岸巍中西医结合诊所,92330382MA2AU89454,,无等级,,45157.0
乐清北白象康乐妇科诊所,92330382MA2CN40M8D,,无等级,,44917.0
乐清北白象康禾全科诊所,92330382MADLW5024U,,无等级,,45420.0
乐清北白象张多义中西医结合诊所,92330382MA2CNNC06P,,无等级,,45705.0
乐清北白象张磊内科诊所,92330382MAE4G9W44R,,无等级,,45377.0
乐清北白象忠祥口腔诊所,92330382MA294JC091,,无等级,,45591.0
乐清北白象施中华中西医结合诊所,92330382MADG1KGA98,,无等级,,45437.0
乐清北白象李晓永内科诊所,92330382MA2HATFR6F,,无等级,,45732.0
乐清北白象杨松中医诊所,92330382MA2CNBFH1B,,无等级,,45648.0
乐清北白象沐珅堂中西医结合诊所,92330382MA2HAH8X81,,无等级,,45563.0
乐清北白象浙海内科诊所,92330382MA2J8A0174,,无等级,,45500.0
乐清北白象王锋中医诊所,92330382MA2CP3JJ2E,,无等级,,45698.0
乐清北白象琯头内科诊所,92330382MA2CA4Q298,,无等级,,45506.0
乐清北白象百余外科诊所,92330382MA2C0LB41X,,无等级,,45700.0
乐清北白象益鸣中西医结合诊所,91330382MAEB737DXD,,无等级,,44821.0
乐清北白象瞿闻雷眼科诊所,92330382MA297FN479,,无等级,,45662.0
乐清北白象立洁内科诊所,92330382MA2J881N84,,无等级,,45564.0
乐清北白象谢碎华口腔诊所,92330382MA2992660C,,无等级,,45433.0
乐清北白象郑元琴内科诊所,92330382MA297FN12N,,无等级,,45567.0
乐清北白象郑博口腔诊所,92330382MA294WW951,,无等级,,45447.0
乐清北白象郑秀娥全科诊所,91330382MAD60DP518,,无等级,,45451.0
乐清北白象阿乐内科诊所,92330382MA295M2L0E,,无等级,,45555.0
乐清北白象阿铃全科医疗科诊所,91330382MACU14PW3W,,无等级,,45551.0
乐清北白象陈叶飞全科诊所,91330382MAC42X468T,,无等级,,45685.0
乐清北白象陈小成内科诊所,92330382MA2CQ3TJ1G,,无等级,,45571.0
乐清北白象陈林松中医骨伤科诊所,92330382MAC145RX7X,,无等级,,45496.0
乐清北白象高春方内科诊所,92330382MA297APE88,,无等级,,45481.0
乐清北白象黄志好全科诊所,91330382MACWW8C00Q,,无等级,,44814.0
乐清北白象黄志玉妇科诊所,92330382MA297GRF5N,,无等级,,45718.0
乐清北白象黄蓓芸内科诊所,92330382MA297LA24X,,无等级,,45529.0
乐清华盟（温州）诊所连锁股份有限公司城东普通诊所,91330382MADQENW07X,,无等级,,44981.0
乐清南塘江桂青全科医疗科诊所,92330382MA298WC06Y,,无等级,,45520.0
乐清南塘牙博尔口腔诊所,91330382MA7LWYG59U,,无等级,,45519.0
乐清南塘连赛芬口腔诊所,91330382MAC83Q2H5F,,无等级,,45546.0
乐清南岳方加明内科诊所,92330382MA2CTCPR2A,,无等级,,45590.0
乐清城东丽诚口腔诊所,91330382MA2HB3YD70,,无等级,,45502.0
乐清城东军康全科诊所,92330382MAE1L1YR8L,,无等级,,45158.0
乐清城东启恩口腔诊所,92330382MACJW5U05T,,无等级,,45490.0
乐清城东安颜医疗美容诊所,91330382MA2L3YP16M,,无等级,,45678.0
乐清城东德恩堂中西医结合诊所,92330382MA2AWUKC1R,,无等级,,45499.0
乐清城东德润堂中医诊所,91330382MAEUGYE17N,,无等级,,44913.0
乐清城东惠创妇科诊所,91330382MAEF6W399U,,无等级,,45110.0
乐清城东捷程中西医结合诊所,92330382MA7DQ5U32R,,无等级,,45735.0
乐清城东王琼环中医诊所,92330382MA2L7UNC4B,,无等级,,45642.0
乐清城东益明眼科诊所,91330382MAD0P2BP7C,,无等级,,45497.0
乐清城东睿鑫口腔诊所,92330382MA2AQ8NU5E,,无等级,,45085.0
乐清城东知行中医诊所,91330382MA2JC9J92X,,无等级,,44678.0
乐清城东立初口腔诊所,92330382MACUHE0P10,,无等级,,45454.0
乐清城东章文永中医内科诊所,92330382MA287F6PXK,,无等级,,45604.0
乐清城东艾美时光医疗美容诊所,91330382MA7DB6FH2R,,无等级,,44975.0
乐清城东郑士旭中医诊所,92330382MAEAKL0K17,,无等级,,45334.0
乐清城东陈玲玲口腔诊所,92330382MA2AQP3M95,,无等级,,45600.0
乐清城东陈陈口腔诊所,92330382MA2AQLHX71,,无等级,,45588.0
乐清城东顾得美医疗美容诊所,91330382MA2CN3AP3L,,无等级,,45339.0
乐清城南乐元堂中医诊所,91330382MAEUEFX23L,,无等级,,44866.0
乐清城南佰杏内科诊所,92330382MA2AU1719F,,无等级,,45658.0
乐清城南健高儿科诊所,91330382MA7H21UBXU,,无等级,,45338.0
乐清城南兰积医疗美容诊所,91330382MA7BNBUJ10,,无等级,,45173.0
乐清城南兴华外科诊所,92330382MA2CN93784,,无等级,,45561.0
乐清城南南岸渔内科诊所,92330382MA2H99K74T,,无等级,,45707.0
乐清城南原素涉谷医疗美容诊所,91330382MAEN8P2T5Q,,无等级,,44779.0
乐清城南叶汉强内科诊所,92330382MA299G503Y,,无等级,,45545.0
乐清城南叶际建中医诊所,91330382MAK1F4AG15,,无等级,,44716.0
乐清城南合协内科诊所,92330382MA2L1NUM9X,,无等级,,45453.0
乐清城南吴应强外科诊所,91330382MA299JC9X2,,无等级,,45473.0
乐清城南周士锋口腔诊所,92330382MA2CN97816,,无等级,,45413.0
乐清城南周顺进内科诊所,92330382MA2ARPYJ7W,,无等级,,45039.0
乐清城南嘉美医疗美容诊所,91330382MA2JB36D0L,,无等级,,45416.0
乐清城南宁康五官科诊所,92330382MA29AUTD64,,无等级,,45494.0
乐清城南少燕口腔诊所,92330382MA2CQXM386,,无等级,,45215.0
乐清城南康美口腔诊所,92330382MA2C5LB653,,无等级,,45378.0
乐清城南张敏洁口腔诊所,92330382MA2CQA692B,,无等级,,45579.0
乐清城南杨诞口腔诊所,92330382MA2CPE7J6U,,无等级,,45533.0
乐清城南榕和堂中医诊所,91330382MAEMNPE21H,,无等级,,44929.0
乐清城南汇康普通诊所,92330382MA2BT8LH3L,,无等级,,44685.0
乐清城南海悦口腔诊所,91330382MAD6NNU3XY,,无等级,,45414.0
乐清城南涟漪口腔诊所,92330382MA2960C759,,无等级,,45365.0
乐清城南溢群中医诊所,92330382MA29998L58,,无等级,,44980.0
乐清城南珀芮施医疗美容诊所,91330382MADCQMLFXB,,无等级,,45337.0
乐清城南百珍东路舒可口腔诊所,91330382MADJBRFN5K,,无等级,,45067.0
乐清城南百草堂中医诊所,91330382MAEX6DK40D,,无等级,,44824.0
乐清城南益夫皮肤科诊所,92330382MA2HA2UP1L,,无等级,,44916.0
乐清城南科亦镁医疗美容诊所,91330382MACWGQ6Q7U,,无等级,,45487.0
乐清城南胡新芳中医诊所,92330382MA2HB1E67C,,无等级,,45556.0
乐清城南臻美肌医疗美容诊所,91330382MACJ1KR32G,,无等级,,45456.0
乐清城南舒可口腔诊所,91330382MA2H9JDR03,,无等级,,45111.0
乐清城南艳飞口腔诊所,92330382MA2AQ2M23D,,无等级,,45582.0
乐清城南蓓拉医疗美容诊所,91330382MABW70PH2C,,无等级,,45463.0
乐清城南贝宁口腔诊所,92330382MA2C9TNX6N,,无等级,,45542.0
乐清城南钱成康中西医结合诊所,92330382MA2L74CH4H,,无等级,,45089.0
乐清城南陈安福口腔诊所,92330382MA2CRXWR3W,,无等级,,45578.0
乐清城南黄忠强骨伤科诊所,92330382MA29876342,,无等级,,45664.0
乐清城南黄笑微内科诊所,92330382MA298JGX6B,,无等级,,45606.0
乐清城南齿间口腔诊所,91330382MACDQWL46P,,无等级,,44688.0
乐清大荆刘记口腔诊所,92330382MA296TN585,,无等级,,45614.0
乐清大荆吕孟虎内科诊所,92330382MA2C11MH9B,,无等级,,45661.0
乐清大荆干重芳中医诊所,92330382MA2BTJ3Y89,,无等级,,45713.0
乐清大荆德佳口腔诊所,92330382MA2CN1PL0G,,无等级,,45609.0
乐清大荆方济中医诊所,92330382MADP4K456Y,,无等级,,45411.0
乐清大荆智园内科诊所,91330382MACTPG7P4E,,无等级,,45335.0
乐清大荆洁雅口腔诊所,92330382MA2C923R69,,无等级,,45597.0
乐清大荆滕国平中医口腔诊所,92330382MA2C7RW58F,,无等级,,45620.0
乐清大荆荆品口腔诊所,92330382MADX50W1X8,,无等级,,45131.0
乐清大荆荆山坚果口腔诊所,92330382MA2JA0G63Y,,无等级,,45586.0
乐清大荆薇薇口腔诊所,92330382MA2C480EXQ,,无等级,,44801.0
乐清天成臻品口腔诊所,92330382MAC1LM7Y78,,无等级,,45380.0
乐清柳市一信堂中医诊所,92330382MA295ULH0W,,无等级,,45458.0
乐清柳市一心口腔诊所,92330382MA297EUA8P,,无等级,,45408.0
乐清柳市一直爱眼科诊所,91330382MA2HDHA909,,无等级,,45396.0
乐清柳市上五宅福堂全科诊所,91330382MADAQDTH0N,,无等级,,45449.0
乐清柳市丽珍中医诊所,92330382MA2CAQTHOP,,无等级,,45479.0
乐清柳市乐康内科诊所,92330382MA297B2R0T,,无等级,,45673.0
乐清柳市乾蓉内科诊所,92330382MA2C8K579E,,无等级,,45540.0
乐清柳市亿露美医疗美容诊所,91330382MA2AT3K62W,,无等级,,45653.0
乐清柳市众善中医诊所,91330382MAEU0WNY15,,无等级,,44985.0
乐清柳市众康口腔诊所,91330382MAEBLFJ5XY,,无等级,,44932.0
乐清柳市倪虹华内科诊所,92330382MA2AQFTA9J,,无等级,,45574.0
乐清柳市全智胜内科诊所,92330382MA296XRP8E,,无等级,,45517.0
乐清柳市创兴口腔诊所,91330382MAE4C3851Q,,无等级,,45369.0
乐清柳市创美口腔诊所,91330382MADF2K9H6N,,无等级,,45422.0
乐清柳市利林全科医学科诊所,92330382MA298FWD30,,无等级,,45544.0
乐清柳市前州内科诊所,92330382MA297D1W0N,,无等级,,45692.0
乐清柳市单强国内科诊所,92330382MA297FU92B,,无等级,,45671.0
乐清柳市南立内科诊所,92330382MA299341XW,,无等级,,45632.0
乐清柳市博恩口腔诊所,92330382MA2C78WR63,,无等级,,45444.0
乐清柳市叶建丹口腔诊所,92330382MA2H9B1H01,,无等级,,45595.0
乐清柳市吉美医疗美容诊所,91330382MAK3U1W307,,无等级,,44700.0
乐清柳市吉铭普通诊所,91330382MAC80THX32,,无等级,,45428.0
乐清柳市吴尊道内科诊所,92330382MA297KEF3P,,无等级,,45459.0
乐清柳市吴文豪医疗美容诊所,91330382MA2L3PYB0J,,无等级,,45390.0
乐清柳市吴旭忠中医骨伤科诊所,92330382MA2CN3U491,,无等级,,45618.0
乐清柳市周建烽内科诊所,92330382MA2CN01L5U,,无等级,,45683.0
乐清柳市四板桥陈云行中医诊所,92330382MA2971YN4T,,无等级,,45577.0
乐清柳市圣乐口腔诊所,91330382MA2HBB9DXN,,无等级,,45628.0
乐清柳市大木山中医骨伤科诊所,92330382MA2C3NPL18,,无等级,,45505.0
乐清柳市奥言口腔诊所,91330382MADY3T2N8B,,无等级,,45404.0
乐清柳市好医家儿科诊所,91330382MAC785JM33,,无等级,,45547.0
乐清柳市安民内科诊所,92330382MA2999BP7J,,无等级,,45418.0
乐清柳市宝仁阁中医诊所,92330382MACTAY2G6E,,无等级,,45462.0
乐清柳市宝库贡庄中医诊所,92330382MA2J9NPX98,,无等级,,45631.0
乐清柳市寿春堂中医诊所,92330382MA2C8ENJ5R,,无等级,,45715.0
乐清柳市康惠皮肤科诊所,92330382MA2H9TUN3F,,无等级,,45522.0
乐清柳市康诚内科诊所,TE3303823300515580,,无等级,,45495.0
乐清柳市张晓军口腔诊所,92330382MA2CBETN2J,,无等级,,45488.0
乐清柳市徐若飞中医诊所,92330382MA2AT8MK3R,,无等级,,45402.0
乐清柳市心良妇科诊所,92330382MA7JJ9D32M,,无等级,,45641.0
乐清柳市旭周口腔诊所,92330382MAEG0CXXXF,,无等级,,45121.0
乐清柳市旭琴口腔诊所,92330382MA7KKG0Y9A,,无等级,,45478.0
乐清柳市普益旭丹内科诊所,92330382MA297EJ657,,无等级,,45741.0
乐清柳市景春堂中医诊所,92330382MA2AWBH374,,无等级,,45508.0
乐清柳市曼清口腔诊所,91330382MACGL7744Q,,无等级,,45605.0
乐清柳市朝晖内科诊所,92330382MA298YTN8R,,无等级,,45672.0
乐清柳市朱强海内科诊所,92330382MA2HANWFX9,,无等级,,45504.0
乐清柳市李振孟中医诊所,92330382MA29770146,,无等级,,45655.0
乐清柳市林智蒸内科诊所,92330382MA297B5E3R,,无等级,,45694.0
乐清柳市林琴姿皮肤科诊所,92330382MACMT6B97Y,,无等级,,45601.0
乐清柳市林进内科诊所,92330382MA2CN7PEXF,,无等级,,45460.0
乐清柳市柳虹骨科诊所,92330382MAEK05XN2R,,无等级,,45109.0
乐清柳市民德中医诊所,91330382MACECWQC8J,,无等级,,45677.0
乐清柳市汉医堂中医诊所,92330382MA2C8XKE77,,无等级,,45518.0
乐清柳市泰和春中西医结合诊所,92330382MA298P4P0J,,无等级,,45607.0
乐清柳市浙和堂中医诊所,91330382MAC2XE7F6E,,无等级,,45531.0
乐清柳市海兵口腔诊所,91330382MABW4RY67M,,无等级,,45634.0
乐清柳市海容内科诊所,92330382MA2HAYWD3G,,无等级,,45557.0
乐清柳市深蓝口腔诊所,91330382MADT2YAM46,,无等级,,45405.0
乐清柳市湖横小明口腔诊所,92330382MA295PM393,,无等级,,45575.0
乐清柳市湖横骨科诊所,92330382MA2C8Q8L91,,无等级,,45712.0
乐清柳市燕宇全科医疗科诊所,92330382MA2998050L,,无等级,,45721.0
乐清柳市牙管家口腔诊所,91330382MAEH0WBT2U,,无等级,,45075.0
乐清柳市王仲开口腔诊所,92330382MA286YL66Y,,无等级,,45625.0
乐清柳市王寿安中医诊所,92330382MA2CNPYU74,,无等级,,45738.0
乐清柳市益康外科诊所,91330382MA2HAQDL6K,,无等级,,45464.0
乐清柳市益瞳眼科诊所,91330382MABULE744H,,无等级,,45498.0
乐清柳市目目佳中医眼科诊所,92330382MAE4P15M7E,,无等级,,45389.0
乐清柳市瞿园园眼科诊所,91330382MA2JCHE76B,,无等级,,45645.0
乐清柳市瞿恩宪口腔诊所,92330382MA2C35X79T,,无等级,,45398.0
乐清柳市瞿理哲中医眼科诊所,92330382MA296RD75K,,无等级,,45510.0
乐清柳市石勇中医诊所,92330382MA2CTPP828,,无等级,,45541.0
乐清柳市福瑞祥普通诊所,92330382MAE5XB5A0N,,无等级,,45364.0
乐清柳市秦新建口腔诊所,92330382MA2C8F68X6,,无等级,,45376.0
乐清柳市立凡口腔诊所,92330382MA7BJ20Q1R,,无等级,,45430.0
乐清柳市立品口腔诊所,92330382MA2JAH3164,,无等级,,45439.0
乐清柳市立言口腔诊所,92330382MA2CNDEM18,,无等级,,45581.0
乐清柳市立诺口腔诊所,92330382MA2AQE9T4U,,无等级,,45093.0
乐清柳市章蓓蓓口腔诊所,92330382MA29666R7B,,无等级,,45640.0
乐清柳市红炜巾妇科诊所,91330382MA2L2XYJ2K,,无等级,,45466.0
乐清柳市继明内科诊所,91330382MAK3HPCP8B,,无等级,,44689.0
乐清柳市美亿大医疗美容诊所,91330382MAC1987B5E,,无等级,,45356.0
乐清柳市胡丹婵内科诊所,92330382MA298H973C,,无等级,,45708.0
乐清柳市胡乐丹中医诊所,92330382MA298UBY2L,,无等级,,45699.0
乐清柳市蒋育飞全科诊所,91330382MAC6EFWQ8J,,无等级,,45733.0
乐清柳市薛杰外科诊所,92330382MA296MLJ0A,,无等级,,45704.0
乐清柳市薛氏皮肤科诊所,91330382741026224Y,,无等级,,45572.0
乐清柳市谢宇宙中西医结合诊所,92330382MA295Q1W56,,无等级,,45552.0
乐清柳市豫康中西医结合诊所,91330382MAECU6CXXD,,无等级,,45229.0
乐清柳市郑元平中医诊所,92330382MA2AQU1H9J,,无等级,,45549.0
乐清柳市郑建双内科诊所,92330382MA2L6L4W7L,,无等级,,45514.0
乐清柳市郑玉荣内科诊所,92330382MA2966MT5B,,无等级,,45696.0
乐清柳市郑立明内科诊所,92330382MA2CADX28J,,无等级,,45523.0
乐清柳市郑章兴口腔诊所,92330382MADCKRFH96,,无等级,,45371.0
乐清柳市郑素洁口腔诊所,92330382MA2CPPPL7W,,无等级,,45636.0
乐清柳市金芳内科诊所,92330382MA2BY44J8C,,无等级,,45657.0
乐清柳市镇一内科诊所,92330382MA2CQNQ449,,无等级,,45643.0
乐清柳市长丰胡建超口腔诊所,92330382MA295Q1P8A,,无等级,,45630.0
乐清柳市陈新义中医骨伤科诊所,92330382MA2979W99B,,无等级,,45716.0
乐清柳市陈晓丹口腔诊所,92330382MA2C85T11H,,无等级,,45431.0
乐清柳市陈永平内科诊所,92330382MA2CAFGN7Q,,无等级,,45521.0
乐清柳市陈雪芬妇科诊所,92330382MA2978FA62,,无等级,,45475.0
乐清柳市韦利芳内科诊所,92330382MA2J9LHG3P,,无等级,,45659.0
乐清柳市韩彩斌中医诊所,92330382MAK021EY4K,,无等级,,44705.0
乐清柳市韩斌口腔诊所,92330382MA2C2NJN4F,,无等级,,45598.0
乐清柳市高国荣外科诊所,92330382MA297FAX1C,,无等级,,45553.0
乐清柳市高海瓯中医骨伤科诊所,913303825505426000,,无等级,,45703.0
乐清柳市麦芽口腔诊所,92330382MA2L6BWH5A,,无等级,,45254.0
乐清柳市黄七甲丁香园全科诊所,91330382MAC5FF559L,,无等级,,44858.0
乐清柳市黄七甲内科诊所,92330382MA2CALJ123,,无等级,,45687.0
乐清柳市黄七甲皮肤科诊所,92330382MA2C9LJP35,,无等级,,45660.0
乐清柳市黄佳杰中医诊所,92330382MA2AWBD823,,无等级,,45530.0
乐清柳市黄永强内科诊所,92330382MA297E4E50,,无等级,,45697.0
乐清柳市黄浦内科诊所,92330382MA2AQ8HT9D,,无等级,,45565.0
乐清柳市齿康口腔诊所,92330382MAD00C1F2Y,,无等级,,45457.0
乐清淡溪佳美口腔诊所,91330382MA2JAPA98Q,,无等级,,45106.0
乐清淡溪创优口腔诊所,91330382MAK11RCMXP,,无等级,,44757.0
乐清淡溪昉康内科诊所,92330382MA2AU5UU36,,无等级,,45379.0
乐清淡溪缪修海内科诊所,92330382MA29AYMX6X,,无等级,,45717.0
乐清淡溪美妙口腔诊所,91330382MAEHE23F1G,,无等级,,45055.0
乐清淡溪阿星中西医结合诊所,92330382MA2CQ8YT9C,,无等级,,45619.0
乐清淡溪雨晨口腔诊所,92330382MA7BW4N60W,,无等级,,45489.0
乐清清江李北飞口腔诊所,92330382MA2L950294,,无等级,,45133.0
乐清清江陈作明中医内科诊所,92330382MA2L74A296,,无等级,,45652.0
乐清湖雾仙彬内科诊所,92330382MA2C14TY0Y,,无等级,,45693.0
乐清湖雾牙博尔口腔诊所,91330382MACTCLB67L,,无等级,,45524.0
乐清白石周忠义口腔诊所,92330382MA296Y266B,,无等级,,45423.0
乐清白石屠文伟外科诊所,92330382MA2970B748,,无等级,,45665.0
乐清白石屠方祥中医内科诊所,92330382MA2970C89E,,无等级,,45666.0
乐清白石街口口腔诊所,92330382MA2945L32X,,无等级,,45470.0
乐清白石陈玲内科诊所,92330382MA297LXG5B,,无等级,,45670.0
乐清白石鼎康中医诊所,92330382MA297LXL6J,,无等级,,45435.0
乐清盐盆乐澄内科诊所,91330382MADGJ8R88D,,无等级,,45424.0
乐清盐盆亮明珠口腔诊所,91330382MAG0WGQY8Y,,无等级,,44811.0
乐清盐盆仁智内科诊所,92330382MAEQBR3X9M,,无等级,,44970.0
乐清盐盆佳和口腔诊所,91330382MAE36UPY7N,,无等级,,45209.0
乐清盐盆健安内科诊所,91330382MAC6WHY282,,无等级,,45690.0
乐清盐盆南家中医诊所,92330382MA7KRMXN3N,,无等级,,45654.0
乐清盐盆培兴内科诊所,92330382MA2AQ4G71E,,无等级,,45570.0
乐清盐盆康寿堂中医诊所,92330382MA2CQ4WC6C,,无等级,,45680.0
乐清盐盆心怡口腔诊所,92330382MA2CTUDN2T,,无等级,,45594.0
乐清盐盆杨辉球内科诊所,92330382MA2AU5JD4P,,无等级,,45647.0
乐清盐盆潘纪宣内科诊所,92330382MAC05B4J7U,,无等级,,45501.0
乐清盐盆王叶平口腔诊所,92330382MA2CQEYH78,,无等级,,45637.0
乐清盐盆百悦内科诊所,91330382MADJGLBC0M,,无等级,,45330.0
乐清盐盆益肤皮肤科诊所,92330382MAETAFU99E,,无等级,,44950.0
乐清盐盆陈斌中医诊所,92330382MA2C9BGE7U,,无等级,,45686.0
乐清石帆季福锋口腔诊所,92330382MA2964NM9R,,无等级,,45622.0
乐清石帆康民内科诊所,92330382MA298W2J8Y,,无等级,,45663.0
乐清石帆文亮中西医结合诊所,92330382MA2L1XR23Y,,无等级,,45689.0
乐清石帆海萍口腔诊所,92330382MA298XGB42,,无等级,,44706.0
乐清石帆蒙生口腔诊所,92330382MA2CTWU32X,,无等级,,45535.0
乐清磐石晓乐口腔诊所,92330382MA2CQ46J8U,,无等级,,45627.0
乐清翁垟乐橙口腔诊所,91330382MAE0YBXT5W,,无等级,,44773.0
乐清翁垟前湖内科诊所,91330382MAEEPYB47D,,无等级,,45181.0
乐清翁垟北山前一心内科诊所,92330382MA299A2Y6T,,无等级,,45527.0
乐清翁垟南氏口腔诊所,92330382MA2JBWW332,,无等级,,45584.0
乐清翁垟博康全科诊所,92330382MA2CNAM39G,,无等级,,45723.0
乐清翁垟妇康妇科诊所,92330382MA2CNFFE8T,,无等级,,45702.0
乐清翁垟德鑫全科医疗科诊所,92330382MA2CP5T657,,无等级,,45650.0
乐清翁垟悦丽口腔诊所,92330382MA2H9P5K9C,,无等级,,45587.0
乐清翁垟明恩内科诊所,91330382MAERU2NM2Y,,无等级,,44699.0
乐清翁垟杨峻口腔诊所,92330382MA29AUQR1M,,无等级,,45576.0
乐清翁垟永锋内科诊所,92330382MABWLY7Q0W,,无等级,,45391.0
乐清翁垟沙头陈汉明中医诊所,92330382MA2AW3U89E,,无等级,,45649.0
乐清翁垟沙角黄贤武中医骨伤科诊所,92330382MA2CPD1Y85,,无等级,,45651.0
乐清翁垟王金存内科诊所,TE3303823300303320,,无等级,,45722.0
乐清翁垟益康外科诊所,91330382MA2JB5PB0H,,无等级,,44869.0
乐清翁垟童氏中医骨伤诊所,92330382MA297GHN7N,,无等级,,45491.0
乐清翁垟谷瑞芳内科诊所,92330382MA2L4TYA9P,,无等级,,45726.0
乐清翁垟金晓武口腔诊所,92330382MA298R0Q97,,无等级,,45461.0
乐清翁垟阿丽妇科诊所,92330382MA2984863P,,无等级,,45482.0
乐清芙蓉志信口腔诊所,92330382MA2L1MH388,,无等级,,45613.0
乐清芙蓉谢道梅内科诊所,92330382MA2CTTNB5L,,无等级,,45493.0
乐清芙蓉金山口腔诊所,92330382MA2CNHR3XP,,无等级,,45041.0
乐清蒲岐宁雅口腔诊所,91330382MAD88J2C4Q,,无等级,,45393.0
乐清蒲岐康平口腔诊所,92330382MA29A7CH8E,,无等级,,45623.0
乐清蒲岐德诺口腔诊所,91330382MA2AQEYD2J,,无等级,,45375.0
乐清蒲岐秀连内科诊所,92330382MA298XBQ56,,无等级,,45042.0
乐清蒲岐童素英内科诊所,91330382MA2AW7NE4Q,,无等级,,45706.0
乐清蒲岐金珊芬中医诊所,92330382MA2C5P3N4Q,,无等级,,45483.0
乐清虹桥东央口腔诊所,92330382MABU05NK8K,,无等级,,45511.0
乐清虹桥严维钏内科诊所,92330382MA2976N263,,无等级,,45681.0
乐清虹桥乐帆口腔诊所,92330382MADMDQBK6R,,无等级,,45382.0
乐清虹桥乐虹新美妇科诊所,92330382MA298Y2T5C,,无等级,,45644.0
乐清虹桥众灵中医诊所,92330382MA2BX0PD68,,无等级,,45554.0
乐清虹桥何祖成口腔诊所,92330382MA2C915L7B,,无等级,,45592.0
乐清虹桥倪伟成内科诊所,92330382MA2985WMXG,,无等级,,45727.0
乐清虹桥倪海峰内科诊所,92330382MA2L33AWXQ,,无等级,,45739.0
乐清虹桥博洁口腔诊所,91330382MA2HCBUA44,,无等级,,45132.0
乐清虹桥厚德堂中医诊所,91330382MA294QGG47,,无等级,,45714.0
乐清虹桥厚铺中医诊所,91330382MADFED6E9D,,无等级,,45438.0
乐清虹桥叶丰眼科诊所,92330382MA2CRA7L24,,无等级,,45538.0
乐清虹桥吴乐飞口腔诊所,91330382MA2AUWD89Y,,无等级,,45612.0
乐清虹桥吴思权外科诊所,92330382MA2CNQ3151,,无等级,,45476.0
乐清虹桥周氏口腔诊所,92330382MA2AW4RK0R,,无等级,,45608.0
乐清虹桥周陇口腔诊所,92330382MA29ANAMXL,,无等级,,45616.0
乐清虹桥品善口腔诊所,92330382MACD5RD71P,,无等级,,45573.0
乐清虹桥地天泰中西医结合诊所,92330382MA2L1YQE8C,,无等级,,45674.0
乐清虹桥平康内科诊所,92330382MA297KK172,,无等级,,45617.0
乐清虹桥康满堂中西医结合诊所,91330382MADYDXB883,,无等级,,45386.0
乐清虹桥康虹妇科诊所,91330382MAC6R1637W,,无等级,,45048.0
乐清虹桥张赛微内科诊所,92330382MA2CNBW278,,无等级,,45734.0
乐清虹桥方氏外科诊所,92330382MA2HB3JW78,,无等级,,45725.0
乐清虹桥晓珍口腔诊所,92330382MA2AQ12L9F,,无等级,,45452.0
乐清虹桥本末全科诊所,92330382MA29A15AX5,,无等级,,45569.0
乐清虹桥朱孔勤内科诊所,92330382MA297K0H01,,无等级,,45729.0
乐清虹桥林咸吉中医诊所,92330382MA296K9J99,,无等级,,45676.0
乐清虹桥林时寿内科诊所,92330382MA298A7L65,,无等级,,45421.0
乐清虹桥林速平皮肤科诊所,92330382MA299XDR1X,,无等级,,45720.0
乐清虹桥柏康内科诊所,92330382MA297BPT3C,,无等级,,45728.0
乐清虹桥正雅口腔诊所,92330382MA297HM11C,,无等级,,45513.0
乐清虹桥海琳口腔诊所,92330382MA29A9J5XK,,无等级,,45603.0
乐清虹桥爱康内科诊所,92330382MA2L30D5XC,,无等级,,45646.0
乐清虹桥王雪艽中医诊所,92330382MA2L1BRT4Q,,无等级,,45737.0
乐清虹桥瑞人堂康盛堂育虹中医诊所,91330382MA2CQ6KQXE,,无等级,,45450.0
乐清虹桥瑾颜医疗美容诊所,91330382MA7FRF247L,,无等级,,45485.0
乐清虹桥益宏堂中西医结合诊所,92330382MABW30BR3H,,无等级,,45400.0
乐清虹桥益寿全科诊所,91330382MACNRP435K,,无等级,,45061.0
乐清虹桥缪海霞内科诊所,92330382MA297E9F5D,,无等级,,45507.0
乐清虹桥胡秀丰口腔诊所,92330382MA2HBE4P4R,,无等级,,45615.0
乐清虹桥蒲岐爱齿口腔诊所,92330382MA2C72PUXL,,无等级,,45621.0
乐清虹桥蔡全新骨科诊所,92330382MA297M816Y,,无等级,,44825.0
乐清虹桥蔡氏皮肤科诊所,92330382MAEGBRPF2E,,无等级,,45200.0
乐清虹桥薛氏中医诊所,91330382MAC4LDD131,,无等级,,45525.0
乐清虹桥许建明口腔诊所,91330382MA2AQPJ439,,无等级,,45585.0
乐清虹桥诺云外科诊所,91330382MA2L1WK0X7,,无等级,,45366.0
乐清虹桥贝晶口腔诊所,92330382MABMDLM218,,无等级,,45635.0
乐清虹桥赵阿林中医诊所,92330382MA7NHGY896,,无等级,,45426.0
乐清虹桥逸术医疗美容诊所,91330382MABLKD73XW,,无等级,,45719.0
乐清虹桥郑乐芬口腔诊所,92330382MA2JAQBDXP,,无等级,,45409.0
乐清虹桥郑邦平中医骨伤科诊所,92330382MA2C6MLK16,,无等级,,45537.0
乐清虹桥郑鸰鹦内科诊所,92330382MA2CN3LQ15,,无等级,,45560.0
乐清虹桥金方成口腔诊所,92330382MA2JBUMG07,,无等级,,45436.0
乐清虹桥钱利微内科诊所,92330382MA2CNYWC19,,无等级,,45691.0
乐清虹桥雪尚颜医疗美容诊所,91330382MAEEYM0C9J,,无等级,,44787.0
乐清虹桥高清口腔诊所,91330382MA2AW4PM40,,无等级,,45599.0
乐清雁荡徐健口腔诊所,91330382MAC9A80U90,,无等级,,45568.0
乐清雁荡王加祥中医诊所,92330382MA298Q45X1,,无等级,,45468.0
乐清黄华中医骨伤科诊所,92330382MA2C68J31C,,无等级,,45679.0
九三学社舟山市委医疗诊所,11330900790958917E,,无等级,,62965.0
九美鱼（青田）医疗美容诊所有限公司,91331121MABLX6AA8M,,无等级,,68120.0
云和乐民诊所,92331125MA2FYPUP3Q,,无等级,,68808.0
云和二军诊所,９２３３１１２５ＭＡ２Ｇ０ＰＦ４２Ｘ,,无等级,,68822.0
云和云善口腔诊所有限公司,91331125MACWEGHM6B,,无等级,,68754.0
云和众康中西医诊所,92331125MA2HKF2F1J,,无等级,,68838.0
云和佳倍洁口腔诊所有限公司,92331125MA2A0QC823,,无等级,,68749.0
云和信益口腔诊所,92331125MABN04G86C,,无等级,,68834.0
云和元浮诊所,92331125MA28JC450U,,无等级,,68831.0
云和兴齿牙科诊所,TE3311253300130600,,无等级,,68825.0
云和刘丽华牙科诊所,TE3311253300129360,,无等级,,68820.0
云和刘权根诊所,TE3311253300111390,,无等级,,68807.0
云和县白龙山凤凰山街道社区卫生服务中心,12332523472370595H,未定级,未定级,无级别,68753.0
云和吴荣泽中草药诊所,92331125MA2E49BQ2T,,无等级,,68814.0
云和回春中草药诊所,92331125MA2FXLLF8T,,无等级,,68824.0
云和夏云霞诊所,92331125MA28JC5J12,,无等级,,68823.0
云和宋氏诊所,TE3311253300116140,,无等级,,68821.0
云和廖忠成牙科诊所有限公司,92331125MA2E2EQ32K,,无等级,,68810.0
云和德良诊所,92331125MACTHWC60J,,无等级,,68812.0
云和怡康诊所,92331125MAD1B6F547,,无等级,,68811.0
云和恩哲口腔诊所有限公司,91331125MAC38M275R,,无等级,,68758.0
云和慈爱诊所,TE3311253300115920,,无等级,,68833.0
云和杨氏诊所,92331125MACH31D73U,,无等级,,68827.0
云和民康西医内科诊所,92331125MA2A114DX0,,无等级,,68837.0
云和江根田诊所,TE3311253300112150,,无等级,,68817.0
云和沈庭法诊所,92331125MA28JE6B8L,,无等级,,68832.0
云和洁康牙科诊所有限公司,91331125MA2E3RJB4A,,无等级,,68828.0
云和济世堂诊所有限公司,91331125MA2E4N5425,,无等级,,68836.0
云和爱雅口腔诊所,92331125MACG9WMBXW,,无等级,,68809.0
云和牙博益口腔诊所,TE3311253300473570,,无等级,,68839.0
云和牙牙乐牙科诊所有限公司,91331125MA7J3E6E43,,无等级,,68815.0
云和百龄帮诊所有限公司,91331125MA2E2HJT9P,,无等级,,68813.0
云和益民诊所有限公司,91331125MA2E1U1H65,,无等级,,68818.0
云和真诚中西医诊所,92331125MA2A06GH7G,,无等级,,68829.0
云和立健诊所,TE3311253300474680,,无等级,,68835.0
云和诚仁诊所,TE3311253300123380,,无等级,,68819.0
云和金梁口腔诊所,92331125MA2E4N0K12,,无等级,,68826.0
云和陈武秀眼耳鼻喉科诊所,92331125MACEPX3A96,,无等级,,68830.0
云和齐正牙科诊所有限公司,TE3311253300094650,,无等级,,68816.0
云和齿康牙科诊所,TE3311253300091900,,无等级,,68806.0
五敏康颐堂（杭州）健康管理有限公司听涛路诊所,91330114MA8GF8BD6W,,无等级,,36849.0
五班堂（杭州）中医诊所,91330102MAEH5FQL35,,无等级,,35860.0
京东元健大药房（杭州）有限公司解放路诊所,91330102MADBWT0T1Q,,无等级,,35934.0
京杭健康科技（杭州）有限公司富阳口腔诊所,91330183MADR74RR75,,无等级,,33860.0
仙居一享口腔诊所,91331024MABRPD6X14,,无等级,,66617.0
仙居上张红亮口腔诊所,92331024MA2KB12L6M,,无等级,,66609.0
仙居下各增产口腔诊所,92331024MA2KBBYEXX,,无等级,,66671.0
仙居下各舒适口腔诊所,91331024MA2KANABX4,,无等级,,66591.0
仙居下各荷玲口腔诊所,92331024MA2DWTQX15,,无等级,,66662.0
仙居下各雅乐口腔诊所,92331024MA2DX9FE72,,无等级,,66628.0
仙居南峰一佳口腔门诊部,91331024MAC0JRR168,无级别,无级别,,66584.0
仙居南峰一佳口腔门诊部有限公司下各口腔诊所,91331024MADJMGR11K,,无等级,,66598.0
仙居南峰一佳口腔门诊部有限公司官路口腔诊所,91331024MAD980K690,,无等级,,66605.0
仙居南峰亦享口腔诊所,91331024MACYYEX11A,,无等级,,66593.0
仙居南峰光强诊所,92331024MA2DXLQT2H,,无等级,,66666.0
仙居南峰剑斌口腔诊所,92331024MA29XD3R4J,,无等级,,66681.0
仙居南峰南门诊所,52331024MJ9866117G,,无等级,,66669.0
仙居南峰卫红口腔诊所,92331024MA28HU5K8R,,无等级,,66631.0
仙居南峰安雪口腔诊所,91331024MAC9EL65XU,,无等级,,66618.0
仙居南峰宝林中医诊所,92331024MA2HJ0333A,,无等级,,66621.0
仙居南峰崔武真诊所,92331024MACAR62G5M,,无等级,,66644.0
仙居南峰张锦水诊所,92331024MABPPR5L3R,,无等级,,66596.0
仙居南峰微笑口腔诊所,91331024MABQ134Q2H,,无等级,,66653.0
仙居南峰德康堂中医诊所,91331024MA29YRGW1P,,无等级,,66594.0
仙居南峰德康诊所,92331024MA2HE2WJ7K,,无等级,,66639.0
仙居南峰思淇医疗美容诊所,91331024MA2K75NU23,,无等级,,66630.0
仙居南峰惠民西医诊所,52331024MJ9865974K,,无等级,,66680.0
仙居南峰景凤中医诊所,92331024MACRGJE442,,无等级,,66620.0
仙居南峰智勇诊所,91331024MACK5KQT1X,,无等级,,66602.0
仙居南峰本草堂中医诊所,52331024MJ98657559,,无等级,,66694.0
仙居南峰滕飞诊所,92331024MA2APAE7XA,,无等级,,66616.0
仙居南峰焕灵中医诊所,92331024MA2HHHJ06Q,,无等级,,66679.0
仙居南峰王焕勇西医诊所,92331024MA28HGMX43,,无等级,,66683.0
仙居南峰王相勤中医诊所,92331024MABP5F1M4K,,无等级,,66642.0
仙居南峰环城南路中医诊所,52331024MJ9865739K,,无等级,,66657.0
仙居南峰琴英口腔诊所,92331024MA2HE1TE4K,,无等级,,66455.0
仙居南峰百乐中医诊所,91331024MA2AMKQ69Q,,无等级,,66572.0
仙居南峰百家诊所,52331024MJ9865958X,,无等级,,66664.0
仙居南峰相灿中医诊所,92331024MACFJDNQ09,,无等级,,66637.0
仙居南峰福仁诊所,92331024MACTL2NT9K,,无等级,,66619.0
仙居南峰维益口腔诊所,52331024MJ98657634,,无等级,,66608.0
仙居南峰胡氏中医诊所,92331024MAC82C4PXN,,无等级,,66685.0
仙居南峰舒欣口腔诊所,92331024MA2DXALN1B,,无等级,,66640.0
仙居南峰蔡氏口腔诊所,91331024MA2HJPR696,,无等级,,66655.0
仙居南峰西门街诊所,92331024MA29WDPR9U,,无等级,,66603.0
仙居南峰雪雅口腔诊所,92331024MA7KUE5G2Y,,无等级,,66677.0
仙居南峰骥东口腔诊所,92331024MA29WEMA3M,,无等级,,66660.0
仙居县中医院,12331024472750029D,二级,二级,无级别,66570.0
仙居县双庙乡卫生院,123310244727509935,一级,一级,未定级,66447.0
仙居县大战乡卫生院,1233102468312292X5,一级,一级,未定级,66451.0
仙居县安岭乡卫生院,123310246982774576,一级,一级,未定级,66486.0
仙居县横溪镇张庄村卫生室,1233102473923979X4,未定级,未定级,一级,66481.0
仙居县淡竹乡卫生院,12331024698275590U,一级,一级,未定级,66480.0
仙居县白塔中心卫生院,12331024472750838Q,一级,一级,未定级,66482.0
仙居县第五人民医院（仙居县红十字第五人民医院）,123310244727506279,二级,二级,未定级,66457.0
仙居双庙应战中西医结合诊所,92331024MA2DY1YX7L,,无等级,,66684.0
仙居埠头凯翔口腔诊所,92331024MAC7QBWHX9,,无等级,,66636.0
仙居埠头采芳口腔诊所,92331024MAC5UQN55G,,无等级,,66692.0
仙居大战敏力口腔诊所,91331024MABMKKBHXW,,无等级,,66659.0
仙居奕美医疗美容诊所,91331024MA2DWQ9L7X,,无等级,,66615.0
仙居安岭旺康诊所,92331024MA7C2QL65P,,无等级,,66689.0
仙居安洲三叶口腔诊所,92331024MA2DUCN56K,,无等级,,66604.0
仙居安洲为民诊所,91331024MACE8JR68P,,无等级,,66610.0
仙居安洲佑康诊所,52331024MJ9865771Y,,无等级,,66696.0
仙居安洲利微口腔诊所,92331024MA29WE1Y62,,无等级,,66625.0
仙居安洲和丰堂中医诊所,91331024MA29YPBNOK,,无等级,,66693.0
仙居安洲和正堂中医诊所,92331024MACPG1M36Y,,无等级,,66622.0
仙居安洲咏飞口腔诊所,92331024MA2DYB1A6H,,无等级,,66697.0
仙居安洲妙林诊所,92331024MA2KAXJ20X,,无等级,,66627.0
仙居安洲宇清诊所,92331024MA2G990332,,无等级,,66633.0
仙居安洲安橙口腔诊所,91331024MAD4F02P3P,,无等级,,66612.0
仙居安洲工益口腔诊所,92331024MA2MAJGE3X,,无等级,,66658.0
仙居安洲建荣诊所,91331024MA7CXD25XF,,无等级,,66614.0
仙居安洲德医堂中医诊所,92331024MA2DTUIGXK,,无等级,,66634.0
仙居安洲明豪口腔诊所,92331024MA2ALC9Q7J,,无等级,,66691.0
仙居安洲普仁堂中医诊所,52331024MJ986615XQ,,无等级,,66647.0
仙居安洲毕氏口腔诊所,92331024MA2KA2LW4D,,无等级,,66700.0
仙居安洲王张国中医诊所,92331024MABN0Q1F8H,,无等级,,66682.0
仙居安洲用健诊所,92331024MA2AMY2H44,,无等级,,66649.0
仙居安洲益欣诊所,92331024MA2K7WTT68,,无等级,,66473.0
仙居安洲红裙子医疗美容诊所,92331024MA7AP51X5P,,无等级,,66629.0
仙居安洲苏娇诊所,92331024MABTCTTU8H,,无等级,,66599.0
仙居安洲诚济诊所,91331024MA2MA4A694,,无等级,,66448.0
仙居安洲雅健口腔诊所,91331024MAD75QM21F,,无等级,,66607.0
仙居安洲颐之堂中医诊所,92331024MA28H3XK22,,无等级,,66652.0
仙居官路德逾堂中医诊所,92331024MA2ANML17R,,无等级,,66678.0
仙居官路月亮花口腔诊所,92331024MA2MA1W79J,,无等级,,66676.0
仙居官路蔡国利中医诊所,92331024MABMXN9N5C,,无等级,,66675.0
仙居德爱堂中医诊所,92331024MAE6TYHK0M,,无等级,,66592.0
仙居横溪俞氏口腔诊所,91331024MA2KBRAW82,,无等级,,66665.0
仙居横溪季子晔诊所,92331024MA2HJYAM6N,,无等级,,66674.0
仙居横溪季真理口腔诊所,91331024MA2DWUM25U,,无等级,,66611.0
仙居横溪张氏中医诊所,92331024MA2ANXUKX2,,无等级,,66638.0
仙居横溪思宇口腔诊所,92331024MA2HE8CT8F,,无等级,,66601.0
仙居横溪泮氏口腔诊所,91331024MA2K7XEP0Q,,无等级,,66654.0
仙居横溪潘国泽口腔诊所,91331024MAC8TKELXU,,无等级,,66635.0
仙居横溪真海口腔诊所,92331024MA2HEJUN39,,无等级,,66651.0
仙居横溪福康诊所,92331024MABM6Y4165,,无等级,,66595.0
仙居横溪秀林口腔诊所,91331024MA2K9Y8W3U,,无等级,,66667.0
仙居横溪秀琴诊所,92331024MA2DYLD75G,,无等级,,66643.0
仙居横溪舒健诊所,92331024MA2DWMEB65,,无等级,,66698.0
仙居横溪良月诊所,92331024MA2DUJU17A,,无等级,,66626.0
仙居溪港杨相贵中医诊所,92331024MACFATUK0G,,无等级,,66650.0
仙居田市安语诊所,92331024MA2MB2PH40,,无等级,,66668.0
仙居田市甄好口腔诊所,92331024MAC9NE270W,,无等级,,66641.0
仙居白塔吴寿雨中医诊所,92331024MACFYFTB37,,无等级,,66688.0
仙居白塔宗茂口腔诊所,91331024MA2KBAXH5W,,无等级,,66583.0
仙居白塔春喜诊所,92331024MACEXH809C,,无等级,,66690.0
仙居白塔朱志远中医诊所,92331024MA2KBC3M09,,无等级,,66687.0
仙居白塔李天明口腔诊所,91331024MACFHB865K,,无等级,,66589.0
仙居白塔瑞康诊所,92331024MACF5BJ27E,,无等级,,66646.0
仙居皤滩萱博口腔诊所,91331024MA2KAT74XQ,,无等级,,66648.0
仙居福应再福口腔诊所,92331024MA29WENN61,,无等级,,66454.0
仙居福应华芙医疗美容诊所,91331024MA2KAU2AXR,,无等级,,66663.0
仙居福应南门街诊所,92331024MA2AN62T1E,,无等级,,66673.0
仙居福应品诺口腔诊所,92331024MA28HE1G6U,,无等级,,66624.0
仙居福应国锋口腔诊所,92331024MA2AMJ3G1Q,,无等级,,66600.0
仙居福应妍美医疗美容诊所,91331024MACFWNDF5X,,无等级,,66645.0
仙居福应小燕诊所,92331024MACEG267X5,,无等级,,66656.0
仙居福应崔仙华诊所,92331024MA28H8KBXQ,,无等级,,66699.0
仙居福应康明口腔诊所,92331024MAD3FD9F06,,无等级,,66476.0
仙居福应徐特诊所,92331024MA29Y3JF63,,无等级,,66670.0
仙居福应慈恩堂中医诊所,91331024MA28HND815,,无等级,,66661.0
仙居福应林伟力诊所,92331024MA29X4WU91,,无等级,,66686.0
仙居福应永兵口腔诊所,91331024MA2KBDPX3N,,无等级,,66632.0
仙居福应永安诊所,52331024MJ9866109M,,无等级,,66672.0
仙居福应渲林诊所,91331024MA2KAFHU8Q,,无等级,,66606.0
仙居福应珍康源诊所,91331024MAK0YBMP32,,无等级,,66461.0
仙居福应福音诊所,5233102434148439X4,,无等级,,66695.0
仙居素元医疗美容诊所,91331024MAE2FUEW9P,,无等级,,66441.0
仟佰俪（杭州）医疗美容诊所,91330113MAE83TPR5H,,无等级,,35412.0
代海波口腔诊所,92330702MA2FPHYJ9X,,无等级,,57740.0
伊姿（舟山）医疗美容诊所,91330901MA2DM7MT5E,,无等级,,62949.0
众爱口腔,91330922MAEW01UJ0K,,无等级,,62818.0
余姚一修口腔诊所（普通合伙）,91330281595365809N,,无等级,,44138.0
余姚丁橙口腔诊所,91330281MAE6MRAG65,,无等级,,43988.0
余姚万圣诊所,52330281MJ9063306W,,无等级,,44091.0
余姚万茶莲口腔诊所（普通合伙）,913302815953836441,,无等级,,43632.0
余姚丈亭新民中路口腔诊所（普通合伙）,91330281MA281JYB1F,,无等级,,43882.0
余姚三禾口腔诊所,91330281MA2GQCPW0H,,无等级,,44010.0
余姚中博口腔诊所,91330281MA2GQGK40Y,,无等级,,44146.0
余姚临云内科诊所,91330281MACLTCUG0K,,无等级,,44053.0
余姚临山洪流内科诊所,91330281MA2H56JK4C,,无等级,,44030.0
余姚临山陈丽芳口腔诊所,91330281MA29358L10,,无等级,,44104.0
余姚丽君内科诊所,92330281MA2CJRLTXA,,无等级,,44116.0
余姚丽齿口腔诊所,91330281MA2H7JXF9C,,无等级,,43893.0
余姚九久堂中医综合诊所,92330281MA2H7HGW46,,无等级,,44157.0
余姚二禾中医综合诊所,91330281MA2J68DPXA,,无等级,,43806.0
余姚于英霞植德口腔诊所,91330281MA2J5LN5XR,,无等级,,43822.0
余姚京冠口腔诊所,91330281MA2H5AYFXN,,无等级,,44020.0
余姚京澜星汇医疗美容诊所,91330281MA7HGW8Q3Q,,无等级,,44127.0
余姚仁治内科诊所,91330281MACQ4JJH6F,,无等级,,44048.0
余姚仙桥诊所（普通合伙）,91330281563888496F,,无等级,,43983.0
余姚低塘褚与刚中医诊所,92330281MA2ENKDC4F,,无等级,,44096.0
余姚低塘镆剑山陈育农中医妇科诊所,92330281MA2845BC1T,,无等级,,44113.0
余姚佳美口腔诊所（普通合伙）,913302817782362097,,无等级,,44137.0
余姚依瑞诊所,91330281MA2KR9G610,,无等级,,43595.0
余姚保全堂中医综合诊所,91330281MA2H7MP70U,,无等级,,44109.0
余姚保庆路诊所（普通合伙）,91330281790075129Q,,无等级,,44139.0
余姚俞守定诊所（普通合伙）,91330281768501558L,,无等级,,44005.0
余姚俞幼薇口腔诊所,92330281MA283C1R4K,,无等级,,43963.0
余姚俞继光妇儿诊所,92330281MA2END6N0A,,无等级,,44107.0
余姚健一儿科诊所,91330281MA7DYRH92M,,无等级,,43594.0
余姚健齿口腔诊所,91330281MA2GU1490R,,无等级,,44153.0
余姚兰悦轩医疗美容诊所,91330281MADE6F904T,,无等级,,43980.0
余姚兴华口腔诊所,91330281MA2CMPHR96,,无等级,,44131.0
余姚冉冉美口腔诊所（普通合伙）,91330281MA2CKM4F94,,无等级,,43989.0
余姚军海诊所,92330281MA2AJ26B7U,,无等级,,44161.0
余姚利良诊所,91330281MA2KR70D1X,,无等级,,43816.0
余姚制衡内科诊所,91330281MA2CKPWY0E,,无等级,,43636.0
余姚包家路诊所,91330281753258639U,,无等级,,44068.0
余姚华吴中西医结合诊所（普通合伙）,9133028159535240XG,,无等级,,44039.0
余姚华春内科诊所,91330281MA2CM0Y24J,,无等级,,44040.0
余姚华黛医疗美容诊所,91330281MADDP1LPXA,,无等级,,44014.0
余姚博艺口腔诊所（普通合伙）,91330281583977955C,,无等级,,44086.0
余姚博诚口腔诊所,91330281MA2GT1Q878,,无等级,,44093.0
余姚卫民内科诊所,91330281MA2CJP2307,,无等级,,44111.0
余姚合一中医综合诊所,91330281MA2H51UN5H,,无等级,,44067.0
余姚合园口腔诊所,91330281MADWEB5C6U,,无等级,,43812.0
余姚同健内科诊所,91330281MAD6E5XA84,,无等级,,44018.0
余姚同君中西医结合诊所,91330281MAEJ8D9X6G,,无等级,,43972.0
余姚同和内科诊所,91330281MACG4R8340,,无等级,,44056.0
余姚同强全科诊所,91330281MADEB3GW5J,,无等级,,44001.0
余姚同瑞中西医结合诊所,91330281MAEPTC9F63,,无等级,,43603.0
余姚同益内科诊所,91330281MACJ7YX90H,,无等级,,44057.0
余姚同翔全科诊所,91330281MACNCUH05Y,,无等级,,44035.0
余姚同鹏全科诊所,91330281MADH6CD71H,,无等级,,44017.0
余姚名仕口腔诊所,91330281MA2CKLWR2R,,无等级,,43960.0
余姚吕华医堂诊所,91330281MADT0A6X2X,,无等级,,44012.0
余姚吕华医堂诊所有限公司城东诊所,91330281MAEJNMCW3D,,无等级,,43966.0
余姚周质文诊所（普通合伙）,9133028106294113XH,,无等级,,44122.0
余姚和庆堂中西医结合诊所,91330281MAC1BPH067,,无等级,,44045.0
余姚品圣口腔诊所,91330281MA2J3WHJ5T,,无等级,,44147.0
余姚嘉洁口腔诊所,91330281MA2CL08P1A,,无等级,,44136.0
余姚嘉耀内科诊所,91330281MACEUL7822,,无等级,,43968.0
余姚城东口腔诊所（普通合伙）,913302817960403490,,无等级,,44006.0
余姚塞曼九康中医综合诊所,91330281MA2KNGHH5Q,,无等级,,44038.0
余姚大隐任国柱诊所,91330281790065051M,,无等级,,44118.0
余姚妃妮施蕾妮雅医疗美容诊所,91330281MA7C9KM71N,,无等级,,44121.0
余姚妍美医疗美容诊所,91330281MAC80K174D,,无等级,,44066.0
余姚妍美柏合医疗美容诊所,91330281MA2J3LB95M,,无等级,,43973.0
余姚妮佳诊所（普通合伙),91330281587468074K,,无等级,,44133.0
余姚姚东诊所,91330281MADKRBP216,,无等级,,43971.0
余姚姚美口腔诊所,91330281MA2CL5PJ4P,,无等级,,44088.0
余姚娇颜医疗美容诊所,91330281MADCKAP23L,,无等级,,43874.0
余姚孙思代口腔诊所,91330281MA2CH0450N,,无等级,,44084.0
余姚宏康内科诊所,91330281MACB5XE80J,,无等级,,44028.0
余姚宏涛内科诊所,91330281MA2CL4LG14,,无等级,,44000.0
余姚小曹娥靖叶诊所,92330281MAD5LY7QX4,,无等级,,44036.0
余姚小氧贺帆医疗美容诊所,91330281MA2GQN2X2R,,无等级,,44015.0
余姚小鱼口腔诊所,91330281MA2H51RH77,,无等级,,44050.0
余姚市丈亭中心卫生院,12330281419645860B,一级,一级,无级别,43610.0
余姚市临山镇邵家丘村第一卫生室,123302814196458798,未定级,未定级,一级,43640.0
余姚市低塘中心卫生院,12330281419642627U,一级,一级,未定级,43602.0
余姚市兰江街道四明社区卫生服务站,12330281726406800R,未定级,未定级,一级,43598.0
余姚市凤山街道双河村第一卫生室,12330281764547145A,未定级,未定级,一级,43794.0
余姚市朗霞街道天中村卫生室,12330281739491725U,未定级,未定级,一级,43771.0
余姚市梨洲街道姜家渡村卫生室,123302814196458280,无级别,无级别,一级,43788.0
余姚市河姆渡镇芦山寺村浪墅桥卫生室,12330281720403182M,未定级,未定级,一级,43659.0
余姚市泗门镇西大街社区卫生服务站,12330281713385422T,未定级,未定级,二级,43712.0
余姚市牟山镇牟湖社区卫生服务站,12330281419645908K,未定级,未定级,一级,43787.0
余姚市阳明街道胜山社区卫生服务站,123302817394918215,未定级,未定级,无级别,43592.0
余姚市陆埠中心卫生院,123302817204232551,一级,一级,无级别,43608.0
余姚市马渚镇下叶社区卫生服务站,12330281717287942X,未定级,未定级,无级别,43604.0
余姚市鹿亭乡石潭村卫生室,12330281419645967N,未定级,未定级,一级,43699.0
余姚市黄家埠镇五车堰第一村卫生室,12330281419645836T,未定级,未定级,一级,43688.0
余姚干月朋皮肤科诊所（普通合伙）,91330281058279972H,,无等级,,44120.0
余姚平民内科诊所,91330281MAC19U3J5L,,无等级,,44095.0
余姚幼薇童童口腔门诊部健康路口腔诊所,91330281MAD9L0J39K,,无等级,,43621.0
余姚应氏全科诊所,92330281MACNLAWW7G,,无等级,,44052.0
余姚庞如凤内科诊所,92330281MA2H7RHU1B,,无等级,,44154.0
余姚康仁中西医结合诊所,91330281MA2H75WG24,,无等级,,44072.0
余姚康兴口腔诊所,91330281MA2GTMMA5K,,无等级,,43976.0
余姚康明中西医结合诊所,91330281MADH180B3E,,无等级,,43627.0
余姚康济中西医结合诊所,91330281MA2H5J4Q3M,,无等级,,44102.0
余姚康源斋中医综合诊所,91330281MA2GTU9L42,,无等级,,44108.0
余姚康源诊所,91330281MAG0K0TXXD,,无等级,,43630.0
余姚康玉口腔诊所,91330281MA2GQJK9XC,,无等级,,43807.0
余姚康雅口腔诊所,91330281MA2CK8G55K,,无等级,,44055.0
余姚延康堂中医综合诊所,91330281MA2H83JE3M,,无等级,,44098.0
余姚建军内科诊所,92330281MACY2GBC2L,,无等级,,44041.0
余姚建黎内科诊所,91330281MA2CMN3C19,,无等级,,44085.0
余姚张召楠中西医结合诊所,92330281MA2KQWBY6A,,无等级,,43984.0
余姚强辉口腔诊所（普通合伙）,9133028178042644XJ,,无等级,,44132.0
余姚徐晓春口腔诊所,92330281MA2EP1DG6F,,无等级,,44024.0
余姚德亿口腔诊所,91330281MA2CK30Y7L,,无等级,,44134.0
余姚德康中西医结合诊所,91330281MAE6MJG52W,,无等级,,43597.0
余姚德行医疗管理有限公司河悦府诊所,91330281MACCJXYL14,,无等级,,44044.0
余姚恩典口腔诊所,91330281MA2CKY708K,,无等级,,43986.0
余姚恩康口腔诊所,91330281MAEB6T477W,,无等级,,43813.0
余姚悦禾医疗美容诊所,91330281MAC26CRM8W,,无等级,,44059.0
余姚惠佳诺尔口腔诊所,91330281MA2905XW4H,,无等级,,43962.0
余姚方华口腔诊所,91330281MAC7A0Y303,,无等级,,44029.0
余姚方志华口腔诊所,91330281MA2CL519XY,,无等级,,44077.0
余姚易民中西医结合诊所,91330281MAC1WXD07J,,无等级,,44117.0
余姚春林口腔诊所,91330281MA2J3EHN96,,无等级,,44129.0
余姚春辉内科诊所,91330281MADDH70T12,,无等级,,44011.0
余姚晏猛中西医结合诊所,92330281MA2AG9JP7F,,无等级,,44099.0
余姚普仁中西医结合诊所,91330281MA2J654Y8P,,无等级,,44071.0
余姚朗海中西医结合诊所,91330281MADLCYLF43,,无等级,,44003.0
余姚朗霞朝阳路口腔诊所（普通合伙）,9133028176451778XE,,无等级,,44058.0
余姚朗霞诺齿口腔诊所,91330281MA2GWRUL6F,,无等级,,43881.0
余姚朱寄望内科诊所,92330281MA2ENNCE2B,,无等级,,44145.0
余姚李玉芹内科诊所,92330281MA2CJ8LB06,,无等级,,44070.0
余姚杏林中西医结合林枫诊所,91330281MADFK9R0XY,,无等级,,44008.0
余姚杏林中西医结合诊所,91330281MA2J6Y7G92,,无等级,,44002.0
余姚杏林中西医结合长丰桥路诊所,91330281MABMTCPK0C,,无等级,,43593.0
余姚杜义弄诊所,91330281753279763Q,,无等级,,44105.0
余姚柏悦口腔诊所,91330281MAC899DD9L,,无等级,,44032.0
余姚桐下湖中医综合诊所,91330281551147914N,,无等级,,43639.0
余姚梁弄立成口腔诊所（普通合伙）,913302815775092823,,无等级,,44115.0
余姚梁弄诺尔口腔诊所,91330281MA2CLEF186,,无等级,,44125.0
余姚梁辉张广州中医伤科诊所,92330281MA28464B19,,无等级,,44101.0
余姚梨洲花苑口腔诊所,91330281MA2CK3FX4F,,无等级,,44089.0
余姚植德口腔诊所,91330281MA2H60NL7R,,无等级,,44144.0
余姚欣阳口腔诊所,91330281MA2CKRDB7R,,无等级,,44119.0
余姚毛必旺内科诊所,92330281MA2KQHRU41,,无等级,,44049.0
余姚民功内科诊所,91330281MA2CLU26XG,,无等级,,44103.0
余姚永丽口腔诊所（普通合伙）,9133028130901833X2,,无等级,,44090.0
余姚汪小仙内科诊所,91330281MABPDE156J,,无等级,,44112.0
余姚沁妍医疗美容诊所,91330281MADAD8UJ9C,,无等级,,44033.0
余姚沁悦中医综合诊所,91330281MA2GR3780Q,,无等级,,44080.0
余姚沈安民口腔诊所,91330281MA2CLGY9X3,,无等级,,44025.0
余姚河姆渡曹文学口腔诊所,92330281MA2EPELX13,,无等级,,44150.0
余姚泓雅口腔诊所,91330281MA7HQM2Y8P,,无等级,,43998.0
余姚泗门冉冉美口腔诊所,91330281MA2KN0K958,,无等级,,43614.0
余姚泗门姚国湘诊所,92330281MA2ENG23XF,,无等级,,44060.0
余姚泗门小路下内科诊所,91330281MA2GRCY52F,,无等级,,44046.0
余姚泗门欣阳口腔诊所,91330281MAD68G3D9P,,无等级,,44019.0
余姚泗门汝湖口腔诊所（普通合伙）,91330281570520278P,,无等级,,44013.0
余姚泗门西郊内科诊所（普通合伙）,91330281583964177R,,无等级,,43624.0
余姚泗门诺尔口腔诊所,91330281MA2CL5TJX6,,无等级,,44054.0
余姚泗门龚以龙内科诊所,92330281MA284AC381,,无等级,,44152.0
余姚泽源口腔诊所,91330281MA7L1GLH09,,无等级,,44163.0
余姚泽齿口腔诊所,91330281MA2CML6W95,,无等级,,43628.0
余姚泽齿雅康口腔诊所,91330281MA2J3Y0L97,,无等级,,44063.0
余姚泽齿雅致口腔诊所,91330281MA2H5AAB4K,,无等级,,43964.0
余姚浔甬阁中医综合诊所,92330281MA2KQ00D73,,无等级,,44043.0
余姚浩宇诊所,91330281MADL8U70XJ,,无等级,,44004.0
余姚渔溪口腔诊所,91330281MA2H74BJ08,,无等级,,44051.0
余姚灵洁口腔诊所,91330281MA2CKGE89H,,无等级,,44130.0
余姚爱尔光明眼科诊所,91330281MACJJ64D88,,无等级,,43606.0
余姚爱齿六都口腔诊所,91330281MA2GUQ8J6J,,无等级,,43974.0
余姚牙博口腔诊所,91330281MA2GQKMA3F,,无等级,,44069.0
余姚牙友瑞美口腔诊所,91330281MA2H5ECB88,,无等级,,43880.0
余姚牙舒美口腔诊所,91330281MAEGANDJ2T,,无等级,,43970.0
余姚牙适美诺尔口腔诊所,91330281MA2CMQPNXA,,无等级,,44042.0
余姚王迪宇口腔诊所,92330281MA2AJYDH87,,无等级,,44156.0
余姚玲艺口腔诊所,91330281MA7EJBTQ3U,,无等级,,44162.0
余姚珉工内科诊所,91330281MA2KQ04J1F,,无等级,,44023.0
余姚瑞都口腔诊所,91330281MA2H5EA99X,,无等级,,44047.0
余姚白兔眼科诊所,91330281MAC5837E49,,无等级,,44007.0
余姚百仁内科诊所,91330281MADKUPBX01,,无等级,,44022.0
余姚百信内科诊所,91330281MACQ30KKXL,,无等级,,43969.0
余姚百康内科诊所,91330281MAD1FT4R9B,,无等级,,44034.0
余姚皓洁口腔诊所,91330281MA2GRJR65Q,,无等级,,44076.0
余姚益健诊所,91330281MA7B89TA4W,,无等级,,44094.0
余姚益民中西医结合诊所,91330281MA2H6W33XT,,无等级,,43975.0
余姚看健眼科诊所,91330281MA2H67BG90,,无等级,,44082.0
余姚知视堂眼科诊所,91330281MA7KTWHH0X,,无等级,,43591.0
余姚矮凳桥口腔诊所,91330281MA2H8T6D3N,,无等级,,44142.0
余姚竹山桥郑传荣诊所,913302817782184736,,无等级,,44075.0
余姚笑然口腔诊所,91330281MA2CMXQ822,,无等级,,44061.0
余姚筱雨口腔诊所,91330281MABTRF7M61,,无等级,,44078.0
余姚素云内科诊所,91330281MAC08DWL3Y,,无等级,,44073.0
余姚素问中西医结合诊所,91330281MAEK83MY0D,,无等级,,43810.0
余姚维康口腔诊所（普通合伙）,91330281595366131G,,无等级,,44064.0
余姚美博康诊所,91330281MAD89H3E7N,,无等级,,43999.0
余姚美良口腔诊所,91330281MA2GR94Y0R,,无等级,,44143.0
余姚美雅口腔诊所,91330281MADJ3PQU3M,,无等级,,43626.0
余姚老方桥诺尔口腔诊所,91330281MA2CLE1515,,无等级,,43961.0
余姚胜一口腔诊所,91330281MAE0QH6095,,无等级,,43981.0
余姚舜济中西医结合诊所,91330281MAET1D405H,,无等级,,43625.0
余姚舜科内科诊所,91330281MADBDPQW7E,,无等级,,43637.0
余姚舜辰中医综合诊所,91330281MA7HXW2X5N,,无等级,,44123.0
余姚艾萨特眼科诊所,91330281MAC3YN7L64,,无等级,,43891.0
余姚芹芹内科诊所,92330281MA2CKYR05D,,无等级,,44074.0
余姚若羲内科诊所（普通合伙）,913302810714799608,,无等级,,44128.0
余姚莳影医疗美容诊所,91330281MADRM5G43U,,无等级,,43967.0
余姚蓓俪莎医疗美容诊所,91330281MACU27WR0N,,无等级,,44016.0
余姚虹桥内科诊所,91330281MAE6274U9J,,无等级,,43994.0
余姚虹海口腔诊所,91330281MA2CKHD18Q,,无等级,,43985.0
余姚诚康诊所,91330281MAE9W24KX5,,无等级,,43992.0
余姚诚心内科诊所,91330281MA2J7YC3XN,,无等级,,44079.0
余姚诺齿口腔诊所,91330281MA2GQGLY2M,,无等级,,44031.0
余姚谭家内科诊所,91330281MAEJAGQB3Y,,无等级,,43823.0
余姚贝佳斯优美口腔诊所,91330281MA2GTMM97Q,,无等级,,44037.0
余姚贝佳斯口腔诊所,91330281MA2CMF2L7U,,无等级,,44141.0
余姚贝德口腔诊所,91330281MA2CMXYN6Y,,无等级,,44083.0
余姚贵仁堂中医综合诊所,91330281MAE3P7RU8H,,无等级,,43888.0
余姚赵亭中医综合诊所,91330281MAERP51706,,无等级,,43617.0
余姚邵立明眼科诊所,91330281MADKHY7P3J,,无等级,,43979.0
余姚邹吉忠口腔诊所,92330281MA2CH5UD52,,无等级,,44149.0
余姚邹欣荣口腔诊所,91330281MA293NJ17J,,无等级,,44160.0
余姚郑巷张蔚口腔诊所,92330281MA2CL4DP4R,,无等级,,44114.0
余姚金阿侯皮肤科诊所（普通合伙）,913302815953870550,,无等级,,44135.0
余姚钟荣定耳鼻咽喉科诊所,92330281MA293FJH6A,,无等级,,44092.0
余姚钱新宏中医诊所,92330281MA2EPU0X1F,,无等级,,44106.0
余姚锦弘内科诊所,91330281MAE5YHU34B,,无等级,,43993.0
余姚键安内科诊所,91330281MA2H4QGQ3D,,无等级,,43965.0
余姚阳明人和中医综合诊所,92330281MADWM7C803,,无等级,,43811.0
余姚陆埠冉冉美易盈口腔诊所,91330281MA2CJTYT8C,,无等级,,43808.0
余姚陆埠康馨口腔诊所（普通合伙）,913302817804489807,,无等级,,44140.0
余姚陈学峰口腔诊所,91330281MA290LFU7N,,无等级,,44151.0
余姚雅正口腔诊所,91330281MA2J5WP360,,无等级,,43629.0
余姚雪晴全科诊所,91330281MA2GWBEC7B,,无等级,,44097.0
余姚青山诊所,52330281MJ9063349A,,无等级,,44124.0
余姚韩氏中医综合诊所,91330281MA2GW1P872,,无等级,,44159.0
余姚顺宇内科诊所,91330281MA2CKWW369,,无等级,,44062.0
余姚飞翔内科诊所,91330281MADL075R1U,,无等级,,43814.0
余姚馨悦口腔诊所,91330281MA2J45U392,,无等级,,44110.0
余姚马渚小马路口腔诊所（普通合伙）,91330281053819570N,,无等级,,44126.0
余姚马渚徐爱君中医诊所,92330281MA2EPX5284,,无等级,,44100.0
余姚马渚王炳桓口腔诊所,92330281MA2ENJH760,,无等级,,44148.0
余姚马渚胡海明诊所,92330281MA283LMH0A,,无等级,,44155.0
余姚马渚邵新瑛口腔诊所,91330281MA28YU9F5A,,无等级,,44081.0
余姚鸿艺口腔诊所（普通合伙）,91330281053814358X,,无等级,,44087.0
余姚麦缇盛医疗美容诊所,91330281MADUMQ0681,,无等级,,44009.0
余姚黄家埠顾华锋外科诊所,92330281MA2ENDCQ3P,,无等级,,44158.0
余姚齐氏口腔诊所,92330281MABUD63B0Y,,无等级,,44164.0
余杭瓶窑宋正明中医诊所,92330110MA280LBG6U,,无等级,,38830.0
佰济医疗管理（温州）有限公司瓯海南白象中医综合诊所,91330304MAEADR9M3C,,无等级,,49086.0
俐德嘉（杭州）医疗美容诊所,91330104MA2HYHJE3F,,无等级,,36594.0
俞雅明口腔诊所,TE3308223300473460,,无等级,,61100.0
倪春中医诊所,TE3306213300144090,,无等级,,53659.0
倪达权儿科诊所,92330302MA2C59XDXF,,无等级,,49001.0
傅兴登外科诊所,92330702MA29LWL98H,,无等级,,57694.0
傅建君中医内科诊所,TE3306213300136210,,无等级,,53650.0
傅氏口腔诊所,92330411MA2JH4YH7K,,无等级,,51310.0
全善堂（杭州）医疗服务管理有限公司大江东蓝商路诊所,91330100MA28MJ6P22,,无等级,,33155.0
六横嘉吉口腔诊所,91330901MA2A3JWX1K,,无等级,,63195.0
六横峧头唐永乾中医骨伤科诊所,92330901MA2ET7Q9XQ,,无等级,,63168.0
六横康欣中西医结合诊所,91330901MA2A23NT2D,,无等级,,63148.0
六横张军亚口腔诊所,91330901MA2A3JJW0N,,无等级,,63166.0
六横明明中医诊所,92330901MA2ET7J28E,,无等级,,63169.0
六横普六诊所,92330901MA28KM3U1W,,无等级,,63175.0
六横钦安诊所,92330901MA28KTML8M,,无等级,,63212.0
六气（杭州）中医诊所,91330103MA2J18HR4T,,无等级,,34503.0
兰溪九德西医内科诊所,91330781MAE0WQ665A,,无等级,,58110.0
兰溪九珍堂中医诊所,91330781MADW28LD2W,,无等级,,58101.0
兰溪众康堂中医诊所,MACT4DXB233078117D,,无等级,,58128.0
兰溪何季尧康园普通诊所,92330781MADMT55205,,无等级,,57829.0
兰溪何晓英口腔诊所,92330781MA28QA6F80,,无等级,,58192.0
兰溪何立星西医内科诊所,92330781MA2E8A6967,,无等级,,58220.0
兰溪俞氏中医诊所,92330781MAD3UW0988,,无等级,,58122.0
兰溪修妍斯医疗美容诊所,91330781MACW6T2L4Y,,无等级,,58116.0
兰溪倪宪章西医内科诊所,92330781MA2FMQLJ46,,无等级,,58193.0
兰溪傅玉秀口腔诊所,92330781MA2E9JXK8U,,无等级,,58187.0
兰溪冯亚新健美口腔诊所,92330781MA2M6DPF2Q,,无等级,,58228.0
兰溪刘俊娟西医妇科诊所,92330781MA2FJGP35R,,无等级,,58181.0
兰溪刘峰西医内科诊所,92330781MA2EB1K62P,,无等级,,58167.0
兰溪刘建君健民西医内科诊所,92330781MA2DC6QR0T,,无等级,,58170.0
兰溪刘晓伟西医内科诊所,92330781MA2EA37W21,,无等级,,58222.0
兰溪包瑞东西医外科诊所,92330781MA2EA6MH3X,,无等级,,58143.0
兰溪千佳普通诊所,91330781MADABPQF6M,,无等级,,58090.0
兰溪卢素兰口腔诊所,92330781MA2M1GYT3Y,,无等级,,57869.0
兰溪友芽口腔诊所,91330781MAE086LA8A,,无等级,,58093.0
兰溪叶成哈雷口腔诊所,92330781MA28PCUH7W,,无等级,,58157.0
兰溪叶文启中医诊所,92330781MA2EA456XR,,无等级,,57852.0
兰溪叶锡其中医骨伤科诊所,92330781MA2EA3WBXA,,无等级,,58159.0
兰溪名悦医疗美容诊所,91330781MA28E091X1,,无等级,,58191.0
兰溪吕建中唯美口腔诊所,92330781MA2M6Q2E1X,,无等级,,58163.0
兰溪吴明仁中医骨伤科诊所,92330781MA2EA3RR9R,,无等级,,58231.0
兰溪吴玉贞口腔诊所,92330781MA2EA5CR9E,,无等级,,58195.0
兰溪吴迎军中医骨伤科诊所,92330781MA2EA5WD14,,无等级,,58224.0
兰溪周琼美尔口腔诊所,92330781MA28PC9H3A,,无等级,,57923.0
兰溪周素平口腔诊所,92330781MA2HTR4R4M,,无等级,,58186.0
兰溪周红亮中医诊所,92330781MA2DFHQG7X,,无等级,,58178.0
兰溪唐国新西医内科诊所,92330781MA2EA6K60X,,无等级,,58148.0
兰溪唐声林西医内科诊所,92330781MA7L6AJC8K,,无等级,,58236.0
兰溪唐婷口腔诊所,92330781MAD7WLDU7R,,无等级,,58123.0
兰溪唐峥嵘中医内科诊所,92330781MA29NMQE4B,,无等级,,58174.0
兰溪唐琳鲜西医内科诊所,92330781MA2EA72F24,,无等级,,58151.0
兰溪嘉和眼科诊所,91330781MA2EE9469C,,无等级,,58088.0
兰溪嘉麒中西医结合诊所,91330781MAE19AUK46,,无等级,,58102.0
兰溪埠康口腔诊所,91330781MADY07H5XM,,无等级,,58104.0
兰溪大诚口腔诊所,91330781MAEAF2MY7L,,无等级,,57870.0
兰溪姜利琴淑君西医妇科诊所,92330781MA2HTTH87E,,无等级,,58137.0
兰溪宋国升西医内科诊所,92330781MA2EA2G3XN,,无等级,,58158.0
兰溪宋寅彪西医内科诊所,92330781MA2EA33X5L,,无等级,,58199.0
兰溪宗黄堂中医诊所,91330781MAK039HM20,,无等级,,57834.0
兰溪市上华街道上华村卫生室,54330781ME0186723P,未定级,未定级,,58006.0
兰溪市云山街道社区卫生服务中心黄龙洞社区卫生服务站,123307817434583112,未定级,未定级,无级别,57853.0
兰溪市人民医院行知学院医务室,12330781471740638Q,未定级,未定级,三级,57828.0
兰溪市兰江街道社区卫生服务中心,123307817719028038,未定级,未定级,无级别,57860.0
兰溪应冠洲明明口腔诊所,92330781MA28PCWC9K,,无等级,,57832.0
兰溪康悦生普通诊所,91330781MAE50KB28U,,无等级,,57830.0
兰溪康意生西医内科诊所,91330781MA8GP15H6A,,无等级,,57851.0
兰溪康普生西医内科诊所,91330781MADH0GEK2Y,,无等级,,57862.0
兰溪康源中西医结合诊所,91330781MAD8NCTR1C,,无等级,,58125.0
兰溪建卫口腔诊所,91330781MAEWHLK17B,,无等级,,57850.0
兰溪张芳中医内科诊所,92330781MA2EA6TW0C,,无等级,,58189.0
兰溪彦宇中西医结合诊所,91330781MAD8C44D6B,,无等级,,58121.0
兰溪徐仲荣西医内科诊所,92330781MA29P7KK5R,,无等级,,58171.0
兰溪徐卫忠中西医结合诊所,92330781MA7MCET248,,无等级,,58087.0
兰溪徐卫智美口腔诊所,92330781MA7G20LM9R,,无等级,,57831.0
兰溪徐国章西医内科诊所,92330781MA2HQJ8M0R,,无等级,,58206.0
兰溪徐徐而来医疗美容诊所,91330781MACWA30198,,无等级,,58129.0
兰溪徐泳飞西医内科诊所,92330781MA2EA2WB7Y,,无等级,,58164.0
兰溪徐雁冰中医诊所,92330781MA2E86PH1K,,无等级,,58232.0
兰溪德玛奈斯西医内科诊所,91330781MAE6QXCU1A,,无等级,,58096.0
兰溪恒颜医疗美容诊所,91330781MADYJHB1X3,,无等级,,58095.0
兰溪恽涛百悦西医内科诊所,92330781MA2E68CK8U,,无等级,,58226.0
兰溪悦莱口腔诊所,91330781MAK49W1853,,无等级,,57821.0
兰溪文康口腔诊所,91330781MAE0ATTB0L,,无等级,,58103.0
兰溪文珠普通诊所,92330781MA29RN9P0H,,无等级,,58131.0
兰溪斯云芳顺标中医诊所,92330781MA2K0Y2F79,,无等级,,58225.0
兰溪方其绍中医诊所,92330781MA2EBB8P9Q,,无等级,,58213.0
兰溪方福德中医内科诊所,92330781MA29NF0W7F,,无等级,,58142.0
兰溪方自华中医针灸诊所,92330781MA2DFGNP9Q,,无等级,,58141.0
兰溪明月眼科诊所,91330781MA2EB3DA6P,,无等级,,58135.0
兰溪曹定修皓齿口腔诊所,92330781MA2M5KGP9K,,无等级,,58153.0
兰溪朱一鸣中医针灸诊所,92330781MA2FLYY32W,,无等级,,58118.0
兰溪杏悦口腔诊所,91330781MADFA4M931,,无等级,,57822.0
兰溪杜同利中医内科诊所,92330781MA2EA7197P,,无等级,,58182.0
兰溪杨顺新医疗美容诊所,92330781MA2JX9L49G,,无等级,,58202.0
兰溪杰仁中西医结合诊所,91330781MAEXK4E1XH,,无等级,,57844.0
兰溪林敏口腔诊所,92330781MA2DBMYRXB,,无等级,,58227.0
兰溪柳祖泡中医诊所,92330781MA2EA3UK03,,无等级,,58177.0
兰溪梁卫群口腔诊所,92330781MA2E9CDY6T,,无等级,,58197.0
兰溪榕泽家中医诊所,91330781MADD9WHQXT,,无等级,,58112.0
兰溪毛惠芳西医儿科诊所,92330781MA2HQ8TJXE,,无等级,,58210.0
兰溪毛永法西医内科诊所,92330781MAG121EW1E,,无等级,,57836.0
兰溪汤立清西医内科诊所,92330781MA29PLR20Q,,无等级,,58211.0
兰溪汤美仙口腔诊所,92330781MA2K1UGU3T,,无等级,,58190.0
兰溪汪小飞百合口腔诊所,92330781MA2DCHMB47,,无等级,,58198.0
兰溪汪志庆西医内科诊所,92330781MA2JXPXH5R,,无等级,,58221.0
兰溪汪洋红新口腔诊所,92330781MA29M88K53,,无等级,,58185.0
兰溪汪赛云中医内科诊所,92330781MA2EA4FJXY,,无等级,,58166.0
兰溪沈立鸣中医内科诊所,92330781MA2EA65J1X,,无等级,,58205.0
兰溪洪小芬口腔诊所,92330781MA28QAKX4U,,无等级,,58105.0
兰溪潘文武中医骨伤科诊所,92330781MA2M5D6527,,无等级,,58156.0
兰溪熠莱医疗美容诊所,91330781MAC3N5DDX7,,无等级,,58136.0
兰溪王俊伟口腔诊所,92330781MADG7JDX85,,无等级,,58113.0
兰溪王建群中医内科诊所,92330781MA2EA6EY1D,,无等级,,58149.0
兰溪百佳普通诊所,91330781MADFWBYQ81,,无等级,,58091.0
兰溪盛贤为雅牙口腔诊所,92330781MA28PTF09J,,无等级,,58100.0
兰溪瞿苗口腔诊所,92330781MA2HUDMR6D,,无等级,,58165.0
兰溪祝志元中医内科诊所,92330781MABPL4PP90,,无等级,,58150.0
兰溪祝惠娟口腔诊所,92330781MA2E8NPRX6,,无等级,,58140.0
兰溪祝若燕口腔诊所,92330781MA28Q9U64A,,无等级,,58168.0
兰溪福康西医内科诊所,91330781MAD5CNB97C,,无等级,,58124.0
兰溪章卫仙口腔诊所,92330781MA29M2901D,,无等级,,58196.0
兰溪章庆明明雅口腔诊所,92330781MA2M2LDB1D,,无等级,,58234.0
兰溪章文君口腔诊所,92330781MA2E9AFN36,,无等级,,58117.0
兰溪章晓夫口腔诊所,92330781MA2DE4XF24,,无等级,,58223.0
兰溪童曙芳口腔诊所,92330781MA28PC0072,,无等级,,58188.0
兰溪童美姣全科诊所,92330781MA29PNEN5W,,无等级,,58098.0
兰溪笑洁口腔诊所,91330781MAD46PU22N,,无等级,,58126.0
兰溪练剑芬择一口腔诊所,92330781MACAD0Y648,,无等级,,58127.0
兰溪缪永成西医内科诊所,92330781MA2EA3540N,,无等级,,58207.0
兰溪罗亮内科诊所,92330781MA29NTK51G,,无等级,,58216.0
兰溪胡妙婷西医内科诊所,92330781MA2FLJGA44,,无等级,,58162.0
兰溪胡枭曦至善口腔诊所,92330781MA28QA4F5B,,无等级,,58229.0
兰溪胡洪普中医骨伤科诊所,92330781MA2EA368XA,,无等级,,58169.0
兰溪胡维祥中医骨伤科诊所,92330781MA2EA3BE03,,无等级,,58208.0
兰溪胡雪琴中医诊所,92330781MA2JY7K696,,无等级,,58173.0
兰溪董平西医外科诊所,92330781MA2HWR7417,,无等级,,58172.0
兰溪董永忠西医内科诊所,92330781MA2EA7736G,,无等级,,58201.0
兰溪蒋爱民西医内科诊所,92330781MABP7L2C63,,无等级,,58237.0
兰溪蒋跃锦齿康口腔诊所,92330781MA2HQG4C5T,,无等级,,58089.0
兰溪袁晓岚西医内科诊所,92330781MA2ECEL27E,,无等级,,57833.0
兰溪褚岳华中医诊所,92330781MADMWQ9B37,,无等级,,58106.0
兰溪许红新口腔诊所,92330781MA2JW5AD63,,无等级,,58119.0
兰溪赵小莲恋尚口腔诊所,92330781MAE191A68G,,无等级,,58097.0
兰溪逐妍诗境医疗美容诊所,91330781MAEHP5HG75,,无等级,,57866.0
兰溪邵秋娥西医内科诊所,92330781MAEBBN8N4A,,无等级,,58092.0
兰溪郑寅峰松峰口腔诊所,92330781MADBMEB84A,,无等级,,58114.0
兰溪郑文昌西医内科诊所,92330781MA29R7CM17,,无等级,,58204.0
兰溪郑玲琪口腔诊所,92330781MA28PCDE41,,无等级,,58184.0
兰溪郑诗洁正心口腔诊所,92330781MA2M0E6740,,无等级,,58217.0
兰溪郭亚飞中西医结合诊所,92330781MA29MA7Y9K,,无等级,,58230.0
兰溪郭健忠西医内科诊所,92330781MA2EA3890W,,无等级,,58176.0
兰溪郭成逸中医内科诊所,92330781MA2EEBX77G,,无等级,,58144.0
兰溪郭昌根高隆口腔诊所,92330781MA2EB2E24L,,无等级,,58152.0
兰溪郭瑜明西医内科诊所,92330781MA2EA2L4XE,,无等级,,58215.0
兰溪郭良栋西医内科诊所,92330781MA2E9K5W0B,,无等级,,58219.0
兰溪金云弟中医诊所,92330781MA2DE6J061,,无等级,,58175.0
兰溪金学智口腔诊所,92330781MA29RT3N2H,,无等级,,58209.0
兰溪金建群中医内科诊所,92330781MA2EA7FF57,,无等级,,58183.0
兰溪金烨金鑫口腔诊所,92330781MA29NW8R3B,,无等级,,58214.0
兰溪金燕玲爱鑫口腔诊所,92330781MA28PCAMOT,,无等级,,58212.0
兰溪钱志坚口腔诊所,92330781MA2E96C13J,,无等级,,58194.0
兰溪阎永忠西医内科诊所,92330781MA2JWKQX2U,,无等级,,58145.0
兰溪陈勇航口腔诊所,92330781MA2M2HN39B,,无等级,,58200.0
兰溪陈小弟惠泽西医内科诊所,92330781MA2E5FCWX1,,无等级,,58180.0
兰溪陈庆锋西医内科诊所,92330781MA29NCPA8W,,无等级,,58179.0
兰溪陈志明笑美口腔诊所,92330781MA29NRKW7K,,无等级,,58218.0
兰溪陈志汝西医内科诊所,92330781MABQGTYQ62,,无等级,,58147.0
兰溪陈慧芬官桥口腔诊所,92330781MA29N2WDX5,,无等级,,58146.0
兰溪陈晓虹洁美口腔诊所,92330781MA2HUDTXX5,,无等级,,58099.0
兰溪陈淑姣口腔诊所,92330781MA2DBMNW07,,无等级,,58235.0
兰溪陈献祥中医内科诊所,92330781MACHUA7ROK,,无等级,,58160.0
兰溪陈芬群佳诚口腔诊所,92330781MA2DBM8Y1W,,无等级,,58233.0
兰溪陈金富口腔诊所,92330781MAE2X6T05D,,无等级,,58108.0
兰溪雅美口腔诊所,91330781MAEU30W775,,无等级,,57845.0
兰溪项国曙西医内科诊所,92330781MA2DB7KA0E,,无等级,,58203.0
兰溪高永喜西医内科诊所,92330781MA2E962YX8,,无等级,,58161.0
兰溪高燕华西医内科诊所,92330781MA29QXPMXK,,无等级,,58134.0
兰溪黎文贤中医内科诊所,92330781MA2M90RL3N,,无等级,,58155.0
兰溪黛娜医疗美容诊所,91330781MAD3KTH930,,无等级,,58120.0
兰溪鼎悦口腔诊所,91330781MACK6KRY42,,无等级,,58109.0
兰溪龚志军中医诊所,92330781MA2EBBYA1F,,无等级,,58154.0
再生汇（杭州）诊所,91330108MAE1B4WAXE,,无等级,,33434.0
冯云华中医诊所,92330482MA29GD0A3J,,无等级,,51390.0
凌明口腔诊所,TE3306213300133920,,无等级,,53693.0
刘化泽内科诊所,92330328MA287EUX59,,无等级,,49691.0
刘建忠内科诊所,92330328MA2C7CFF03,,无等级,,49694.0
刘敏口腔诊所,92330702MA28PY3E0G,,无等级,,57735.0
刘春晓口腔诊所,92330702MA2FKX0P8D,,无等级,,57745.0
刘江口腔诊所,92330702MA2FNPQG4X,,无等级,,57739.0
刘金满口腔诊所,92330302MA2BWFW0X7,,无等级,,48919.0
刘阳内科诊所,92330411MA2JF3K13H,,无等级,,51322.0
勾山健平医疗诊所,913309013135579506,,无等级,,63105.0
勾山浦西诊所,92330901MA28KNML13,,无等级,,63176.0
北京同仁堂台州路桥药店有限公司西路桥大道中医诊所,91331004792050005Y,,无等级,,65266.0
医健优（杭州）医疗美容诊所,91330105MAD22C9B38,,无等级,,34628.0
医巢（杭州）医疗投资有限公司萧山望京医疗美容诊所,91330109MA7BJP5A5X,,无等级,,38379.0
医巢（杭州）医疗投资有限公司萧山钱江世纪城医疗美容诊所,91330109MA2CD9X23F,,无等级,,38609.0
医美汇（杭州）医疗美容诊所,91330105MADJ0DPK6A,,无等级,,34637.0
华盟（温州）诊所连锁股份有限公司瓯锦诊所,91330301MADFME2567,,无等级,,47895.0
南浔其华中医诊所,92330503MA2B36JN2P,,无等级,,52412.0
南浔刘建设内科诊所,92330503MA29JB280B,,无等级,,52470.0
南浔双林俞建锋口腔诊所,92330503MA2F6RCD3A,,无等级,,52424.0
南浔双林沈继梁牙科诊所,92330503MA2F5YXN2D,,无等级,,52459.0
南浔双林翁晓鹤口腔诊所,92330503MA2F7X3K58,,无等级,,52448.0
南浔双林蔡求伊中医诊所,92330503MA2B7FUF3N,,无等级,,52453.0
南浔吴姣姣口腔诊所,92330503MA2B72PX3G,,无等级,,52457.0
南浔周亚斌内科诊所,92330503MA29JHELX1,,无等级,,52411.0
南浔周雅平牙科诊所,92330503MA2F6CE84M,,无等级,,52419.0
南浔和孚慎云如内科诊所,92330503MA2F7BW14E,,无等级,,52421.0
南浔妙典内科诊所,TE3305033300697250,,无等级,,52387.0
南浔旧馆张益杰口腔诊所,92330503MA29JCMJ0Q,,无等级,,52409.0
南浔旧馆王淙钟内科诊所,92330503MA29K47B39,,无等级,,52467.0
南浔旧馆蔡保国口腔诊所,91330503MA29KLMF83,,无等级,,52333.0
南浔晨一堂中医诊所,92330503MA2JKCFPXL,,无等级,,52408.0
南浔月亮湾诊所,92330503MA2D4C9UXM,,无等级,,52449.0
南浔杨丽萍口腔诊所,92330503MADYRQQH4C,,无等级,,52399.0
南浔民康诊所,92330503MA2F6ERE1F,,无等级,,52407.0
南浔沈丹香口腔诊所,92330503MA29KCBX03,,无等级,,52461.0
南浔沈惠红口腔诊所,92330503MA2JKFEY5H,,无等级,,52460.0
南浔沈马良口腔诊所,92330503MA2F9EA995,,无等级,,52423.0
南浔潘小华牙科诊所,92330503MA2B3P7L1Y,,无等级,,52464.0
南浔潘开荣口腔诊所,92330503MA29JP3XX7,,无等级,,52416.0
南浔王文昌内科诊所,92330503MA2B44T40M,,无等级,,52466.0
南浔王琦内科诊所,92330503MA2B35KD43,,无等级,,52469.0
南浔程恩世牙科诊所,92330503MA2F7PDA5C,,无等级,,52410.0
南浔练市施小英牙科诊所,92330503MA2F81AE9L,,无等级,,52431.0
南浔练市曹玥口腔诊所,92330503MA2F95W43J,,无等级,,52455.0
南浔练市沈月美口腔科诊所,92330503MA2F89EE6U,,无等级,,52414.0
南浔练市许佳敏口腔诊所,92330503MA29JCQM0W,,无等级,,52458.0
南浔练康诊所,92330503MA29JD5P4N,,无等级,,52382.0
南浔翁旭初牙科诊所,92330503MA2F892N3N,,无等级,,52425.0
南浔臧传义内科诊所,92330503MA2D47BJ9M,,无等级,,52432.0
南浔菱湖傅晨良口腔诊所,92330503MA29J6TR4D,,无等级,,52454.0
南浔菱湖汤晓利口腔诊所,92330503MA28CMXH2B,,无等级,,52456.0
南浔菱湖王莹口腔诊所,92330503MA29J8JT29,,无等级,,52396.0
南浔菱湖蒋敏内科诊所,92330503MA29KD8M4D,,无等级,,52417.0
南浔菱湖钱鹤英口腔诊所,92330503MA29K16GXK,,无等级,,52462.0
南浔郑同春中医诊所,92330503MA28CX5M5A,,无等级,,52434.0
南浔金柏顺内科诊所,92330503MA2F900Y14,,无等级,,52439.0
博泱医疗管理（台州）有限公司温岭太平中医综合诊所,91331081MADW4KYA40,,无等级,,66061.0
博爱中医诊所,TE3308223300304430,,无等级,,61093.0
博良诊所,92330602MA2FF0C02H,,无等级,,54317.0
卢化剑内科诊所,TE3306833300162600,,无等级,,54792.0
卢戈口腔诊所,92330328MA286G290X,,无等级,,49705.0
台州万溶诊所有限公司温岭太平人民东路中医综合诊所,91331081MABW13HB8C,,无等级,,66313.0
台州万祥诊所有限责任公司温岭泽国商城路全科诊所,91331081MADWNUY11J,,无等级,,66202.0
台州仁安诊所有限公司温岭城西西医诊所,91331081MAEDUM6D2L,,无等级,,65704.0
台州仁安诊所有限公司温岭太平中西医结合诊所,91331081MAEKW78F8N,,无等级,,65873.0
台州仁安诊所有限公司温岭太平医疗美容诊所,91331081MAEL7MXH98,,无等级,,65809.0
台州倾色光年医疗美容有限公司临海大洋柏叶中路医疗美容诊所,91331082MAC152PU7J,,无等级,,63855.0
台州倾辰医疗美容有限公司临海古城深甫西路医疗美容诊所,91331082MADW58121G,,无等级,,63725.0
台州千度口腔诊所有限公司临海河头中心北路口腔诊所,91331082MA2HHNQG8Q,,无等级,,63718.0
台州君健口腔医疗有限公司临海大洋水云北路口腔诊所,91331082MA2K7UAA4J,,无等级,,63838.0
台州坤泰医疗有限公司温岭横峰口腔诊所,91331081MAE2FJ6Q9N,,无等级,,66164.0
台州坤泰医疗有限公司温岭横峰西医诊所,91331081MADY20YH80,,无等级,,66184.0
台州娜么美医疗美容门诊有限公司温岭城东医疗美容诊所,91331081MAEMQKFH3X,,无等级,,65764.0
台州安千医疗有限公司温岭温峤西医诊所,91331081MAE46J1B76,,无等级,,66170.0
台州小宝文化科技有限公司临海大洋绿化路普通诊所,91331082MAE6P2LH2C,,无等级,,63719.0
台州小龙人诊所有限公司临海白塔小区普通诊所,91331082MABLRWEXX7,,无等级,,63273.0
台州尹氏诊所有限公司临海杜桥杜东西医内科诊所,91331082MACELLPJ84,,无等级,,63926.0
台州市仁民诊所有限公司温岭太平中医综合诊所,91331081MA2HH6AL0J,,无等级,,66425.0
台州市健春堂医药有限公司健安诊所,91331002MA2HHLQ798,,无等级,,64791.0
台州市妍术医疗美容诊所,91331022MADEH4DG0Y,,无等级,,64093.0
台州市康林综合门诊部有限公司椒江东海大道诊所,91331002MA2HJFYK0E,,无等级,,64774.0
台州市晋翰医疗有限公司温岭城东曙光西医诊所,91331081MA2DY26E6M,,无等级,,66316.0
台州市椒江区下陈街道社区卫生服务中心,12331002472630895P,未定级,未定级,无级别,64488.0
台州市椒江区前所街道下徐村卫生室,123310024726309243,未定级,未定级,无级别,64549.0
台州市椒江区海虹街道天璟社区卫生服务站,123310024726307561,无级别,无级别,未定级,64652.0
台州市椒江区海门街道社区卫生服务中心岭南社区卫生服务站,12331002472630780H,未定级,未定级,无级别,64476.0
台州市椒江区白云街道社区卫生服务中心,12331002472630772N,未定级,未定级,无级别,64537.0
台州市椒江区章安街道社区卫生服务中心,12331002472630959M,未定级,未定级,无级别,64611.0
台州市江林医院有限公司温岭东部金曙路西医诊所,91331081MA2AN89N28,,无等级,,66300.0
台州市江林医院有限公司温岭大溪双凌西医诊所,91331081MA2DXYUQ93,,无等级,,66368.0
台州市江林医院有限公司温岭太平万泉西医诊所,91331081MA2DY6565H,,无等级,,66081.0
台州市江林医院有限公司温岭横峰翠语华庭西医诊所,91331081MA2DY75C75,,无等级,,66235.0
台州市江林医院有限公司温岭泽国牧屿西医诊所,91331081MA2HG7EA3P,,无等级,,66366.0
台州市江林医院有限公司温岭箬横人民南路西西医诊所,91331081MA2AND4G79,,无等级,,66386.0
台州市江林医院有限公司温岭箬横菜场西医诊所,91331081MA2AP6D72Q,,无等级,,66388.0
台州市江林医院有限公司石柱诊所,91331004MA28HQG979,,无等级,,64745.0
台州市沐彦医疗美容有限公司温岭城西医疗美容诊所,91331081MAC553JXXF,,无等级,,66376.0
台州市立医院公安监管分院拘留所门诊部,12331002472630676D,无级别,无级别,三级,64723.0
台州市第一人民医院驻监所卫生所,12331003472690185U,未定级,未定级,三级,64181.0
台州市路桥区螺洋街道社区卫生服务中心（台州博爱医院医共体螺洋分院）,12331004472710051R,未定级,未定级,无级别,64981.0
台州市路桥区路桥街道社区卫生服务中心（路桥区中医院医共体路桥街道分院）,12331004MB0X32184F,未定级,未定级,无级别,64958.0
台州市路桥区金清镇卫生院（路桥区第二人民医院医共体金清分院）,12331004472710182M,一级,一级,无级别,65004.0
台州市路桥磊鑫诊所有限公司龙栖街中西医结合诊所,91331004MA2HECG58H,,无等级,未定级,64957.0
台州市路桥鸿康医疗有限公司灵山西街诊所,91331004MA2DY73F9J,,无等级,,65269.0
台州市鼎丽医疗有限公司泗淋中西医结合诊所,91331022MAC6H0AA26,,无等级,,64049.0
台州希雅口腔诊所有限公司临海河头人民路口腔诊所,91331082MA2MAHBYXE,,无等级,,63784.0
台州希雅口腔诊所有限公司临海白水洋中和路口腔诊所,91331082MAE41JQ33U,,无等级,,63731.0
台州康益美健康管理咨询有限公司海昌路诊所,91331004MA2KB33069,,无等级,,65052.0
台州康翰诊所有限公司台州湾新区海源路诊所,91331001MAC6DYXN67,,无等级,,64871.0
台州德颐堂医疗有限公司温岭太平中医综合诊所,91331081MAECQ4T35G,,无等级,,66071.0
台州心宁医疗有限公司温岭泽国牧西西医诊所,91331081MAG1EXJ98R,,无等级,,65699.0
台州恒医诊所有限公司临海东塍川津路普通诊所,91331082MAE80QMM02,,无等级,,63307.0
台州恒医诊所有限公司温岭石塘西医诊所,91331081MAE907AH2Y,,无等级,,65859.0
台州恩泽医疗中心（集团）驻路桥公安分局智慧诊室,12331000796490606H,未定级,未定级,三级,65009.0
台州承岐堂中医诊所有限公司温岭城西中医综合诊所,91331081MAD1BFRX4T,,无等级,,66289.0
台州新康定诊所,92331001MA2AMQLX41,,无等级,,64892.0
台州朗德医疗有限公司温岭大溪口腔诊所,91331081MAE0Q0TA0C,,无等级,,65992.0
台州朗德医疗有限公司温岭松门口腔诊所,91331081MAED6LMX4N,,无等级,,65695.0
台州朗德医疗有限公司温岭温峤口腔诊所,91331081MAEGFUKR9N,,无等级,,65793.0
台州朗德医疗有限公司温岭箬横口腔诊所,91331081MAD3JPU491,,无等级,,65993.0
台州椒江芙丽雅医疗美容有限公司温岭城西医疗美容诊所,91331081MACH8TEG7K,,无等级,,66238.0
台州江周安医疗有限公司温岭泽国西医诊所,91331081MAEXHTXF7Q,,无等级,,65778.0
台州江潼中医门诊部有限公司温岭松门中医综合诊所,91331081MAEBLF104A,,无等级,,65642.0
台州泰牛诊所有限公司小雄诊所,91331022MAE2FHQ67E,,无等级,,64085.0
台州泰纳医疗有限公司温岭大溪西医诊所,91331081MAEWW51U1E,,无等级,,65696.0
台州泰纳医疗有限公司温岭大溪麻车屿西医诊所,91331081MA2DTFUD94,,无等级,,66340.0
台州温岭泽泰医疗有限公司泽国复兴路西医诊所,91331081MAEXH4J31C,,无等级,,65781.0
台州温岭达纳美医疗整形美容有限公司城西医疗美容诊所,91331081MA7F8WKW3A,,无等级,,66301.0
台州温岭迈尔斯诊所有限公司温岭城东西医诊所,91331081MAEEKT4P3F,,无等级,,66090.0
台州温岭齿时代医疗有限公司城东口腔诊所,91331081MADQLHFR14,,无等级,,65990.0
台州湾新区叶林燕中西医结合诊所,92331001MACFRQ7C3C,,无等级,,64888.0
台州湾新区宜康门诊有限公司聚英路中西医结合诊所,91331001MAC1RRHRX9,,无等级,,64925.0
台州湾新区小艳全科诊所,92331001MAECRCHJ7M,,无等级,,64755.0
台州湾新区张五全科诊所,92331001MAEDPH3H56,,无等级,,64758.0
台州湾新区张陈诊所,92331001MABYKJ7F6F,,无等级,,64743.0
台州湾新区彦博口腔诊所,91331001MADGX0WY70,,无等级,,64733.0
台州湾新区振平全科诊所,92331001MAEE1WXK17,,无等级,,64760.0
台州湾新区梵想中医（综合）诊所,91331001MACXRHL65T,,无等级,,64813.0
台州湾新区百康诊所,91331001MAE2551G25,,无等级,,64751.0
台州湾新区磊鑫中西医结合诊所,91331001MACHNWRX9L,,无等级,,64819.0
台州湾新区聚英诊所,92331001MAC5EPCN2R,,无等级,,64928.0
台州湾新区胡淼口腔诊所,92331001MAEP1R362T,,无等级,,64738.0
台州湾新区虹康诊所,91331001MADCF9RF2A,,无等级,,64809.0
台州湾新区金汾全科诊所,92331001MAED80MAXG,,无等级,,64754.0
台州湾新区陈挺全科诊所,92331001MAECUYL54H,,无等级,,64759.0
台州满心诊所有限公司临海大洋水云北路普通诊所,91331082MA2HE5TR1M,,无等级,,63716.0
台州熹朵医疗美容有限公司温岭大溪医疗美容诊所,91331081MADAHD462W,,无等级,,66249.0
台州瑞人堂诊所有限公司三门人民路内科诊所,91331022MA2APER57M,,无等级,,64112.0
台州瑞人堂诊所有限公司三门建民路内科诊所,91331022MA2DXM627F,,无等级,,64147.0
台州瑞人堂诊所有限公司临海柏叶西路西医内科诊所,91331082MA2DWFR69F,,无等级,,63907.0
台州瑞人堂诊所有限公司临海白水洋永安路西医内科诊所,91331082MA2DXTFW9L,,无等级,,63844.0
台州瑞人堂诊所有限公司仙居玫瑰城诊所,91331024MA29YT3D9E,,无等级,,66475.0
台州瑞人堂诊所有限公司广南诊所,91331001MA2AKCHG03,,无等级,,64562.0
台州瑞人堂诊所有限公司椒江海门中山东路诊所,91331002MA2HFFK14J,,无等级,,64737.0
台州瑞人堂诊所有限公司温岭城东前岙西医诊所,91331081MA2AKM2HOU,,无等级,,65983.0
台州瑞人堂诊所有限公司温岭城东百丈南路西医诊所,91331081MA2AL1Y2XC,,无等级,,65721.0
台州瑞人堂诊所有限公司温岭城南岙环西医诊所,91331081MA2ALK0C7A,,无等级,,65899.0
台州瑞人堂诊所有限公司温岭城南振兴大道西医诊所,91331081MA2AN69414,,无等级,,66274.0
台州瑞人堂诊所有限公司温岭城西瑞人堂大厦西医诊所,91331081MA2ALLLM56,,无等级,,66269.0
台州瑞人堂诊所有限公司温岭大溪北路西医诊所,91331081MA29YUFG2Q,,无等级,,66093.0
台州瑞人堂诊所有限公司温岭大溪象山西医诊所,91331081MA29YUF95T,,无等级,,65617.0
台州瑞人堂诊所有限公司温岭太平南屏路西医诊所,91331081MA2AKBHG8G,,无等级,,65722.0
台州瑞人堂诊所有限公司温岭太平文化桥西医诊所,91331081MA7D5TR69D,,无等级,,65689.0
台州瑞人堂诊所有限公司温岭新河东新路西医诊所,91331081MA2AP24R8X,,无等级,,65894.0
台州瑞人堂诊所有限公司温岭松门南门街西医诊所,91331081MA2AL1Y03R,,无等级,,65882.0
台州瑞人堂诊所有限公司温岭松门天竺中路西医诊所,91331081MA2AMEJX9U,,无等级,,65803.0
台州瑞人堂诊所有限公司温岭横峰中心大道西医诊所,91331081MA2ANR420U,,无等级,,65724.0
台州瑞人堂诊所有限公司温岭泽国牧南二环路西医诊所,91331081MA2AKH9K6B,,无等级,,65864.0
台州瑞人堂诊所有限公司温岭泽国西医诊所,91331081MA2DUEEA5B,,无等级,,66155.0
台州瑞人堂诊所有限公司温岭温峤楼旗西医诊所,91331081MA2ALLLD1H,,无等级,,65984.0
台州瑞人堂诊所有限公司温岭滨海雨伞西医诊所,91331081MA2DTY695Q,,无等级,,65895.0
台州瑞人堂诊所有限公司温岭石塘东兴西医诊所,91331081MA2DUPGPOM,,无等级,,66270.0
台州瑞人堂诊所有限公司温岭箬横东大街西医诊所,91331081MA2AMK0202,,无等级,,65900.0
台州瑞人堂诊所有限公司黄岩十院路西医诊所,91331003MA2AM6AQ2T,,无等级,,64173.0
台州瑞人堂诊所有限公司黄岩钟楼路西医诊所,91331003MA2ANGQ8XD,,无等级,,64421.0
台州瑞人堂诊所有限公司黄岩青年东路西医诊所,91331003MA2ALGUX9N,,无等级,,64205.0
台州瑞美医疗美容有限公司临海杜桥下周路医疗美容诊所,91331082MADER1UG53,,无等级,,63742.0
台州福宁医疗有限公司温岭城西西医诊所,91331081MADJNMM62J,,无等级,,66035.0
台州福泽医药有限公司路桥双水路中医诊所,TE3310043300447670,,无等级,,65054.0
台州禾泽诊所有限公司温岭城西中医综合诊所,91331081MACL24ERXB,,无等级,,66271.0
台州经济开发区天客隆诊所,92331001MA28H6PU1G,,无等级,,64904.0
台州继尔康医药连锁有限公司双港路中医诊所,91331021789669106W,,无等级,,66745.0
台州继尔康医药连锁有限公司石井中医诊所,91331021581699234E,,无等级,,66744.0
台州罗徕口腔诊所有限公司大湖塘口腔诊所,91331022MADD71NN8B,,无等级,,64087.0
台州美姬医疗美容有限公司温岭城西医疗美容诊所,91331081MA7AWGW43U,,无等级,,66171.0
台州美宸医疗美容诊所有限公司西区医美诊所,91331022MAE9F9349K,,无等级,,64057.0
台州美辰医疗美容有限公司温岭横峰医疗美容诊所,91331081MADWJAGQ5D,,无等级,,65791.0
台州舒佳口腔医疗有限责任公司温岭太平口腔诊所,91331081MADBYW3R3H,,无等级,,66115.0
台州芒塔博雅医疗美容诊所,91331002MAC0KAKG3U,,无等级,,64929.0
台州芳德堂诊所有限公司临海望洋路中医诊所,91331082MA2HHNQU2H,,无等级,,63857.0
台州赫拉天使医疗美容有限公司温岭泽国医疗美容诊所,91331081MAD5NCJE9W,,无等级,,66228.0
台州跃君康和医疗有限公司温岭城西中医综合诊所,91331081MAE0N5EP5R,,无等级,,66122.0
台州路桥建标中医诊所有限公司月河北街中医诊所,91331004MA2DY1D38G,,无等级,,65021.0
台州集聚区尤看运动医学诊所有限公司椒江尤看运动医学诊所,91331001MA2HGXEG31,,无等级,,64498.0
台州黄岩万国中医诊所,91331003557518894U,,无等级,,64443.0
台州黄岩何氏中医诊所,91331003MA29Y4EQ7M,,无等级,,64448.0
台州黄岩兰天医疗美容诊所,91331003MA28GW6J6D,,无等级,,64456.0
台州黄岩周氏诊所,91331003MA2ANUEE0G,,无等级,,64417.0
台州黄岩品洁口腔诊所,92331003MA2DTCJ39Y,,无等级,,64401.0
台州黄岩啊文口腔诊所,92331003MA2DX26J1G,,无等级,,64404.0
台州黄岩回春中医诊所,92331003MA2HH8HU4A,,无等级,,64439.0
台州黄岩天南医疗美容诊所,913310035826841064,,无等级,,64445.0
台州黄岩如是中医诊所,91331003MA2AL5W28X,,无等级,,64452.0
台州黄岩安晨诊所,91331003MA2DXBXH16,,无等级,,64460.0
台州黄岩希昌口腔诊所,92331003MA2DWXQ968,,无等级,,64426.0
台州黄岩康兴诊所有限公司拱新大道内科诊所,91331003MACB5UJJ4L,,无等级,,64373.0
台州黄岩康济诊所有限公司鹿鸣路内科诊所,91331003MACBMA0P08,,无等级,,64392.0
台州黄岩张冲中西医结合诊所,91331003MA2DWPEH36,,无等级,,64424.0
台州黄岩心丰诊所,91331003MA2ANJ2W1W,,无等级,,64433.0
台州黄岩悦康诊所,91331003MA2AN7XM4Q,,无等级,,64458.0
台州黄岩杨福明口腔诊所,91331003MA2APU147R,,无等级,,64340.0
台州黄岩松兴堂林峰中医诊所,92331003MA28HRWY6M,,无等级,,64437.0
台州黄岩林氏口腔诊所,92331003MA29YQHH2D,,无等级,,64447.0
台州黄岩桥北内科诊所,91331003MA2AN6F66Q,,无等级,,64391.0
台州黄岩梓辰口腔诊所,92331003MA2HJ1NP3L,,无等级,,64419.0
台州黄岩潘氏口腔诊所,91331003679598941W,,无等级,,64414.0
台州黄岩牟氏口腔诊所,92331003MA2G6KPJ74,,无等级,,64425.0
台州黄岩王卫口腔诊所,92331003MA2DW6LQX2,,无等级,,64423.0
台州黄岩百合口腔诊所,92331003MA2G8EFG3K,,无等级,,64473.0
台州黄岩皓贝医疗器械有限公司院桥新春南路口腔诊所,91331003MA2DTC3L4Y,,无等级,,64389.0
台州黄岩章裕武口腔诊所,92331003MA2G6TAR1H,,无等级,,64442.0
台州黄岩章裕革口腔诊所,91331003MA2ANR9T3B,,无等级,,64428.0
台州黄岩美姿之医疗美容诊所,92331003MA2G6X6W89,,无等级,,64453.0
台州黄岩荣华口腔诊所,91331003MA2DWGAY27,,无等级,,64469.0
台州黄岩蒋逸岳中医诊所,91331003MA28GUPB6F,,无等级,,64467.0
台州黄岩蔡金良口腔诊所,92331003MA2DW5C58Q,,无等级,,64457.0
台州黄岩虞氏中西医结合诊所,91331003MA2DWXKB4T,,无等级,,64455.0
台州黄岩雅美口腔诊所,92331003MA2G7BHU79,,无等级,,64464.0
台州黄岩顾氏中西医结合诊所,91331003MA2DW53MXA,,无等级,,64463.0
史娟英口腔诊所,92330402MA2F21BLXC,,无等级,,51098.0
叶娟内科诊所,92330302MA2973419K,,无等级,,48853.0
叶宏灿中医诊所,TE3306833300162010,,无等级,,54802.0
叶汝南口腔诊所,92330683MA2894CH3W,,无等级,,54813.0
叶海蓬内科诊所,92330302MA2875P768,,无等级,,48980.0
叶田松诊所,92330824MA2FUEG676,,无等级,,61601.0
叶翠清诊所,TE3308223300477450,,无等级,,61081.0
叶苏州中医诊所,TE3308223300305680,,无等级,,61086.0
叶茂凡中医诊所,92330328MA2BW7KG2W,,无等级,,49687.0
叶选虎内科诊所,92330302MA2C39TY56,,无等级,,49015.0
司永生口腔诊所,92330402MA2F13H65C,,无等级,,51116.0
吕氏华医堂（余姚）阳明路内科诊所,91330281MADJ9D3P6R,,无等级,,44027.0
含贝口腔诊所,92330411MA29GA9U60,,无等级,,51309.0
吴兰英诊所,92330702MA28PXGG7T,,无等级,,57712.0
吴兴丛丽丽牙科诊所,TE3305023300494750,,无等级,,52846.0
吴兴东林章丽口腔诊所,92330502MA2B3QPJ2K,,无等级,,52783.0
吴兴其卿中医诊所,92330502MA2B39757E,,无等级,,52814.0
吴兴卢斌强口腔诊所,92330502MA2F935R4U,,无等级,,52713.0
吴兴叶展口腔诊所,92330502MAZF75XPOL,,无等级,,52738.0
吴兴吴礼清中医诊所,TE3305023300023130,,无等级,,52567.0
吴兴喜莉内科诊所,92330502MA2JKWG14B,,无等级,,52854.0
吴兴徐强牙科诊所,92330502MA2D2HR95R,,无等级,,52827.0
吴兴徐水明口腔诊所,92330502MA29K25489,,无等级,,52896.0
吴兴志明中医诊所,92330502MA2B3U607M,,无等级,,52708.0
吴兴映荷口腔诊所,92330502MA7DG4R52R,,无等级,,52855.0
吴兴朱杰口腔诊所,92330502MA2F90REXR,,无等级,,52830.0
吴兴朱见利口腔诊所,92330502MA2D4XF69G,,无等级,,52860.0
吴兴杨亚华中医诊所,92330502MA2F9DDQ4G,,无等级,,52879.0
吴兴楼天潭口腔诊所,TE3305023300032360,,无等级,,52811.0
吴兴沈剑根中医骨伤科诊所,92330502MA2F9DLY02,,无等级,,52809.0
吴兴王斌口腔诊所,92330502MA2D4HBP58,,无等级,,52858.0
吴兴盛萍萍口腔诊所,92330502L47662178G,,无等级,,52880.0
吴兴科微医疗美容诊所,TE3305023300717430,,无等级,,52488.0
吴兴织里林焱西医内科诊所,92330502MACDECL462,,无等级,,52904.0
吴兴织里聂满结内科诊所,92330502MA2D19F08F,,无等级,,52875.0
吴兴织里蒋光明西医内科诊所,TE3305023300034830,,无等级,,52832.0
吴兴织里金谊西医内科诊所,92330502MACD6EJ96C,,无等级,,52895.0
吴兴臧勇强中医诊所,TE3305023300003520,,无等级,,52790.0
吴兴董友好内科诊所,92330502MA29KBKG60,,无等级,,52803.0
吴兴蒋国英口腔诊所,TE3305023300451100,,无等级,,52835.0
吴兴袁秋顺口腔诊所,TE3305023300418230,,无等级,,52799.0
吴兴诚诺口腔诊所,92330502MA2JKMKY2H,,无等级,,52872.0
吴兴邵光华内科诊所,92330502MA2F4GN14T,,无等级,,52851.0
吴兴郑子新中医诊所,TE3305023300015450,,无等级,,52796.0
吴兴金增辉口腔诊所,92330502MA29JPT646,,无等级,,52821.0
吴兴钟永泉口腔诊所,92330502MA2F9B2F9R,,无等级,,52828.0
吴兴陈伟强牙科诊所,92330502MA2F6DWH5A,,无等级,,52894.0
吴兴陈旭明牙科诊所,92330502MA2D5PBM8J,,无等级,,52817.0
吴兴陈飞霞口腔诊所,92330502MA29J9KN2K,,无等级,,52789.0
吴建成内科诊所,92330302MA2C1BXN5X,,无等级,,48856.0
吴昌永内科诊所,92330328MA2CA4CK79,,无等级,,49717.0
吴珍诊所,92330702MA29NFPJXE,,无等级,,57713.0
吴益东中医骨伤科诊所,92330302MA294P8G07,,无等级,,48963.0
周世光中医内科诊所,92330302MA2974XJ3P,,无等级,,48868.0
周云区中医诊所,92330328MA2C1XNJ96,,无等级,,49716.0
周凤医疗美容诊所,91330902MACJU0PH89,,无等级,,62911.0
周南燕针灸诊所,92330683MA29CTCU56,,无等级,,54775.0
周品良医疗诊所,92330902MA28KKD20Q,,无等级,,63014.0
周小芹口腔诊所,92330702MA2FM6EJ5P,,无等级,,57788.0
周敏敏妇科诊所,92330302MA2JA1ER5Q,,无等级,,48894.0
周方煜中医针灸诊所,92330302MA2C33GH7T,,无等级,,48858.0
周洪明正骨理疗诊所,92330702MA2FKQRQ9B,,无等级,,57707.0
周海英口腔诊所,TE3306213300421660,,无等级,,53682.0
周爱华妇科诊所,92330032MA2C8UHH4B,,无等级,,48392.0
和平口腔诊所,TE3308223300492090,,无等级,,61108.0
和穆（杭州）健康管理有限责任公司萧山东藩中西医结合诊所,91330109MACJJRHB16,,无等级,,38569.0
唐满英中医针灸诊所,TE3306023300142780,,无等级,,54301.0
商伟丽口腔诊所,92330683MA2FE4NC6J,,无等级,,54785.0
嘉兴万康中西医结合诊所,91330402MADWHD5932,,无等级,,51037.0
嘉兴丽华中医诊所,92330402MA28B5LEXR,,无等级,,51103.0
嘉兴之画医疗美容诊所,91330402MADPJ9GX33,,无等级,,51047.0
嘉兴余建心中医外科诊所,92330402MA2B82Y73M,,无等级,,51106.0
嘉兴佳诚中西医结合诊所,91330402MAE78B7825,,无等级,,51038.0
嘉兴俊灿健康管理有限公司临平星桥星灿街中西医结合诊所,91330110MA2GLBFA71,,无等级,,35678.0
嘉兴光未眼科诊所,91330402MACGN8EG0G,,无等级,,51125.0
嘉兴兴康中西医结合诊所,91330402MAE0758T28,,无等级,,51057.0
嘉兴卓康内科诊所,91330402MADEG67YX5,,无等级,,50951.0
嘉兴南湖妙手会外科诊所,92330402MA2D04H44H,,无等级,,51101.0
嘉兴南湖迎嘉中西医结合诊所,91330402MAD41LWG1E,,无等级,,51074.0
嘉兴南湖邻和内科诊所,91330402MADWPX3U02,,无等级,,51051.0
嘉兴博信诊所秀洲王店诊所,91330411MADYCMB4XQ,,无等级,,51282.0
嘉兴善凝堂中西医结合诊所,91330402MADJKYQT2W,,无等级,,51062.0
嘉兴喜理中医诊所,91330402MADC9R9F4H,,无等级,,51032.0
嘉兴嘉艺美医疗美容诊所,91330402MADP2EQU3N,,无等级,,51040.0
嘉兴奕美医疗美容诊所,91330402MA2LCC7B2M,,无等级,,51009.0
嘉兴媄递诗医疗美容诊所,91330402MAE1649F7M,,无等级,,51060.0
嘉兴孙国良中医内科诊所,TE3304023300354260,,无等级,,51096.0
嘉兴安慈中西医结合诊所,91330402MAEM5KK442,,无等级,,51013.0
嘉兴宜高儿科诊所,91330402MAEPT0CG0Q,,无等级,,50961.0
嘉兴宝瞳星眼科诊所,91330402MACPF3AT22,,无等级,,51073.0
嘉兴家家健康企业管理有限公司南溪西路中西医结合诊所,91330402MAE52XQL5R,,无等级,,51052.0
嘉兴寸星眼科诊所,91330402MAD5G2EK0K,,无等级,,51097.0
嘉兴市四之堂医药连锁有限责任公司惠民诊所,91330481MA28AN4W2D,,无等级,,50495.0
嘉兴市康慈医院南湖区精神卫生诊所,123304834710618386,,无等级,,51045.0
嘉兴康晖内科诊所,91330402MAE50MHQ86,,无等级,,51053.0
嘉兴快康中医诊所,91330402MA2JG9CH5M,,无等级,,50991.0
嘉兴怡禾堂内科诊所,91330402MACP9JC096,,无等级,,50968.0
嘉兴慧民内科诊所,91330402MADKDQBG1E,,无等级,,51068.0
嘉兴慧科医疗美容诊所,91330402MACWY6E92X,,无等级,,51108.0
嘉兴新慈中西医结合诊所,91330402MAEG62QQ30,,无等级,,51039.0
嘉兴李强口腔诊所,92330402MACJ0EPF68,,无等级,,51100.0
嘉兴柏林口腔诊所,92330402MA29HNL086,,无等级,,50945.0
嘉兴槿妍双美医疗美容诊所,91330402MAK0DFWK28,,无等级,,50890.0
嘉兴欣慕医疗美容诊所,91330402MACF3X2011,,无等级,,51110.0
嘉兴正诚诊所,91330411MA7J570Y1Y,,无等级,,51325.0
嘉兴江山口腔诊所,92330401MA2B800N2T,,无等级,,51304.0
嘉兴江椿内科诊所,91330402MADNEU9D3B,,无等级,,51067.0
嘉兴汪耀先中医外科诊所,92330402MA28BMYR57,,无等级,,51093.0
嘉兴沐岚医疗美容诊所,91330402MADJG9FY32,,无等级,,51075.0
嘉兴海盐星瑞医疗美容诊所,91330424MABTA7DE4G,,无等级,,50696.0
嘉兴海盐西桥中西医结合诊所,91330424MAG1CBNB9T,,无等级,,50557.0
嘉兴港区乍浦博信诊所,91330400MADYY2HD74,,无等级,,51515.0
嘉兴港区乍浦吴玲英口腔诊所,92330400MA2JG8XY5C,,无等级,,51526.0
嘉兴港区乍浦嘉齿口腔诊所,91330400MACU2T1B2E,,无等级,,51532.0
嘉兴港区乍浦康信口腔诊所,91330400MA2CWJE4XF,,无等级,,51376.0
嘉兴港区乍浦张杰外科诊所,92330400MA2F38YY7U,,无等级,,51557.0
嘉兴港区乍浦星齿口腔诊所,91330400MA2CWB5D4M,,无等级,,51351.0
嘉兴港区乍浦金诚内科诊所,91330400MAEJPU9H47,,无等级,,51369.0
嘉兴港区美伢依口腔诊所,91330400MA2D01GB7W,,无等级,,51520.0
嘉兴湘城中医诊所,91330402MADF17WX2D,,无等级,,51055.0
嘉兴白芷医疗美容诊所,91330402MAETHPHH74,,无等级,,50911.0
嘉兴盛美医疗美容诊所,91330402MAC5YX535Q,,无等级,,50921.0
嘉兴祖涛口腔诊所,91330411MABP6F8D0Y,,无等级,,51296.0
嘉兴秀园诊所,91330411MAD48LFM0X,,无等级,,51199.0
嘉兴秀洲尚妍医疗美容诊所,91330411MA29FNAQXU,,无等级,,51211.0
嘉兴秀洲德医中西医结合诊所,92330411MAEF3FQ17N,,无等级,,51271.0
嘉兴秀洲王江泾肖方燚口腔诊所,92330411MACRYD0R51,,无等级,,51320.0
嘉兴秀洲益民义庄内科诊所,91330411MAG11H8K3C,,无等级,,51201.0
嘉兴秀洲至妍医疗美容诊所,91330402MACML4Q776,,无等级,,51221.0
嘉兴童天成中医诊所,52330402691267213F,,无等级,,51121.0
嘉兴经开嘉北开诚诊所,91330401MAC64UDU6E,,无等级,,51327.0
嘉兴经开城南丛日红诊所,91330401MACHA9UX4J,,无等级,,51113.0
嘉兴经开城南中环大药房中医（综合）诊所,91330401MA2BAM531T,,无等级,,51086.0
嘉兴经开城南嘉益中西医结合诊所,91330401MADW7LUG79,,无等级,,51034.0
嘉兴经开城南宝芝灵中医诊所,91330401MA2JG4583U,,无等级,,51085.0
嘉兴经开城南常愈堂中医诊所,91330401MA7BWAKY7K,,无等级,,51088.0
嘉兴经开城南槿妍璞颜医疗美容诊所,91330401MACAY9KN3K,,无等级,,51114.0
嘉兴经开城南纪旦红口腔诊所,92330401MA2EYCQT46,,无等级,,51084.0
嘉兴经开城南陆建萍口腔诊所,92330401MA2F3UN921,,无等级,,51071.0
嘉兴经开塘汇为民诊所,91330401MADB9GYT7B,,无等级,,51255.0
嘉兴经开塘汇健晖诊所,91330401MADAQC7A07,,无等级,,51289.0
嘉兴经开塘汇古茶园中西医结合诊所,91330401MADWJ8YYXB,,无等级,,51204.0
嘉兴经开塘汇霞伟口腔诊所,92330401MADX3WRT36,,无等级,,51276.0
嘉兴经开长水侯诗云中医诊所,92330401MA2JD1F15K,,无等级,,51087.0
嘉兴经开长水兮颜棠医疗美容诊所,91330401MA2JGT821F,,无等级,,51089.0
嘉兴经开长水家康诊所,91330401MADFKQFD67,,无等级,,51081.0
嘉兴经开长水张宏英口腔诊所,92330401MA2B8C0X78,,无等级,,51070.0
嘉兴经开长水汲杉医疗美容诊所,91330401MACDFLRYXH,,无等级,,51105.0
嘉兴经开长水济康中西医结合诊所,TE3304023300697580,,无等级,,51041.0
嘉兴经开长水盛美口腔诊所,91330401MAEQ41CJ22,,无等级,,50905.0
嘉兴经开长水盛颜医疗美容诊所,91330401MADJ7E2Y5E,,无等级,,51065.0
嘉兴经开长水福康诊所,91330401MADGLBCR72,,无等级,,51082.0
嘉兴经开长水贺灯诊所,91330401MACCB4078M,,无等级,,51115.0
嘉兴经开长水达康诊所,91330401MAEP4AQ93E,,无等级,,50935.0
嘉兴经开长水金学成口腔诊所,92330401MA2F2FA85N,,无等级,,51083.0
嘉兴臻爱医疗美容诊所,91330402MADRQUQUXL,,无等级,,51059.0
嘉兴臻颜医疗美容诊所,91330402MACY9WN61N,,无等级,,51064.0
嘉兴艺植医疗美容诊所,91330402MADAFWYX59,,无等级,,51054.0
嘉兴芳华依美医疗美容诊所,91330411MA2CWDLU09,,无等级,,51046.0
嘉兴藏韬口腔诊所,92330402MADAPGLC1N,,无等级,,51069.0
嘉兴詹阿东中西医结合诊所,91330402MAEQH0CH43,,无等级,,50931.0
嘉兴通透中医诊所,91330402MA2LCBP39N,,无等级,,51092.0
嘉兴阿东内科诊所,91330402MAE9K5E10E,,无等级,,51050.0
嘉兴颜芝美医疗美容诊所,91330402MACLWJD82R,,无等级,,50913.0
嘉兴鲍氏口腔诊所,92330402MA2B8UTC9B,,无等级,,51122.0
嘉兴鸿辉中西医结合诊所,91330402MACR4KJ27R,,无等级,,51102.0
嘉善一康商盛普通诊所,91330421MAG2A67709,,无等级,,50727.0
嘉善云尚口腔诊所,91330421MAE19KUH72,,无等级,,50720.0
嘉善众友普通诊所,91330421MADAT1NL9H,,无等级,,50853.0
嘉善众康东鼎普通诊所,91330421MADRAW613E,,无等级,,50840.0
嘉善众康中都普通诊所,91330421MADQ6CCM69,,无等级,,50836.0
嘉善众康普通诊所,91330421MAD8XD7LX3,,无等级,,50796.0
嘉善众康桃原普通诊所,91330421MAE31T9R81,,无等级,,50798.0
嘉善优肤可丽医疗美容诊所,91330421MAC2KUQH6B,,无等级,,50718.0
嘉善佳博齿科口腔诊所,91330421MACGC4UW23,,无等级,,50713.0
嘉善健和堂普通诊所,91330421MACY673C9B,,无等级,,50858.0
嘉善兮美医疗美容诊所,91330421MA7DF70Y0U,,无等级,,50854.0
嘉善医友普通诊所,TE3304213300182920,,无等级,,50841.0
嘉善医康普通诊所,91330421MADW2057XY,,无等级,,50828.0
嘉善县百姓缘药品零售有限公司亭桥路店中医坐堂医诊所,913304213255738279,,无等级,,50862.0
嘉善吉鑫普通诊所,91330421MAD24MUY37,,无等级,,50855.0
嘉善周氏普通诊所,91330421MADK2E5H99,,无等级,,50790.0
嘉善善美中西医结合诊所,91330421MAEREG3U1G,,无等级,,50735.0
嘉善嘉美口腔诊所,92330421MA29FX9U3P,,无等级,,50782.0
嘉善壹加医疗美容诊所,91330421MACLTNYF82,,无等级,,50861.0
嘉善大云沈峰口腔诊所,92330421MA29FNPA46,,无等级,,50780.0
嘉善天凝蒋似松中医诊所,92330421MA29G5FPXG,,无等级,,50871.0
嘉善姚庄孙文加中医诊所,91330421MA2BAUMA90,,无等级,,50864.0
嘉善姚庄朱新民中医诊所,913304213298716889,,无等级,,50874.0
嘉善姚庄杨培娟口腔诊所,92330421MA2CXYY860,,无等级,,50872.0
嘉善姚庄袁鑫森诊所,91330421MA2BB6LMOR,,无等级,,50863.0
嘉善宋氏普通诊所,91330421MAE5DB0X8P,,无等级,,50829.0
嘉善宏安普通诊所,91330421MADLG6A4XB,,无等级,,50850.0
嘉善康娟普通诊所,91330421MAE02MH523,,无等级,,50833.0
嘉善建美口腔诊所,91330421MAD1XLDD8D,,无等级,,50807.0
嘉善张敏皮肤科普通诊所,92330421MA2JF5H36F,,无等级,,50719.0
嘉善念妙口腔诊所,91330421MAE47Q849B,,无等级,,50748.0
嘉善悦蹊医疗美容诊所,91330421MACR6W417A,,无等级,,50820.0
嘉善惠民朱宝良诊所,91330421MA2BCUID05,,无等级,,50856.0
嘉善惠民李明祥诊所,91330421MA2BA3M463,,无等级,,50867.0
嘉善惠民蒋婷婷中西医结合诊所,91330421MA2CU4NG39,,无等级,,50868.0
嘉善李霞普通诊所,92330421MAC8Y4X100,,无等级,,50876.0
嘉善杨燕口腔诊所,92330421MA2JF55130,,无等级,,50728.0
嘉善格芙丽医疗美容诊所,91330421MAC9C8Q50Y,,无等级,,50757.0
嘉善民康普通诊所,92330421MAERJDQP69,,无等级,,50744.0
嘉善澄意口腔诊所,91330421MAG0H0R27M,,无等级,,50715.0
嘉善熊志峰口腔诊所,92330421MA2LBNR472,,无等级,,50791.0
嘉善百仁中医综合诊所,91330421MADLP5YR7D,,无等级,,50835.0
嘉善百姓缘中医综合诊所,91330421MADMBBLH31,,无等级,,50851.0
嘉善百安普通诊所,91330421MADW85C54R,,无等级,,50838.0
嘉善百草堂中西医结合诊所,91330421MACTKK5J6L,,无等级,,50865.0
嘉善笑研口腔诊所,91330421MAE6TC6C5D,,无等级,,50749.0
嘉善简奢医疗美容诊所,91330421MACU8EGQ26,,无等级,,50852.0
嘉善罗星华金伦诊所,91330421MA2BANHM67,,无等级,,50846.0
嘉善罗星孔启辰中医诊所,91330421MA2BA3K6X1,,无等级,,50870.0
嘉善罗星张凯平口腔诊所,92330421MA2BB1CF25,,无等级,,50793.0
嘉善罗星张旭东中医诊所,92330421MA2EXB8L6B,,无等级,,50845.0
嘉善罗星梁滨中医诊所,92330421MA2F1UUH12,,无等级,,50847.0
嘉善罗星沈淑萍口腔诊所,92330421MA7GWYA482,,无等级,,50812.0
嘉善罗星潘晨口腔诊所,92330421MA2F2WGJXA,,无等级,,50800.0
嘉善罗星甘冠华口腔诊所,92330421MA2F28BU23,,无等级,,50781.0
嘉善罗星范春普通诊所,91330421MAC7DMR591,,无等级,,50877.0
嘉善罗星陈进义中医诊所,91330421MA2BA0N287,,无等级,,50869.0
嘉善罗星顾叶青口腔诊所,92330421MA29GBNJ8D,,无等级,,50804.0
嘉善若颜医疗美容诊所,91330421MAD59RPM7Y,,无等级,,50815.0
嘉善西塘李仿钧诊所,92330421MA2EYJXM0B,,无等级,,50849.0
嘉善西塘李青口腔诊所,92330421MA2LBU9GXU,,无等级,,50794.0
嘉善西塘马新源诊所,91330421WA2BAB283U,,无等级,,50857.0
嘉善豫善普通诊所,91330421MAEREW641G,,无等级,,50745.0
嘉善鑫诚普通诊所,91330421MADMWUA51W,,无等级,,50839.0
嘉善钟介福普通诊所,913304213074491444,,无等级,,50775.0
嘉善铭安口腔诊所,92330421MA2LB1FQ0G,,无等级,,50742.0
嘉善陈广口腔诊所,92330421MA2CXBEK41,,无等级,,50811.0
嘉善颂妍医疗美容诊所,91330421MAD5JWNM25,,无等级,,50819.0
嘉善魏塘万陈亚口腔诊所,92330421MA2CYDY17Q,,无等级,,50860.0
嘉善魏塘俞国洪普通诊所,91330421MA2BA59F92,,无等级,,50842.0
嘉善魏塘吕敏口腔诊所,92330421MA2JDAY889,,无等级,,50759.0
嘉善魏塘周金其中医综合诊所,92330421MA2JFACT0C,,无等级,,50817.0
嘉善魏塘崔玉兰口腔诊所,92330421MA2EXRUE2R,,无等级,,50797.0
嘉善魏塘徐美芳口腔诊所,92330421MA2B84PL6K,,无等级,,50801.0
嘉善魏塘杨红中医（综合）诊所,92330421MA2BCPKR2X,,无等级,,50843.0
嘉善魏塘王建芳口腔诊所,92330421MA29G0WE4F,,无等级,,50806.0
嘉善魏塘胡春燕口腔诊所,92330421MA2JG73467,,无等级,,50778.0
嘉善魏塘费志超中医诊所,91330421MA2BA4NQ5H,,无等级,,50873.0
嘉善魏塘陈学国中西医结合诊所,91330421MA2CXC4267,,无等级,,50866.0
嘉善魏塘陈学虎中西医结合诊所,92330421MA2CUJ7YX5,,无等级,,50848.0
嘉善魏塘陈德胜口腔诊所,92330421MA2F31QW0W,,无等级,,50825.0
城东街道大洋岙村张慧珍卫生站,123309025609684909,未定级,未定级,无级别,62836.0
夏文若内科诊所,92330302MA298QFH8Y,,无等级,,49007.0
夏温宁口腔诊所,92330402MA2CY9ER1N,,无等级,,51112.0
夏琴秋内科诊所,92330302MA2BRPRQ0P,,无等级,,48972.0
夏青口腔诊所,92330702MA2FK2QA6Y,,无等级,,57738.0
大诚医疗诊所,92330902MA2DN08T6J,,无等级,,62966.0
天台一心诊所,91331023MA2DXTCH7K,,无等级,,65463.0
天台一方诊所,91331023MADXWJ0T4B,,无等级,,65484.0
天台一清诊所,92331023MA2HJ6D255,,无等级,,65327.0
天台一道诊所,92331023MA2K9UUU6Q,,无等级,,65573.0
天台丁天国口腔诊所,91331023MA2DYM3U2Y,,无等级,,65552.0
天台丁美珍诊所,92331023MA2ALCQ614,,无等级,,65554.0
天台仁鑫德诊所,91331023MA7C9WAC99,,无等级,,65558.0
天台何富仁诊所,91331023MA2DTXJ36J,,无等级,,65549.0
天台余亚芬口腔诊所,92331023MA2ALR5A1A,,无等级,,65584.0
天台余昌武口腔诊所,91331023MA2DXK0J2E,,无等级,,65468.0
天台余氏口腔诊所,92331023MAG1QGKP4X,,无等级,,65459.0
天台华荟医疗美容诊所,91331023MA2K7P8D2Q,,无等级,,65588.0
天台县街头镇湖酋两村卫生室,1233102347278101XA,未定级,未定级,无级别,65366.0
天台叶再扬诊所,TE3310233300458840,,无等级,,65570.0
天台叶本兴口腔诊所,TE3310233300334690,,无等级,,65568.0
天台吾家诊所,91331023MACRDW8R38,,无等级,,65581.0
天台周锦妃诊所,TE3310233300381920,,无等级,,65544.0
天台培元诊所,91331023MA7FBCMM6B,,无等级,,65572.0
天台奚基乐口腔诊所,92331023MA2AMR6NXT,,无等级,,65589.0
天台姜桢琪口腔诊所,91331023MA29XTGY8G,,无等级,,65563.0
天台安美娇口腔诊所,92331023MA2AMRP7XU,,无等级,,65590.0
天台宏耀口腔诊所,91331023MA2HGRR09G,,无等级,,65579.0
天台庞伟口腔诊所,92331023MA2AMC248J,,无等级,,65545.0
天台张新诊所,91331023MADYU5C80D,,无等级,,65520.0
天台张玲娟内科诊所,92331023MA2G9CJ08U,,无等级,,65591.0
天台张秀飞口腔诊所,92331023MA2KBCBG29,,无等级,,65571.0
天台徐娜口腔诊所,92331023MA2AL2MQ2G,,无等级,,65575.0
天台恩和诊所,92331023MA2DY1KB88,,无等级,,65531.0
天台恩福诊所,91331023MACFU4JP21,,无等级,,65585.0
天台新立诊所,91331023MACKK4TNXD,,无等级,,65492.0
天台施丽萍诊所,91331023MACGA62T4W,,无等级,,65587.0
天台昇泰诊所,91331023MACTRUA16C,,无等级,,65580.0
天台星派医疗美容诊所,91331023MA28HFK92A,,无等级,,65537.0
天台智博口腔诊所,91331023MAD92LGB9P,,无等级,,65530.0
天台曹晓丽诊所,91331023MA2DXJ389K,,无等级,,65561.0
天台朗朗口腔诊所,91331023MAD73LLP9D,,无等级,,65336.0
天台杨芳口腔诊所,91331023MADPRCNA1C,,无等级,,65472.0
天台林丽华口腔诊所,TE3310233300335560,,无等级,,65553.0
天台梁小敏口腔诊所,92331023MA2AN3RG62,,无等级,,65533.0
天台汪云福诊所,92331023MA2MB1WK0C,,无等级,,65473.0
天台潘小亚口腔诊所,92331023MA2HFLQK40,,无等级,,65547.0
天台潘行龙诊所,91331023MA7CD7GU8Y,,无等级,,65543.0
天台熹颜医疗美容诊所,91331023MABYH9WF1M,,无等级,,65574.0
天台爱儿堂诊所,91331023MACY0UNN6Y,,无等级,,65457.0
天台牙仕博口腔诊所,91331023MACG8LXE9Y,,无等级,,65493.0
天台牙卫仕口腔诊所,91331023MACFF4LB9Q,,无等级,,65469.0
天台牙贝健口腔诊所,91331023MADXXJFG9D,,无等级,,65491.0
天台王丽云口腔诊所,92331023MA2DXN7692,,无等级,,65564.0
天台王家口腔诊所,91331023MA2HGUQN90,,无等级,,65487.0
天台王晓红口腔诊所,TE3310233300335490,,无等级,,65471.0
天台璞奢嘉合医疗美容诊所,91331023MAC5N5T74T,,无等级,,65539.0
天台福家诊所,92331023MAC6H00C54,,无等级,,65583.0
天台福鑫诊所,91331023MAG2EUM73D,,无等级,,65464.0
天台禾栗医疗美容诊所,91331023MAC8YTLN2F,,无等级,,65576.0
天台精言口腔诊所,91331023MABT287D79,,无等级,,65586.0
天台红云口腔诊所,91331023MA2HH50R31,,无等级,,65461.0
天台老金中医（综合）诊所,92331023MAE958QU0D,,无等级,,65477.0
天台联欣诊所,92331023MACKDC2T0P,,无等级,,65494.0
天台胭脂今生医疗美容诊所,91331023MAE0HC9X5F,,无等级,,65516.0
天台艾雅口腔诊所,91331023MA2KAGLM0K,,无等级,,65567.0
天台范氏口腔诊所,91331023MA2HH4EC78,,无等级,,65462.0
天台莫非医疗美容诊所,PDY76142433102315D,,无等级,,65577.0
天台蒋武威口腔诊所,TE3310233300334970,,无等级,,65541.0
天台裘树平诊所,92331023MA2AL0E387,,无等级,,65548.0
天台觅尚医疗美容诊所,91331023MA2MANQX3C,,无等级,,65526.0
天台许世汉西医诊所,TE3310233300442470,,无等级,,65497.0
天台许氏诊所,92331023MADC71DL7U,,无等级,,65498.0
天台许海明诊所,92331023MACNM0YC4K,,无等级,,65582.0
天台许照兴口腔诊所,TE3310233300452650,,无等级,,65566.0
天台谢文魁口腔诊所,92331023MA2HHK4P3P,,无等级,,65540.0
天台费志平诊所,92331023MAC0WJ2B8F,,无等级,,65578.0
天台车学设诊所,92331023MA2AL1K981,,无等级,,65560.0
天台邦典口腔诊所,91331023MABYR2N15W,,无等级,,65466.0
天台郑飞诊所,91331023MAG11FEJ8J,,无等级,,65465.0
天台金新军诊所,91331023MA2MATJ48W,,无等级,,65550.0
天台金秋月诊所,92331023MADKKUNH5G,,无等级,,65496.0
天台锦益西医诊所,91331023MA29W6DW4Q,,无等级,,65546.0
天台陈义昌诊所,92331023MA2DXAFA7N,,无等级,,65565.0
天台陈卫庆诊所,92331023MADX9AH647,,无等级,,65490.0
天台陈士美口腔诊所,91331023MA2DXCPA6J,,无等级,,65495.0
天台陈峰西医诊所,91331023MA2DWTFK5Q,,无等级,,65556.0
天台陈慧婷诊所,91331023MAC329CC14,,无等级,,65559.0
天台陈慧霞口腔诊所,92331023MA29X2186X,,无等级,,65557.0
天台陈艳珍诊所,92331023MABNM0L602,,无等级,,65542.0
天台陈雄武诊所,92331023MA2DXA309E,,无等级,,65555.0
天台雅康口腔诊所,91331023MAE1FHQG8P,,无等级,,65476.0
天台雅洁口腔诊所,91331023MA2KBK687R,,无等级,,65569.0
天台集邦口腔诊所,91331023MA2HH3N03M,,无等级,,65467.0
天台颜美荟医疗美容诊所,91331023MACYX2CW3Y,,无等级,,65488.0
天台马赵兴中医（综合）诊所,92331023MAC5ETFK8U,,无等级,,65538.0
天台黎敏诊所,92331023MA2DYLWGXT,,无等级,,65551.0
天台黎珉诊所,92331023MA2DX7M016,,无等级,,65562.0
奈尔美（杭州）医疗美容诊所,91330102MAEG7DL8X1,,无等级,,35769.0
姚斌荣中医骨伤科诊所,TE3306833300363900,,无等级,,54812.0
姜丽口腔诊所,92330702MA2DB8FY8Y,,无等级,,57786.0
姜引平诊所,91330400MA2CXBQL90,,无等级,,51537.0
婺城虞燕红西医内科诊所,92330702MA29NCYG41,,无等级,,57701.0
孟春苗口腔诊所,TE3306023300440750,,无等级,,54304.0
季宝荣西医内科诊所,92330702MA29Q8P1XR,,无等级,,57710.0
宁波东钱湖旅游度假区赛维斯医疗美容诊所,91330201MA2J5Q7U65,,无等级,,42558.0
宁波前湾新区俞佳内科诊所（个体工商户）,92330201MADJ09FH79,,无等级,,40240.0
宁波前湾新区刘伟伟内科诊所,92330201MADBAL7H6K,,无等级,,40350.0
宁波前湾新区刘培滋内科诊所,92330201MACEQ35F69,,无等级,,40389.0
宁波前湾新区刘基辉内科诊所,92330201MAD4KNBC41,,无等级,,40365.0
宁波前湾新区刘明坤内科诊所,92330201MAD7C1N79K,,无等级,,40362.0
宁波前湾新区刘淑华内科诊所,92330201MA2KQFTE0J,,无等级,,40385.0
宁波前湾新区医诺口腔诊所,91330201MADFXX4G0G,,无等级,,39903.0
宁波前湾新区叶德明内科诊所,92330201MAE3JR053R,,无等级,,40222.0
宁波前湾新区吴燕华内科诊所,92330201MAEJN6K848,,无等级,,40025.0
宁波前湾新区张军钊内科诊所,92330201MACG4PFU43,,无等级,,40386.0
宁波前湾新区张宝永中西医结合诊所,92330201MACHTAGU00,,无等级,,40239.0
宁波前湾新区张晓鹏内科诊所,92330201MAE34EGC56,,无等级,,40223.0
宁波前湾新区曹伟龙内科诊所,92330201MA2GQT1K64,,无等级,,40401.0
宁波前湾新区李晓敏内科诊所,92330201MACC78AY11,,无等级,,40426.0
宁波前湾新区李谦内科诊所,92330201MAE3M5AL4U,,无等级,,40202.0
宁波前湾新区杨云平内科诊所（个体工商户）,92330201MAD67R0K1E,,无等级,,40316.0
宁波前湾新区杨照富内科诊所,92330201MADL26UB89,,无等级,,40238.0
宁波前湾新区王尚明内科诊所,92330201MACCR9AG6L,,无等级,,40396.0
宁波前湾新区王延辉内科诊所,92330201MA2KQE690L,,无等级,,40349.0
宁波前湾新区王永超内科诊所,92330201MAE664LU0U,,无等级,,40193.0
宁波前湾新区王艳芳中西医结合诊所,92330201MAE3XDA71W,,无等级,,40203.0
宁波前湾新区王金莲内科诊所,92330201MAENC4624N,,无等级,,40021.0
宁波前湾新区肖广立中西医结合诊所,92330201MADQ93415X,,无等级,,40224.0
宁波前湾新区贾桂玲内科诊所,92330201MADHNFY84Y,,无等级,,40330.0
宁波前湾新区郭志农内科诊所,92330201MAD2E0AA4E,,无等级,,40370.0
宁波前湾新区陈春江中西医结合诊所,91330201MADWN34P3G,,无等级,,40234.0
宁波北仑万康内科诊所,91330206MA2H87HFXT,,无等级,,40856.0
宁波北仑丽思卡肤研医疗美容诊所,91330206MA7C8KQ63H,,无等级,,40781.0
宁波北仑京齿口腔诊所,91330206MA2J34L76J,,无等级,,40754.0
宁波北仑众信内科诊所,91330206MA2J46D33K,,无等级,,40803.0
宁波北仑众联普通诊所,91330206MACEETKUXG,,无等级,,40833.0
宁波北仑优齿佳口腔诊所,91330206MABN8PGCXA,,无等级,,40844.0
宁波北仑利鸿内科诊所,91330206MACFK5MC3D,,无等级,,40808.0
宁波北仑医心堂内科诊所,91330206MA2J3GKF82,,无等级,,40528.0
宁波北仑医眸眼科诊所,91330206MA2J4TWC09,,无等级,,40824.0
宁波北仑华源内科诊所,91330206MA2J5KRA3L,,无等级,,40535.0
宁波北仑博众中医综合诊所,91330206MACB3B697N,,无等级,,40810.0
宁波北仑君康中西医结合诊所,91330206MADFN9W67M,,无等级,,40797.0
宁波北仑吴秀梅普通诊所,91330206MACD4090X0,,无等级,,40841.0
宁波北仑嘉合普通诊所,91330206MACERNKL0P,,无等级,,40741.0
宁波北仑嘉诚口腔诊所,91330206MADK66EG8C,,无等级,,40788.0
宁波北仑国胜中医综合诊所,91330206MABUYHF44T,,无等级,,40794.0
宁波北仑大塘中西医诊所,52330206MJ8991207G,,无等级,,40805.0
宁波北仑大旭内科诊所,91330206MAE6FHTK41,,无等级,,40778.0
宁波北仑大碶伶齿口腔诊所,92330206MA2CJMU225,,无等级,,40516.0
宁波北仑大碶李辉中西医结合诊所,92330206MA2H4DBX30,,无等级,,40862.0
宁波北仑大碶济世堂内科诊所,913302063168011707,,无等级,,40852.0
宁波北仑大碶济福堂中西医结合诊所,91330206MA2KN2077B,,无等级,,40748.0
宁波北仑大碶王丹丹口腔诊所,92330206MA2GQ4H81D,,无等级,,40822.0
宁波北仑大碶芦绚普通诊所,91330206MABNK2T663,,无等级,,40814.0
宁波北仑大碶蓝港内科诊所,91330206MA2J54FW32,,无等级,,40650.0
宁波北仑大碶蓝草堂中西医结合诊所,91330206MAEC505Q59,,无等级,,40757.0
宁波北仑大碶蓝鑫内科诊所,91330206MACHDEU04X,,无等级,,40654.0
宁波北仑大碶贝佳口腔诊所,92330206MA2GQEBD1Q,,无等级,,40786.0
宁波北仑大碶贺磊口腔诊所,92330206MA2EKUD66E,,无等级,,40868.0
宁波北仑大碶陈可新内科诊所,92330206MA2H83KR69,,无等级,,40849.0
宁波北仑大碶顾海挺中医综合诊所,92330206MA2CL1BH8B,,无等级,,40750.0
宁波北仑大碶齐鹏内科诊所,92330206MA2AGQ8B99,,无等级,,40869.0
宁波北仑妃妮施医疗美容诊所,91330206MA7D6HFA8N,,无等级,,40652.0
宁波北仑宁东菠萝树口腔诊所,91330206MADDM4Y42E,,无等级,,40755.0
宁波北仑宁众口腔诊所,91330206MACGX8LGX2,,无等级,,40753.0
宁波北仑宁口菠萝树口腔诊所,91330206MAEQ5RJ830,,无等级,,40477.0
宁波北仑宇恢医疗美容诊所,91330206MADBXQ0G2R,,无等级,,40795.0
宁波北仑安川口腔诊所,91330206MAEQKGJXXH,,无等级,,40549.0
宁波北仑安益口腔诊所,91330206MA2KPWCH8G,,无等级,,40854.0
宁波北仑小强中西医结合诊所,91330206MADCPUHWX4,,无等级,,40796.0
宁波北仑小港刘春子口腔诊所,92330206MA2GRQQ5X1,,无等级,,40832.0
宁波北仑小港李杰内科诊所,92330206MA2GRW245M,,无等级,,40858.0
宁波北仑小港杨伟德口腔诊所,92330206MA2GRADL4F,,无等级,,40838.0
宁波北仑小港茂鑫口腔诊所,91330206MAC4D0G489,,无等级,,40806.0
宁波北仑小港静菊高塘口腔诊所,92330206MA2921W9XH,,无等级,,40843.0
宁波北仑小满普通诊所,91330206MAG1MB592U,,无等级,,40507.0
宁波北仑尚美客医疗美容诊所,91330206MAEFKLB10Q,,无等级,,40651.0
宁波北仑广众内科诊所,91330206MAEN81W703,,无等级,,40671.0
宁波北仑康元德中医综合诊所,91330206MADHUWR415,,无等级,,40504.0
宁波北仑康好中西医结合诊所,91330206MADEC6N44J,,无等级,,40669.0
宁波北仑康济中西医结合诊所,91330206MAECKJLC6K,,无等级,,40765.0
宁波北仑德尚中西医结合诊所,91330206MADF46WU1P,,无等级,,40658.0
宁波北仑德康内科诊所,91330206MADMJ7863R,,无等级,,40792.0
宁波北仑心馨内科诊所,91330206MA2KN1ML9Y,,无等级,,40846.0
宁波北仑怡康内科诊所,91330206MACGWXT29P,,无等级,,40834.0
宁波北仑悬壶内科诊所,91330206MAK0MXH60Q,,无等级,,40502.0
宁波北仑惠丽医疗美容诊所,91330206MABMH55H4L,,无等级,,40555.0
宁波北仑惠众中医综合诊所,91330206MADQCQK59X,,无等级,,40780.0
宁波北仑戚家山唐生合口腔诊所,92330206MA2CJWLX68,,无等级,,40815.0
宁波北仑扬光内科诊所,91330206MA2J35YP9C,,无等级,,40777.0
宁波北仑新众中医综合诊所,91330206MA2CHK3833,,无等级,,40813.0
宁波北仑新博中西医结合诊所,91330206MACHA6Q945,,无等级,,40779.0
宁波北仑新碶众康内科诊所,92330206MA2EL0MR9D,,无等级,,40831.0
宁波北仑新碶向红内科诊所,91330206MA2J6GQA1T,,无等级,,40848.0
宁波北仑新碶吴传旭内科诊所,92330206MA2GW4P770,,无等级,,40860.0
宁波北仑新碶周少明内科诊所,92330206MA2GQULJ8L,,无等级,,40827.0
宁波北仑新碶唯雅口腔诊所,91330206MA2H8M4J0F,,无等级,,40825.0
宁波北仑新碶张静中西医结合诊所,92330206MA2GTAEA19,,无等级,,40859.0
宁波北仑新碶昆仑诊所,92330206MA2EKU6F5W,,无等级,,40866.0
宁波北仑新碶梅如芝内科诊所,92330206MA2AHWMY88,,无等级,,40845.0
宁波北仑新碶民康内科诊所,91330206MA2KN8233H,,无等级,,40818.0
宁波北仑新碶沿海内科诊所,92330206MA292BF137,,无等级,,40473.0
宁波北仑新碶王叶堂内科诊所,92330206MA2CMARC9H,,无等级,,40865.0
宁波北仑新碶贝恩口腔诊所,92330206MA2EKG161B,,无等级,,40821.0
宁波北仑新碶鑫欣内科诊所,91330206MA2J63Q479,,无等级,,40791.0
宁波北仑新碶陶丽媛中医综合诊所,92330206MA2GRR1C03,,无等级,,40811.0
宁波北仑新薪普通诊所,91330206MA7KJNNN9E,,无等级,,40828.0
宁波北仑新阳普通诊所,91330206MADGM5EK1Y,,无等级,,40776.0
宁波北仑旺康内科诊所,91330206MACTCHMD3B,,无等级,,40817.0
宁波北仑星面容医疗美容诊所,91330206MA2J498EXQ,,无等级,,40816.0
宁波北仑春晓张继清内科诊所,92330206MA2CJ1BG9X,,无等级,,40839.0
宁波北仑春晓鼎浩口腔诊所,91330206MAC7ENM396,,无等级,,40835.0
宁波北仑昱升中西医结合诊所,91330206MA7CD5BN3R,,无等级,,40514.0
宁波北仑晓扬口腔诊所,91330206MAEJJ94J9Y,,无等级,,40659.0
宁波北仑景尚口腔诊所,91330206MA7C5QJP41,,无等级,,40759.0
宁波北仑李军口腔诊所,91330206MABWDA0B49,,无等级,,40768.0
宁波北仑柏峰口腔诊所,91330206MAEH5AGC27,,无等级,,40520.0
宁波北仑柴桥文利斋口腔诊所,91330206MA2AENLH10,,无等级,,40850.0
宁波北仑柴桥曹晔口腔诊所,91330206MA2AJF7GX8,,无等级,,40851.0
宁波北仑柴桥赵伟内科诊所,91330206MA7NBDUN5Y,,无等级,,40842.0
宁波北仑柴桥郑辉内科诊所,91330206MA2GRBPD8L,,无等级,,40820.0
宁波北仑民健中西医结合诊所,91330206MAE65FN10F,,无等级,,40647.0
宁波北仑汇港普通诊所,91330206MA2KPBYX1J,,无等级,,40826.0
宁波北仑泰参堂中医综合诊所,91330206MA2J4FQA8R,,无等级,,40809.0
宁波北仑济生内科诊所,91330206MADNT1PL3J,,无等级,,40764.0
宁波北仑海之源内科诊所,91330206MAE5TP37XD,,无等级,,40774.0
宁波北仑湖塘茂鑫口腔诊所,91330206MADULUQ344,,无等级,,40769.0
宁波北仑爱尔光明眼科诊所,91330206MACPABFT9N,,无等级,,40487.0
宁波北仑爱康内科诊所,91330206MACRNAK543,,无等级,,40790.0
宁波北仑瑞健中西医结合诊所,91330206MAE2CXL62G,,无等级,,40666.0
宁波北仑甬上堂中西医结合诊所,91330206MAC55UWP00,,无等级,,40758.0
宁波北仑百康内科诊所,91330206MA2KQDJ079,,无等级,,40804.0
宁波北仑益升内科诊所,91330206MADAPG0T7Q,,无等级,,40793.0
宁波北仑祝康内科诊所,91330206MAE499XY8C,,无等级,,40775.0
宁波北仑祥康普通诊所,91330206MACPXJF925,,无等级,,40801.0
宁波北仑福康中医综合诊所,91330206MA7JUU5JXY,,无等级,,40812.0
宁波北仑章松雷内科诊所,92330206MACKY44L01,,无等级,,40830.0
宁波北仑素元医疗美容诊所,91330206MA2J32QR6D,,无等级,,40787.0
宁波北仑红福内科诊所,91330206MA2J5BHR40,,无等级,,40853.0
宁波北仑缔容医疗美容诊所,91330206MABWA73E3D,,无等级,,40857.0
宁波北仑罗晞口腔诊所,92330206MADAHC9023,,无等级,,40802.0
宁波北仑胡小荣口腔诊所,92330206MA2H844302,,无等级,,40523.0
宁波北仑腾硕内科诊所,91330206MADBD1EX3P,,无等级,,40798.0
宁波北仑至玥医疗美容诊所,91330206MAK3HW698P,,无等级,,40481.0
宁波北仑药针中西医结合诊所,91330206MADAAN250F,,无等级,,40800.0
宁波北仑蓝镜医疗美容诊所,91330206MAK008XM5H,,无等级,,40490.0
宁波北仑薇加医疗美容诊所,91330206MA7C15J6XL,,无等级,,40807.0
宁波北仑辉泓中西医结合诊所,91330206MADCF96B6W,,无等级,,40488.0
宁波北仑迈特斯内科诊所,91330206MAEUQPG52T,,无等级,,40522.0
宁波北仑逸川内科诊所,91330206MABW8P067L,,无等级,,40819.0
宁波北仑邻家普通诊所,91330206MAERN1953J,,无等级,,40510.0
宁波北仑郭进内科诊所,92330206MACD23JL27,,无等级,,40837.0
宁波北仑鑫隆内科诊所,91330206MADJFG5G6E,,无等级,,40789.0
宁波北仑铭兴中医综合诊所,91330206MADQWBG6XR,,无等级,,40482.0
宁波北仑镜面医疗美容诊所,91330206MAD22F4933,,无等级,,40492.0
宁波北仑雅素卡丽医疗美容诊所,91330206MADLQ95U3Q,,无等级,,40782.0
宁波北仑雅肌医疗美容诊所,91330206MAEG17TB64,,无等级,,40717.0
宁波北仑霞浦徐波口腔诊所,92330206MA2CM7XU6Q,,无等级,,40855.0
宁波北仑青果医疗美容诊所,91330206MABQDJJJXK,,无等级,,40823.0
宁波北仑颜植术医疗美容诊所,91330201MA2AET2M88,,无等级,,40799.0
宁波北仑首而彤欣医疗美容诊所,91330206MA2KN49L41,,无等级,,40538.0
宁波北仑马氏内科诊所,92330206MA2CH37T4Q,,无等级,,40767.0
宁波北仑马玉涛内科诊所,92330206MACLC2LG3R,,无等级,,40783.0
宁波北仑高塘唯雅口腔诊所,91330206MADQCNK77B,,无等级,,40562.0
宁波北仑鲁岳内科诊所,91330206MA2J6KRP1K,,无等级,,40847.0
宁波北仑鸿渐内科诊所,91330206MA2GUBXN7F,,无等级,,40861.0
宁波北仑鸿联口腔诊所,91330206MA2KPR279T,,无等级,,40560.0
宁波北仑鼎职口腔诊所,91330206MA2J7T1A3E,,无等级,,40863.0
宁波外国语高级中学卫生站,12330200419528824W,无级别,无级别,未定级,41740.0
宁波大学附属人民医院驻宁波市公安局鄞州分局医务室,12330227419611919D,无级别,无级别,三级,42182.0
宁波大学附属第一医院驻宁波市看守所门诊部,12330200MB1P683255,未定级,未定级,三级,41443.0
宁波大榭开发区康奥口腔诊所,91330201MA2CJXAGXB,,无等级,,40840.0
宁波奉化丁传盛内科诊所,92330283MA2ERQW13E,,无等级,,41161.0
宁波奉化三横丽齿口腔诊所,91330283MADMCXCR35,,无等级,,40915.0
宁波奉化严和口腔诊所,91330283MAC66LBM42,,无等级,,41151.0
宁波奉化丽升诊所,91330283MADG4EGP1C,,无等级,,40877.0
宁波奉化丽都口腔诊所,91330283MA7L39F56W,,无等级,,40874.0
宁波奉化丽铭口腔诊所,91330283MACQA1QY36,,无等级,,40962.0
宁波奉化义门口腔诊所,92330283MA2AG1WG4T,,无等级,,41219.0
宁波奉化何永武诊所,92330283MA291HMD76,,无等级,,41228.0
宁波奉化佳济中医（综合）诊所,91330283MA2AHBMC0M,,无等级,,40992.0
宁波奉化佳琪堂中医（综合）诊所,91330283MAEH89T94K,,无等级,,40991.0
宁波奉化佳贝丽口腔诊所,91330283MABMCETL73,,无等级,,41149.0
宁波奉化俞亚平内科诊所,92330283MA2ERG6969,,无等级,,41168.0
宁波奉化俞汉明内科诊所,92330283MA2H6C8P7X,,无等级,,41166.0
宁波奉化光禾口腔诊所,91330283MAEP1KM80B,,无等级,,40917.0
宁波奉化冒源口腔诊所,91330283MABQ288A6E,,无等级,,41202.0
宁波奉化凯轩宇口腔诊所,91330283MADMJNA86D,,无等级,,41188.0
宁波奉化单继忠中医（综合）诊所,92330283MA292C678H,,无等级,,41210.0
宁波奉化博善诊所,92330283MA2ERH146Y,,无等级,,41146.0
宁波奉化博视眼视光眼科诊所,91330283MA7FA1MP5X,,无等级,,41218.0
宁波奉化史明发内科诊所,92330283MA2AJE7W8R,,无等级,,41175.0
宁波奉化叶咪娜中医（综合）诊所,92330283MA2AE8WNXH,,无等级,,41216.0
宁波奉化吴柏林内科诊所,TE3302833300025050,,无等级,,41169.0
宁波奉化周瑞女妇科诊所,92330283MAEF4JW897,,无等级,,40986.0
宁波奉化唐佳琨口腔诊所,92330283MA2H59J5XT,,无等级,,41220.0
宁波奉化嘉和口腔诊所,91330283561279910H,,无等级,,41213.0
宁波奉化埔名内科诊所,91330283MAC8W4D63N,,无等级,,41176.0
宁波奉化奉桥内科诊所,91330283MAC2641C9H,,无等级,,41170.0
宁波奉化奥赛弥眼科诊所,91330283MA7LREE112,,无等级,,41011.0
宁波奉化妙科内科诊所,91330283MADEPEW60R,,无等级,,41164.0
宁波奉化孙梦华口腔诊所,92330283MA2AEB700F,,无等级,,41224.0
宁波奉化宁奉口腔诊所,91330283MAEEM25B2J,,无等级,,40964.0
宁波奉化宁康中医（综合）诊所,91330283MADURJAM01,,无等级,,40961.0
宁波奉化安禾内科诊所,91330283MAET63D02N,,无等级,,40901.0
宁波奉化宝康内科诊所,91330283MA2J5LD21R,,无等级,,41185.0
宁波奉化富春锦和中医（综合）诊所,91330283MA2J5RDW3Y,,无等级,,41201.0
宁波奉化富苑内科诊所,91330283MA2H71GC7B,,无等级,,40878.0
宁波奉化屠笔莲口腔诊所,92330283MA2AFKXM66,,无等级,,41222.0
宁波奉化平安百姓中医（综合）诊所,91330283MA291BF423,,无等级,,41217.0
宁波奉化庄贤龙诊所,92330283MA293F2F1T,,无等级,,41177.0
宁波奉化应杰内科诊所,92330283MA2AE9T212,,无等级,,41178.0
宁波奉化康亿博内科诊所,91330283MAE72XL898,,无等级,,41142.0
宁波奉化康佰口腔诊所,91330283MAD4B7AG8D,,无等级,,41196.0
宁波奉化康元堂中西医结合诊所,91330283MAK3321Y2N,,无等级,,40870.0
宁波奉化建齿口腔诊所,92330283MA290LDN70,,无等级,,41192.0
宁波奉化张佳琪中医（综合）诊所,92330283MA291UCJ8K,,无等级,,41227.0
宁波奉化张旭芳口腔诊所,92330283MA2AEA505C,,无等级,,41233.0
宁波奉化张茂银内科诊所,92330283MA283U8742,,无等级,,41155.0
宁波奉化徐纪鸣口腔诊所,92330283MA2ERE359Y,,无等级,,41207.0
宁波奉化德慕内科诊所,91330283MADY4W81X8,,无等级,,41144.0
宁波奉化方桥德康口腔诊所,91330283MABPP2CB81,,无等级,,41148.0
宁波奉化方桥金诺口腔诊所,91330283MA7KU511XT,,无等级,,41189.0
宁波奉化本真内科诊所,91330283MAEKYJUW01,,无等级,,40918.0
宁波奉化李一任口腔诊所,92330283MA2AEBPF8J,,无等级,,41214.0
宁波奉化杨冬中医（综合）诊所,92330283MA2AED1X8J,,无等级,,41200.0
宁波奉化杨建威口腔诊所,92330283MA2AEB1R3G,,无等级,,41225.0
宁波奉化林金标内科诊所,92330283MA2GRKC2X6,,无等级,,41174.0
宁波奉化植安口腔诊所,91330283MAEQ9WCGXU,,无等级,,40912.0
宁波奉化槿颜医疗美容诊所,91330283MADNF17W28,,无等级,,41152.0
宁波奉化樊娜中西医结合诊所,92330283MA2AEAEG3R,,无等级,,41160.0
宁波奉化欣术医疗美容诊所,91330283MA7G1M5W3F,,无等级,,41198.0
宁波奉化欣禾内科诊所,91330283MAD8GDH762,,无等级,,41184.0
宁波奉化毛位华中医（综合）诊所,TE3302833300006470,,无等级,,41229.0
宁波奉化毛国方口腔诊所,92330283MA2ERHHL7D,,无等级,,41235.0
宁波奉化毛钱辉中医（综合）诊所,92330283MA2CMEWG4L,,无等级,,41209.0
宁波奉化汇正中医（综合）诊所,91330283MACEWGAT07,,无等级,,41159.0
宁波奉化汉林中西医结合诊所,913302837930335734,,无等级,,40970.0
宁波奉化江口德帆口腔诊所,91330283MA2H8EBB8N,,无等级,,41226.0
宁波奉化江口王培君内科诊所,92330283MA292FXHX5,,无等级,,41173.0
宁波奉化汪建杰口腔诊所,92330283MAC039EH82,,无等级,,41240.0
宁波奉化汪志海口腔诊所,92330283MA292BA46P,,无等级,,41147.0
宁波奉化汪维芬内科诊所,92330283MA2GWB974A,,无等级,,41167.0
宁波奉化沈满芬口腔诊所,92330283MA7APDRJ84,,无等级,,41236.0
宁波奉化溪南口腔诊所,91330283MADKKD7P21,,无等级,,41190.0
宁波奉化灼华内科诊所,91330283MADX85RG0L,,无等级,,41110.0
宁波奉化牙卫仕口腔诊所,91330283MA2KNC9399,,无等级,,41208.0
宁波奉化牙越好口腔诊所,91330283MAC1DG9M1R,,无等级,,40875.0
宁波奉化玉资妇科诊所,91330283MACJ5XA4XG,,无等级,,41165.0
宁波奉化王亚萍内科诊所,92330283MA2ERH0FXU,,无等级,,41162.0
宁波奉化王力山口腔诊所,92330283MA2AEA0Y1J,,无等级,,40881.0
宁波奉化王合定内科诊所,92330283MA293L4J3K,,无等级,,41179.0
宁波奉化王寅芬中医（综合）诊所,92330283MA2AEAA15R,,无等级,,41211.0
宁波奉化王建华内科诊所,92330283MA2ER94J6L,,无等级,,41163.0
宁波奉化王斌口腔诊所,92330283MA2AEAE53E,,无等级,,41206.0
宁波奉化王旭明口腔诊所,92330283MA2AEAQGX3,,无等级,,41230.0
宁波奉化王诚内科诊所,92330283MA290TMT5N,,无等级,,41182.0
宁波奉化瑞合口腔诊所,91330283MAEAYBTCXT,,无等级,,41139.0
宁波奉化甬乐口腔诊所,91330283MAEMLMTF4P,,无等级,,40896.0
宁波奉化田贝玉内科诊所,92330283MA2ERR901J,,无等级,,41181.0
宁波奉化百医宁诊所,91330283MAEFH93G3M,,无等级,,40902.0
宁波奉化盛烨中西医结合诊所,91330283MACDFBP01X,,无等级,,41187.0
宁波奉化福德堂中医（综合）诊所,91330283MAE8WNAM0A,,无等级,,41143.0
宁波奉化福爱妇科诊所,91330283MA7F0XAFXE,,无等级,,41180.0
宁波奉化程齐虎口腔诊所,92330283MA2AECKH5U,,无等级,,41197.0
宁波奉化童方程口腔诊所,TE3302833300015550,,无等级,,40882.0
宁波奉化罗丹燕口腔诊所,92330283MA2AFHNW67,,无等级,,41117.0
宁波奉化美之术医疗美容诊所,91330283MA7BB8FD3B,,无等级,,41205.0
宁波奉化胡宏富内科诊所,92330283MA2J4KYF3U,,无等级,,41141.0
宁波奉化胡昌山内科诊所,92330283MA2ERHBN57,,无等级,,41212.0
宁波奉化胡洁中西医结合诊所,91330283MAE94TWEXQ,,无等级,,41140.0
宁波奉化蒋君波内科诊所,92330283MA2AG1QY3F,,无等级,,41158.0
宁波奉化袁氏内科诊所,91330283MAC2J5BM8L,,无等级,,41157.0
宁波奉化袁目夫眼科诊所,92330283MA2ER5AP2J,,无等级,,41172.0
宁波奉化西坞锦博商贸有限公司口腔诊所,91330283MA2CHDJW2Y,,无等级,,41237.0
宁波奉化辉乐内科诊所,91330283MACDNQF02P,,无等级,,40949.0
宁波奉化郑剑平口腔诊所,92330283MA2AEAEX24,,无等级,,41215.0
宁波奉化金国土口腔诊所,92330283MA2AJAWF7K,,无等级,,41195.0
宁波奉化钜美尚医疗美容诊所,91330283MA2H643C7F,,无等级,,41203.0
宁波奉化钟培丽内科诊所,92330283MA284ADW1P,,无等级,,41156.0
宁波奉化钧明诊所,92330283MA2ERBXN9E,,无等级,,41137.0
宁波奉化钱国伦口腔诊所,92330283MA2AEA1R00,,无等级,,41204.0
宁波奉化钱程口腔诊所,91330283MABNBE700P,,无等级,,40885.0
宁波奉化锦屏王芳口腔诊所,92330283MA2AEM4447,,无等级,,41223.0
宁波奉化锦屏雅美口腔诊所,92330283MA292RG72M,,无等级,,41241.0
宁波奉化陆小伟口腔诊所,92330283MA2AETE558,,无等级,,41221.0
宁波奉化陈惠人中医（综合）诊所,92330283MA2GURLD26,,无等级,,41238.0
宁波奉化陈继杭全科诊所,92330283MA2H4BDA2N,,无等级,,41171.0
宁波奉化陈继跃内科诊所,92330283MA284ATK5L,,无等级,,41183.0
宁波奉化飞腾口腔诊所,91330283MADL11F2XW,,无等级,,41193.0
宁波奉化鲸宇口腔诊所,92330283MAE5BJEWXN,,无等级,,41133.0
宁波奉化鹏烨诊所,91330212MA2J4DF94B,,无等级,,41145.0
宁波奉化黄国昌肛肠科诊所,92330283MA2GT2AB2D,,无等级,,41186.0
宁波奉化黄宣培口腔诊所,92330283MA283NPN4J,,无等级,,41239.0
宁波奉化黄新华中医（综合）诊所,92330283MA7CHL4U1R,,无等级,,41231.0
宁波市中西医结合医院,12330227756286168R,未定级,未定级,无级别,41970.0
宁波市北仑区大矸康泰诊所,91330206784310807G,,无等级,,40829.0
宁波市北仑区大碶街道清水村卫生室,123302064195614728,未定级,未定级,无级别,40489.0
宁波市北仑区大碶街道灵山社区卫生服务中心,12330206MB1L154149,未定级,未定级,无级别,40704.0
宁波市北仑区小港街道新棉村卫生室,12330206MB07415973,未定级,未定级,无级别,40474.0
宁波市北仑区柴桥街道后郑村卫生室,123302064195610696,无级别,无级别,二级,40478.0
宁波市北仑区白峰街道下阳村卫生室,123302064195594603,无级别,无级别,未定级,40532.0
宁波市奉化区人民医院市府医务室,12330283MB1C39979K,未定级,未定级,一级,40872.0
宁波市奉化区大堰镇董家村卫生室,12330283419718572F,一级,一级,未定级,40947.0
宁波市奉化区尚田街道桥棚村卫生室3,52330283MJ91100450,未定级,未定级,一级,40871.0
宁波市奉化区岳林街道童桥村卫生室2,123302835953892108,无级别,无级别,未定级,40894.0
宁波市奉化区方桥街道阮家村卫生室,12330283MB19920569,未定级,未定级,一级,40879.0
宁波市奉化区松岙镇湖头渡村卫生室1,12330283419718601T,无级别,无级别,一级,40920.0
宁波市奉化区江口街道社区卫生服务中心,12330283419718548Y,一级,一级,未定级,40895.0
宁波市奉化区溪口镇东岙村卫生室3,1233028358054461XR,未定级,未定级,一级,40897.0
宁波市奉化区莼湖街道翁岙村卫生室1,123302834197183610,无级别,无级别,一级,40898.0
宁波市奉化区萧王庙街道慈林村卫生室,12330283419718257U,未定级,未定级,一级,40926.0
宁波市奉化区裘村镇卫生院,123302834197187161,一级,一级,未定级,40887.0
宁波市奉化区西坞街道尚桥头村卫生室2,12330283MB17152352,一级,一级,未定级,40940.0
宁波市奉化区西坞街道虎啸刘村卫生室,12330283419718396J,未定级,未定级,无级别,40914.0
宁波市奉化区锦屏街道社区卫生服务中心,12330283MB1Q11813T,未定级,未定级,无级别,40886.0
宁波市正源大药房有限公司慈溪中医诊所,9133028205827117XC,,无等级,,40450.0
宁波市江北区庄桥街道社区卫生服务中心,12330205419550482U,未定级,未定级,无级别,41739.0
宁波市海曙区人民医院,12330203MB12225613,二级,二级,未定级,41272.0
宁波市海曙区横街镇桃源村卫生室,12330227419611820W,未定级,未定级,一级,41249.0
宁波市海曙区洞桥镇卫生院,12330227419611863A,一级,一级,未定级,41287.0
宁波市海曙区石碶街道车何渡村卫生室,12330227419611855F,未定级,未定级,一级,41323.0
宁波市海曙区鄞江镇中心卫生院,123302274196118715,一级,一级,未定级,41532.0
宁波市海曙区集士港镇中心卫生院,12330227419611839R,未定级,未定级,无级别,41284.0
宁波市海曙区龙观乡雪岙村卫生室,12330227419611898W,未定级,未定级,一级,41317.0
宁波市鄞州区东吴镇卫生院,12330227419611716Q,一级,一级,未定级,42392.0
宁波市鄞州区东钱湖镇钱湖人家自助卫生室,12330227419611900G,无级别,无级别,未定级,42107.0
宁波市鄞州区中河街道社区卫生服务中心,12330227F080206381,一级,一级,未定级,41996.0
宁波市鄞州区云龙镇姚家浦村卫生室,123302274196117671,未定级,未定级,一级,42326.0
宁波市鄞州区五乡镇卫生院,12330227419611732E,一级,一级,未定级,41969.0
宁波市鄞州区咸祥镇中心卫生院,12330227419612065A,一级,一级,未定级,42010.0
宁波市鄞州区塘溪镇卫生院,12330227419612022W,一级,一级,未定级,41980.0
宁波市鄞州区姜山镇中心卫生院,123302274196119278,未定级,未定级,无级别,41966.0
宁波市鄞州区姜山镇茅山卫生院,12330227419611791H,一级,一级,未定级,42103.0
宁波市鄞州区横溪镇中心卫生院,12330227419611775U,一级,一级,未定级,41973.0
宁波市鄞州区潘火街道紫郡社区卫生服务站,12330227419612102G,未定级,未定级,一级,42313.0
宁波市鄞州区瞻岐镇卫生院,12330227419612049L,一级,一级,未定级,41979.0
宁波市鄞州区邱隘镇中心卫生院,123302274196117409,一级,一级,未定级,41985.0
宁波市鄞州区钟公庙街道社区卫生服务中心,123302274196118122,一级,一级,未定级,41951.0
宁波市镇海区九龙湖镇卫生院,12330211419566564E,未定级,未定级,无级别,42655.0
宁波市镇海区庄市街道社区卫生服务中心,123302114195665136,未定级,未定级,无级别,42674.0
宁波市镇海区炼化医院,12330211671228639R,二级,二级,,42675.0
宁波市镇海区贵驷街道社区卫生服务中心,12330200MB0X73218L,未定级,未定级,无级别,42657.0
宁波市镇海区骆驼街道社区卫生服务中心岚湾社区卫生服务站,12330211MB17622699,未定级,未定级,无级别,42716.0
宁波市龙惠医疗管理有限公司逍林中西医结合诊所,91330282MADXX5WP27,,无等级,,40016.0
宁波市龙惠医疗管理有限公司长河诊所,91330282MAE4896Y0B,,无等级,,40214.0
宁波弘润堂参茸有限公司奉化中医（综合）诊所,91330283MA2GW6N53X,,无等级,,41232.0
宁波德中口腔医院集团有限公司大线场路诊所,91330502MABUYW8R9D,,无等级,,52740.0
宁波新材料科技城顾军民西医内科诊所,32330201MA2J4JX363,,无等级,,42849.0
宁波杭州湾新区关英明内科诊所,91330201MA2GT5TB15,,无等级,,40393.0
宁波杭州湾新区宋利辉口腔诊所,92330201MA2GQAYT8J,,无等级,,40289.0
宁波杭州湾新区徐秀丽内科诊所,92330201MA2H5P1K1E,,无等级,,40195.0
宁波杭州湾新区杨文汉中医诊所,92330201MA2H4RH93U,,无等级,,40413.0
宁波杭州湾新区沈庆伟内科诊所,92330201MA2J58R41D,,无等级,,40418.0
宁波杭州湾新区陈裕江内科诊所,91330201587497406D,,无等级,,40363.0
宁波杭州湾新区雷明智内科诊所,92330201MA2GW80YXX,,无等级,,40407.0
宁波杭州湾新区黄魁口腔诊所,92330201MA2AG7DGXM,,无等级,,40255.0
宁波江北中马唯视爱眼科诊所,91330205MA2GWRQC77,,无等级,,41919.0
宁波江北前江云裳医疗美容诊所,91330205MA7D4HPN7F,,无等级,,41897.0
宁波江北前江星旅全科诊所,91330205MA7EKCJ64U,,无等级,,41930.0
宁波江北前江渝晋内科诊所,91330205MACKABBCXN,,无等级,,41887.0
宁波江北博众一诺口腔诊所,91330205MA28Y7MTXH,,无等级,,41871.0
宁波江北周兴浩内科诊所,TE3302053300032850,,无等级,,41914.0
宁波江北外滩健高儿科诊所,91330205MA2H86321H,,无等级,,41823.0
宁波江北外滩好牙引领口腔诊所,91330205MA2J7HKE4C,,无等级,,41859.0
宁波江北外滩宠儿艺美医疗美容诊所,91330205MACFYWYL3M,,无等级,,41856.0
宁波江北外滩张同侠外科诊所,92330205MA2842BM5Q,,无等级,,41908.0
宁波江北外滩愫韩医疗美容诊所,91330205MAEC2CUH76,,无等级,,41851.0
宁波江北外滩新氧青春肆壹医疗美容诊所,91330205MAEU01GN25,,无等级,,41737.0
宁波江北外滩日湖口腔诊所,91330205MA7MNQUL9W,,无等级,,41830.0
宁波江北外滩爱尔光明眼科诊所,91330205MAEJF60J3A,,无等级,,41728.0
宁波江北外滩维他滴中西医结合诊所,91330205MAE7877H5U,,无等级,,41756.0
宁波江北外滩缔蕊医疗美容诊所,91330205MA7KQERT7K,,无等级,,41763.0
宁波江北外滩蓓蕾舒心诊所,92330205MA2H6D4U5D,,无等级,,41725.0
宁波江北外滩蓝奥医疗美容诊所,91330205MAG0C2BT4X,,无等级,,41742.0
宁波江北外滩蓝廷耳鼻咽喉科诊所,91330205MABRHML91P,,无等级,,41877.0
宁波江北外滩鑫雨医疗美容诊所,91330205MADDP5CB9D,,无等级,,41860.0
宁波江北外滩颜美医疗美容诊所,91330205MA2KPJQ29H,,无等级,,41922.0
宁波江北孔浦东云内科诊所,91330205MA2J53P96F,,无等级,,41779.0
宁波江北孔浦圣安口腔诊所,91330205MAEEJYM013,,无等级,,41729.0
宁波江北孔浦建业全科诊所,91330205MADPQ9HY6J,,无等级,,41855.0
宁波江北孔浦沈春莉口腔诊所,92330205MA2EM0L664,,无等级,,41826.0
宁波江北孔浦贝合口腔诊所,91330205MA7GFJQM3U,,无等级,,41876.0
宁波江北庄桥会好康中医综合诊所,91330205MADGW4G45P,,无等级,,41892.0
宁波江北庄桥全鑫口腔诊所,91330205MABP0F8G2R,,无等级,,41864.0
宁波江北庄桥刘斐全科诊所,91330205MA2KNJ3N3L,,无等级,,41918.0
宁波江北庄桥卢善挺口腔诊所,92330205MA2EMAEP4M,,无等级,,41827.0
宁波江北庄桥周娅丽皮肤科诊所,92330205MA2GU8BU64,,无等级,,41926.0
宁波江北庄桥应家全科诊所,91330205MADKD8LL7M,,无等级,,41733.0
宁波江北庄桥康嘉内科诊所,91330205MADM2MLN39,,无等级,,41731.0
宁波江北庄桥方伟光内科诊所,91330205MA2KNRLP62,,无等级,,41917.0
宁波江北庄桥景岩口腔诊所,92330205MAD69CA44C,,无等级,,41894.0
宁波江北庄桥灼耀医疗美容诊所,91330205MAK49K1C5A,,无等级,,41723.0
宁波江北庄桥王伟昌内科诊所,92330205MA2J36FL8N,,无等级,,41915.0
宁波江北庄桥王鑫明口腔诊所,92330205MA2CMF213N,,无等级,,41874.0
宁波江北庄桥素颜笄美医疗美容诊所,91330205MAE9Y5D10Y,,无等级,,41776.0
宁波江北庄桥臻颜和媄医疗美容诊所,91330205MAETPCA798,,无等级,,41757.0
宁波江北庄桥芮美医疗美容诊所,91330205MA7DXUG99A,,无等级,,41884.0
宁波江北庄桥雅美口腔诊所,91330205MA2CKXW39P,,无等级,,41854.0
宁波江北庄桥顺成内科诊所,91330205MADE3D2F0E,,无等级,,41890.0
宁波江北康健内科诊所,91330205MACP1D1Q1N,,无等级,,41866.0
宁波江北悦亮眼科诊所,91330205MA7D00917G,,无等级,,41769.0
宁波江北慈城博雅健贝口腔诊所,91330205MA2CKAGA1Q,,无等级,,41734.0
宁波江北慈城博齿康口腔诊所,91330205MACC1NG937,,无等级,,41891.0
宁波江北慈城吴华祥内科诊所,92330208ma2elyh68a,,无等级,,41913.0
宁波江北慈城德康内科诊所,91330205MAE4HA700E,,无等级,,41858.0
宁波江北慈城慈佑内科诊所,91330205MA2J774D77,,无等级,,41910.0
宁波江北慈城慈孝口腔诊所,91330205MA2J36TD1B,,无等级,,41869.0
宁波江北慈城胡国铣中医诊所,92330205MA2ELWER55,,无等级,,41905.0
宁波江北慈城贝尔口腔诊所,91330205MA2GTG4R36,,无等级,,41735.0
宁波江北慈康内科诊所,91330205MACYWQLF1U,,无等级,,41899.0
宁波江北文教启正口腔诊所,91330205MAC5QKUW2G,,无等级,,41888.0
宁波江北文教小美医疗美容诊所,91330205MADQABR35M,,无等级,,41736.0
宁波江北文教心辰诊所,91330205MADUYNDE3Q,,无等级,,41758.0
宁波江北文教意昕美医疗美容诊所,91330205MADT26TD5Q,,无等级,,41777.0
宁波江北文教沈亨烜口腔诊所,92330205MA2AEK5100,,无等级,,41833.0
宁波江北文教王仲刚中医诊所,913302057532717451,,无等级,,41772.0
宁波江北文教美洁兴口腔诊所,91330205MA2CK13F5F,,无等级,,41829.0
宁波江北文教邬大同口腔诊所,92330205MA2EM0Q84N,,无等级,,41920.0
宁波江北文教钟伟富口腔诊所,92330205MA2AHX90XY,,无等级,,41909.0
宁波江北梵容医疗美容诊所,92330205MA2EM5U080,,无等级,,41901.0
宁波江北洪塘一诺口腔诊所,91330205MA2J7RKA9H,,无等级,,41863.0
宁波江北洪塘代小林口腔诊所,91330205MA2GQLTRX1,,无等级,,41832.0
宁波江北洪塘优康内科诊所,91330205MA290Y2P95,,无等级,,41921.0
宁波江北洪塘体创运动医学诊所,91330205MA2CLL8Y23,,无等级,,41911.0
宁波江北洪塘保华内科诊所,91330205MA292GYMXA,,无等级,,41907.0
宁波江北洪塘克拉悦医疗美容诊所,91330205MA7KG1UA0W,,无等级,,41931.0
宁波江北洪塘启星中医诊所,91330205MA282KAP17,,无等级,,41925.0
宁波江北洪塘壹心口腔诊所,91330205MADQ2M4Q38,,无等级,,41850.0
宁波江北洪塘宁康全科诊所,91330205MADJHD989H,,无等级,,41875.0
宁波江北洪塘常兴恒一品致口腔诊所,91330205MA2J7R6M80,,无等级,,41816.0
宁波江北洪塘广源丰内科诊所,91330205MA2CJMKQ5C,,无等级,,41928.0
宁波江北洪塘心和堂中医综合诊所,91330205MAD87M76XL,,无等级,,41762.0
宁波江北洪塘成亮内科诊所,91330205MA2CJ6EK4B,,无等级,,41929.0
宁波江北洪塘明康内科诊所,91330205MA290XNT2W,,无等级,,41916.0
宁波江北洪塘星旅恒美口腔诊所,91330205MABNLAA38E,,无等级,,41828.0
宁波江北洪塘汇嘉一诺口腔诊所,92330205MA2CK28K0L,,无等级,,41870.0
宁波江北洪塘裘三元口腔诊所,92330205MA2ELT6G63,,无等级,,41924.0
宁波江北洪塘贝合口腔诊所,91330205MAC2BYHR2P,,无等级,,41927.0
宁波江北洪塘陌客尔口腔诊所,91330205MA2KP7EN15,,无等级,,41895.0
宁波江北洪塘颐和内科诊所,91330205MADJ0HNQ3J,,无等级,,41889.0
宁波江北爱叮咚卓晶眼科诊所,91330205MA2KNUL773,,无等级,,41902.0
宁波江北甬江久悦医疗美容诊所,91330205MABP54NF7Y,,无等级,,41867.0
宁波江北甬江星橙医疗美容诊所,91330205MACULK2D43,,无等级,,41900.0
宁波江北甬江熙美安茹医疗美容诊所,91330205MACK6NA14Q,,无等级,,41872.0
宁波江北甬江玥光医疗美容诊所,91330205MAEHMR8K67,,无等级,,41775.0
宁波江北甬江秀可儿医疗美容诊所,91330205MA2J5K8HXD,,无等级,,41886.0
宁波江北甬江颜研医疗美容诊所,91330205MA2H8HJH65,,无等级,,41893.0
宁波江北畅医中西医结合诊所,52330205MJ895609X9,,无等级,,41764.0
宁波江北白沙壹家外科诊所,92330205MA2GWYLM6P,,无等级,,41727.0
宁波江北白沙姚小桂口腔诊所,92330205MA2ELU7124,,无等级,,41825.0
宁波江北白沙林英东口腔诊所,92330205MA2ELRJ616,,无等级,,41923.0
宁波江北白沙盛莲医疗美容诊所,91330205MA2CHTN934,,无等级,,41896.0
宁波江北白沙艺生美医疗美容诊所,91330205MA2GR5W696,,无等级,,41765.0
宁波江北艺镁医疗美容诊所,91330205MA28280D77,,无等级,,41912.0
宁波江北荣君堂中医综合诊所,91330205MACT2URW1P,,无等级,,41730.0
宁波江北阖悦口腔诊所,91330205MA2CHE7N5U,,无等级,,41824.0
宁波江北陈冠兴口腔诊所,92330205MA2AFJWP1W,,无等级,,41885.0
宁波海曙一意内科诊所,91330203MAD0RF164K,,无等级,,41611.0
宁波海曙一诺口腔诊所,91330203MA284W1111,,无等级,,41681.0
宁波海曙一诺美加口腔诊所,91330203MA2AJT1M9H,,无等级,,41575.0
宁波海曙严萍诊所,92330203MA2EQQN29C,,无等级,,41652.0
宁波海曙中康美口腔诊所,91330203MA2819AR2F,,无等级,,41690.0
宁波海曙中研高科医疗美容诊所,913302033168684636,,无等级,,41598.0
宁波海曙九节渡中医综合诊所,91330203MACFNM5MXU,,无等级,,41328.0
宁波海曙亿口康口腔诊所,91330203MADJYT5F7H,,无等级,,41334.0
宁波海曙仁善内科诊所,91330203MA2J51TU8X,,无等级,,41572.0
宁波海曙仟一口腔诊所,91330203MA7DHTRC3W,,无等级,,41600.0
宁波海曙伊丽妇科诊所,91330203MACK1U0392,,无等级,,41605.0
宁波海曙优加医疗美容诊所,91330203MA2H4YK40W,,无等级,,41570.0
宁波海曙会好康中医诊所,91330203MA293HPD78,,无等级,,41609.0
宁波海曙伟骏口腔诊所,91330203MA2CRCBH47,,无等级,,41308.0
宁波海曙佑恩内科诊所,91330203MADFM5WL3P,,无等级,,41493.0
宁波海曙佳博口腔诊所,91330203MA2921LF94,,无等级,,41677.0
宁波海曙佳德口腔诊所,91330203MA2GT8443R,,无等级,,41591.0
宁波海曙佳源内科诊所,91330203MADP6GFW7J,,无等级,,41588.0
宁波海曙健喜内科诊所,91330203MA2GQ3Q43P,,无等级,,41669.0
宁波海曙元美医疗美容诊所,91330203MA282QR524,,无等级,,41657.0
宁波海曙冯存仁中医诊所,52330203MJ8964575M,,无等级,,41256.0
宁波海曙冯氏中医诊所,91330203MA2AEE338H,,无等级,,41319.0
宁波海曙刘锦亚口腔诊所,92330203MA2EQXFL2M,,无等级,,41710.0
宁波海曙初芯妇科诊所,91330203MA7MD5BG5M,,无等级,,41624.0
宁波海曙利仁内科诊所,91330203MA2J4A023A,,无等级,,41577.0
宁波海曙利明内科诊所,91330203MA2CHH5A4R,,无等级,,41582.0
宁波海曙华博口腔诊所,91330203MA28Y10N4G,,无等级,,41702.0
宁波海曙厉黎波中医诊所,913302033089969915,,无等级,,41649.0
宁波海曙古林严永芳西医内科诊所,92330203MA2919GA2H,,无等级,,41682.0
宁波海曙古林张达忠口腔诊所,92330203MA290GF32F,,无等级,,41698.0
宁波海曙古林杨存君口腔诊所,92330203MA284T7R4K,,无等级,,41700.0
宁波海曙古林王鄞西医内科诊所,TE3302033300121910,,无等级,,41696.0
宁波海曙叶传东内科诊所,92330203MA292T5785,,无等级,,41629.0
宁波海曙同仁堂中医诊所,91330203665580599M,,无等级,,41660.0
宁波海曙名康内科诊所,91330203MAK181Q57D,,无等级,,41277.0
宁波海曙周亚波诊所,92330203MA2EQK2L4R,,无等级,,41664.0
宁波海曙周氏内科诊所,91330203MA2AFBTG7G,,无等级,,41644.0
宁波海曙和益堂中西医结合诊所,91330203NACH4GJHX7,,无等级,,41583.0
宁波海曙唯德口腔诊所,91330203MA2AF2DY87,,无等级,,41633.0
宁波海曙嘉伟口腔诊所,91330203MA2CMANB5T,,无等级,,41656.0
宁波海曙固德口腔诊所,91330203MA2AGU0E3R,,无等级,,41558.0
宁波海曙壬美医疗美容诊所,91330203570534354l,,无等级,,41615.0
宁波海曙壹壹医疗美容诊所,91330203MA7M65HH3C,,无等级,,41636.0
宁波海曙太学眼科门诊部有限公司月湖诊所,91330203MA2J4YHA2G,,无等级,,41637.0
宁波海曙妙康内科诊所,91330203MADH8XJX0W,,无等级,,41561.0
宁波海曙媛容会医疗美容诊所,91330203MA2J493700,,无等级,,41641.0
宁波海曙子涵中医诊所,91330203MA2822M985,,无等级,,41651.0
宁波海曙孔苓洁口腔诊所,92330203MA2CHLXE6Y,,无等级,,41701.0
宁波海曙孚润星悦医疗美容诊所,91330203MAE1UA2E1C,,无等级,,41551.0
宁波海曙宁医内科诊所,91330203MA281K26XA,,无等级,,41658.0
宁波海曙宏金口腔诊所,91330203MACC3HUB36,,无等级,,41703.0
宁波海曙宜信口腔诊所,91330203MA292PPL99,,无等级,,41533.0
宁波海曙宝康内科诊所,91330203MAD0BBQ14P,,无等级,,41562.0
宁波海曙家家西医内科诊所,91330203MA2CLUER88,,无等级,,41617.0
宁波海曙尔康口腔诊所,91330203MA2GTGCY1M,,无等级,,41578.0
宁波海曙巩晓钧中医综合诊所,91330203MAEF5R744X,,无等级,,41402.0
宁波海曙帕玛医疗美容诊所,91330203MAC37CE60H,,无等级,,41576.0
宁波海曙平和仁堂李光熙中医诊所,91330203MA2836RX2J,,无等级,,41654.0
宁波海曙庄东来口腔诊所,92330203MA2KNE1W09,,无等级,,41713.0
宁波海曙康之源西医内科诊所,913302033089332023,,无等级,,41291.0
宁波海曙康怡中医（综合）诊所,91330203MA2822FQ20,,无等级,,41707.0
宁波海曙康恒内科诊所,91330203MAEMBW3P3B,,无等级,,41332.0
宁波海曙康源堂中医综合诊所,91330203MA7EWF2P54,,无等级,,41560.0
宁波海曙康贝口腔诊所,91330203MA281HX697,,无等级,,41673.0
宁波海曙弘安内科诊所,91330203MAD46XH05P,,无等级,,41610.0
宁波海曙张建明内科诊所,91330203MAC39Q0R22,,无等级,,41716.0
宁波海曙御茜医疗美容诊所,91330203MABRBXX36J,,无等级,,41589.0
宁波海曙德一中医诊所,91330203MA2829652U,,无等级,,41552.0
宁波海曙德佑康中西医结合诊所,91330203MAE4NW3G90,,无等级,,41547.0
宁波海曙德康内科诊所,91330203MA2CL6NH8M,,无等级,,41262.0
宁波海曙德瑞口腔诊所,91330203561290933F,,无等级,,41672.0
宁波海曙恒皓口腔诊所,91330203MA7G0G4M3T,,无等级,,41360.0
宁波海曙惠之美之医疗美容诊所,91330203058280383B,,无等级,,41622.0
宁波海曙惠恩口腔诊所,91330203MA2J710Y7R,,无等级,,41697.0
宁波海曙惠民内科诊所,91330203MA292EGL1P,,无等级,,41585.0
宁波海曙护宁口腔诊所,91330203MA2AHWA701,,无等级,,41712.0
宁波海曙新周氏内科诊所,91330203MADJ7Y826W,,无等级,,41571.0
宁波海曙明扬口腔诊所,91330203MA292PAQ44,,无等级,,41618.0
宁波海曙明馨口腔诊所,92330203MA2847A886,,无等级,,41564.0
宁波海曙易康禾中医诊所,91330203MA2KNJR59M,,无等级,,41653.0
宁波海曙星源口腔诊所,91330203MAEGET6L22,,无等级,,41335.0
宁波海曙星面容医疗美容诊所,92330203MAE6N3FH69,,无等级,,41271.0
宁波海曙春晨内科诊所,91330203MAD6ACA828,,无等级,,41555.0
宁波海曙春来内科诊所,91330203MACMG3M04J,,无等级,,41566.0
宁波海曙晞目眼科诊所,91330203MA2KNHQN4T,,无等级,,41612.0
宁波海曙望童皓灵口腔诊所,91330203MA2CLW1XXT,,无等级,,41684.0
宁波海曙朱永飞内科诊所,92330203MA284AMW92,,无等级,,41616.0
宁波海曙杨茂林口腔诊所,92330203MA283FG90J,,无等级,,41671.0
宁波海曙柏露医疗美容诊所,91330203MAE2ACH77A,,无等级,,41549.0
宁波海曙栎悦医疗美容诊所,91330203MA2J45BX3G,,无等级,,41705.0
宁波海曙梁氏内科诊所,91330203MADPQ80G8M,,无等级,,41300.0
宁波海曙森海医疗美容诊所,91330203MAEAR85X29,,无等级,,41563.0
宁波海曙植雅口腔诊所,91330203MA2H7JCE7M,,无等级,,41579.0
宁波海曙楼氏西医内科诊所,92330203MA283UY88G,,无等级,,41620.0
宁波海曙横街孙永操口腔诊所,92330203MA2845J04G,,无等级,,41255.0
宁波海曙横街杨存良口腔诊所,92330203MA290EKM4G,,无等级,,41691.0
宁波海曙横街马俊颖妇科诊所,92330203MA2841KK3R,,无等级,,41646.0
宁波海曙欣亚内科诊所,91330203MACNTXY12C,,无等级,,41569.0
宁波海曙欣瑞口腔诊所,91330203MA2AFA5A2C,,无等级,,41695.0
宁波海曙欣聆医疗美容诊所,91330203MAC40LDN0J,,无等级,,41715.0
宁波海曙正扬口腔诊所,91330203MAEQYXPR1T,,无等级,,41299.0
宁波海曙正清口腔诊所,91330203MAEGEHH243,,无等级,,41448.0
宁波海曙正辉内科诊所,91330203MACKT3DR7D,,无等级,,41632.0
宁波海曙水媛医疗美容诊所,91330203MA7CP35P16,,无等级,,41590.0
宁波海曙沈亚飞西医内科诊所,913302037900712836,,无等级,,41595.0
宁波海曙泰民内科诊所,91330203MA2AGMDU5U,,无等级,,41628.0
宁波海曙泽康内科诊所,91330203MACQK6KU0B,,无等级,,41266.0
宁波海曙洞桥周丽珍口腔诊所,92330203MA284P7YON,,无等级,,41693.0
宁波海曙洞桥唐作富西医内科诊所,92330203MA284YFM86,,无等级,,41683.0
宁波海曙海艳内科诊所,91330203MAD7CMW57X,,无等级,,41608.0
宁波海曙润泽口腔诊所,91330203MA291JN53M,,无等级,,41688.0
宁波海曙淑媛口腔诊所,91330203MA2AJQYQ38,,无等级,,41321.0
宁波海曙清康内科诊所,91330203MAE21E294N,,无等级,,41281.0
宁波海曙澳玛星光悦容医疗美容诊所,913302033406069492,,无等级,,41645.0
宁波海曙牙壹家贰口腔诊所,91330203MADMBXQB6G,,无等级,,41509.0
宁波海曙王宏元中医综合诊所,92330203MACY4RD403,,无等级,,41626.0
宁波海曙王平丽内科诊所,92330203MACK9BEPXB,,无等级,,41586.0
宁波海曙王氏口腔诊所,91330203MACEH5P824,,无等级,,41704.0
宁波海曙珐丽医疗美容诊所,91330203MADMJUYH11,,无等级,,41553.0
宁波海曙瑞齿口腔诊所,91330203MA2CHFXG60,,无等级,,41679.0
宁波海曙甬华堂内科诊所,91330203MAEC5UTY5E,,无等级,,41565.0
宁波海曙甬和儿科诊所,91330203MAENN7QB36,,无等级,,41295.0
宁波海曙申美口腔诊所,52330203MJ8965906F,,无等级,,41674.0
宁波海曙百护佳内科诊所,91330203MA282T5U51,,无等级,,41635.0
宁波海曙益佳康中西医结合诊所,91330203MAD4Q9XK47,,无等级,,41567.0
宁波海曙益均中医综合诊所,91330203MACP0L4B4H,,无等级,,41634.0
宁波海曙益家康内科诊所,91330203MA2AGHRX55,,无等级,,41675.0
宁波海曙益邦口腔诊所,91330203MA2CJR6L9T,,无等级,,41687.0
宁波海曙石碶夏洪鲁西医内科诊所,92330203MA2929DM73,,无等级,,41596.0
宁波海曙石碶崔文刚中医内科诊所,92330203MA2913A141,,无等级,,41643.0
宁波海曙石碶李行鹏中医诊所,92330203MA291G6Q9F,,无等级,,41630.0
宁波海曙石碶李顺今妇科诊所,TE3302033300306720,,无等级,,41647.0
宁波海曙石碶皓灵口腔诊所,91330203MA2J6BPY80,,无等级,,41686.0
宁波海曙石碶虞惠君中医内科诊所,92330203MA291RN711,,无等级,,41642.0
宁波海曙石碶陈生康中医内科诊所,TE3302033300114810,,无等级,,41670.0
宁波海曙碧欧缇医疗美容诊所,91330203MAEQ828L8Q,,无等级,,41307.0
宁波海曙笑笑口腔诊所,91330203MA2AELLA9P,,无等级,,41550.0
宁波海曙素颜医疗美容诊所,913302033405635631,,无等级,,41604.0
宁波海曙维纳口腔诊所,91330203MAEG33JY0Y,,无等级,,41396.0
宁波海曙美丽风尚医疗美容诊所,91330203MA2KPMLW0J,,无等级,,41638.0
宁波海曙美之术医疗美容诊所,913302035638891223,,无等级,,41631.0
宁波海曙美暨医疗美容诊所,91330203MACG77NW9Y,,无等级,,41593.0
宁波海曙美皓口腔诊所,91330203MA2J7YCG6X,,无等级,,41666.0
宁波海曙美苑医疗美容诊所,913302037723087855,,无等级,,41639.0
宁波海曙群康口腔诊所,91330203MA7KHKWF1P,,无等级,,41694.0
宁波海曙翠柏一诺口腔诊所,91330203MA2AG0TM1B,,无等级,,41587.0
宁波海曙老街内科诊所,91330203MAEXKEDJ8U,,无等级,,41285.0
宁波海曙至强内科诊所,91330203MADXQDPFXU,,无等级,,41468.0
宁波海曙舒康西医内科诊所,91330203MADC31YW9X,,无等级,,41265.0
宁波海曙芙艾医疗美容诊所,91330203MA281UK533,,无等级,,41483.0
宁波海曙芯谷意昕美医疗美容诊所,91330203MADRFL7T6P,,无等级,,41346.0
宁波海曙苏建波口腔诊所,91330203MADA4R3716,,无等级,,41602.0
宁波海曙茉莉雅和医疗美容诊所,91330203MA282HTH99,,无等级,,41603.0
宁波海曙荷芯蕙羽医疗美容诊所,91330203MADBYLGPXY,,无等级,,41599.0
宁波海曙菩悦内科诊所,91330203MA2H8BYM65,,无等级,,41619.0
宁波海曙薇依医疗美容诊所,91330203MAE25X2P90,,无等级,,41412.0
宁波海曙诚睿佳博口腔诊所,91330203MA7DLEFU5A,,无等级,,41692.0
宁波海曙贝德口腔诊所,91330203MA290JMW2W,,无等级,,41601.0
宁波海曙贝格口腔诊所,92330203MA2CKR354F,,无等级,,41714.0
宁波海曙贝洁口腔诊所,91330203MA29049M7U,,无等级,,41706.0
宁波海曙赵志坚口腔诊所,92330203MA2EQTNT8G,,无等级,,41708.0
宁波海曙辰康内科诊所,91330203MACDURXP21,,无等级,,41350.0
宁波海曙迪兰口腔诊所,91330203MA2GTG5C7X,,无等级,,41592.0
宁波海曙鄞江秦亚伟口腔诊所,92330203MA284YY339,,无等级,,41685.0
宁波海曙金诚口腔诊所,91330203MA2GU94F1X,,无等级,,41709.0
宁波海曙金诺内科诊所,92330203MADCDBYH82,,无等级,,41581.0
宁波海曙金领西医内科诊所,91330203MADFLR8Y13,,无等级,,41594.0
宁波海曙镕盛内科诊所,91330203MA2KPEM032,,无等级,,41621.0
宁波海曙雅仕美口腔诊所,91330203MACC87E874,,无等级,,41680.0
宁波海曙雅凡口腔诊所,91330203MA290EK631,,无等级,,41676.0
宁波海曙雅源口腔诊所,91330203MA2CJDKT5P,,无等级,,41655.0
宁波海曙集士港一诺口腔诊所,91330203MA2CMT3C8W,,无等级,,41252.0
宁波海曙集士港佳博口腔诊所,91330203MA2H7RXE29,,无等级,,41689.0
宁波海曙集士港毕秀真妇科诊所,TE3302033300102550,,无等级,,41648.0
宁波海曙集士港胡信国口腔诊所,92330203MA284JY91J,,无等级,,41699.0
宁波海曙青林湾爱尔光明眼科诊所,91330203MA2J3Y920W,,无等级,,41264.0
宁波海曙静港医疗美容诊所,91330203570548369R,,无等级,,41286.0
宁波海曙静港年轻拾光内科诊所,91330203MAK0QLY25Q,,无等级,,41259.0
宁波海曙顺康中西医结合诊所,91330203MACYY4EH47,,无等级,,41627.0
宁波海曙颜泽医疗美容诊所,91330203MACPX1JR6W,,无等级,,41640.0
宁波海曙颜熙悦容医疗美容诊所,91330203MA2J4BQF8N,,无等级,,41597.0
宁波海曙颜蕾医疗美容诊所,91330203MA290QAE8X,,无等级,,41659.0
宁波海曙高桥丁俭西医内科诊所,92330203MA284F4Q9H,,无等级,,41662.0
宁波海曙高桥周如东口腔诊所,92330203MA28Y4QBXD,,无等级,,41625.0
宁波海曙高桥庄金国西医内科诊所,92330203MA290R1X9H,,无等级,,41574.0
宁波海曙高桥蔡丽珍中医诊所,92330203MA284F828E,,无等级,,41661.0
宁波海曙高桥陆氏骨伤科诊所,92330203MA28Y7Q24C,,无等级,,41614.0
宁波海曙高桥陈绿殷中医诊所,92330203MA28Y19K7N,,无等级,,41667.0
宁波海曙鲁光敏妇科诊所,92330203MA2AG26Q3E,,无等级,,41711.0
宁波海曙麦颜医疗美容诊所,91330203MAEW97DY0W,,无等级,,41263.0
宁波海曙龙宸康复诊所,91330203MACF8C0F15,,无等级,,41613.0
宁波玉华医疗设备有限公司奉化江口口腔诊所,TE3302833300517010,,无等级,,41150.0
宁波玉华医疗设备有限公司裘村口腔诊所,91330283MA2CHLTL89,,无等级,,41234.0
宁波经济技术开发区慈爱内科诊所,92330206MA2EKCBT2Y,,无等级,,40836.0
宁波经济技术开发区珍俊内科诊所,92330206MABN9F7E70,,无等级,,40867.0
宁波老百姓大药房有限公司大诚内科诊所,91330206MA2AFT836H,,无等级,,40864.0
宁波舟山港集团有限公司诊所,913302001440992300,,无等级,,42671.0
宁波象山韩妃医疗美容诊所,91330225MA2CL0890M,,无等级,,43529.0
宁波鄞州一心内科诊所,91330212MA2J79RM2R,,无等级,,42538.0
宁波鄞州丁亚尔内科诊所,92330212MA2GWUNR9Y,,无等级,,42597.0
宁波鄞州万民中西医结合诊所,91330212MAEAMWRM0Y,,无等级,,42030.0
宁波鄞州万理中医诊所,91330212MAK2A5D22C,,无等级,,41959.0
宁波鄞州三严口腔诊所,91330212MA2H4XA79J,,无等级,,42602.0
宁波鄞州上善邢涛中医综合诊所,91330212MACC8BEN0T,,无等级,,42561.0
宁波鄞州上雅口腔诊所,91330212MA2CHE66X4,,无等级,,42522.0
宁波鄞州东茗堂中医（综合）诊所,91330212MA2AJXNJ50,,无等级,,42502.0
宁波鄞州东部爱尔光明眼科诊所,91330212MADP9Y1791,,无等级,,41986.0
宁波鄞州中塘口腔诊所,91330212MA2CJF364L,,无等级,,42574.0
宁波鄞州中河三目眼科诊所,91330212MAE77WQC8L,,无等级,,42414.0
宁波鄞州中河爱尔光明眼科诊所,91330212MABTMEJC0F,,无等级,,42528.0
宁波鄞州为民口腔诊所,91330212MA2J5A8G42,,无等级,,42589.0
宁波鄞州云济堂中医诊所,91330212MA2KQTWC1F,,无等级,,42433.0
宁波鄞州云芮拉医疗美容诊所,91330212MAEFCFM53A,,无等级,,41956.0
宁波鄞州五维一体中医诊所,91330212MADAECR43N,,无等级,,42072.0
宁波鄞州亚飞内科诊所,91330212MACMDA9UX4,,无等级,,42412.0
宁波鄞州亦美医疗美容诊所,91330212MA2J4D2592,,无等级,,42614.0
宁波鄞州亮腾医疗美容诊所,91330212MADP3EU41N,,无等级,,42000.0
宁波鄞州仁心口腔门诊部,91330212MA2CMKGF0F,,无等级,,42337.0
宁波鄞州仁泽内科诊所,91330212MACH4H264U,,无等级,,42480.0
宁波鄞州仁美医疗美容诊所,91330212MADF1K91X4,,无等级,,42475.0
宁波鄞州仁辉内科诊所,91330212MAEG1WMN8N,,无等级,,42309.0
宁波鄞州付正波西医内科诊所,91330212MA28Y5MB7K,,无等级,,42638.0
宁波鄞州众康口腔诊所,91330212MACPTFMT84,,无等级,,42536.0
宁波鄞州优斯捷奥赛弥眼科诊所,91330212MA7JX0T87R,,无等级,,42436.0
宁波鄞州佑美医疗美容诊所,91330212MADGM8WW26,,无等级,,42462.0
宁波鄞州佘雨虹医疗美容诊所,92330212MA28Y3PW2F,,无等级,,42637.0
宁波鄞州余青华堂中医（综合）诊所,91330212MA2H6F2X2G,,无等级,,42583.0
宁波鄞州佰年口腔诊所,91330212MA2H6RRE9H,,无等级,,42034.0
宁波鄞州佳阳口腔诊所,91330212MAK0EFX94N,,无等级,,41957.0
宁波鄞州俞海平西医内科诊所,92330212MA2AFULW9J,,无等级,,42598.0
宁波鄞州俞金华中医骨伤科诊所,92330212MA283EA57U,,无等级,,42636.0
宁波鄞州信康内科诊所,91330212MACGQ7FP47,,无等级,,42488.0
宁波鄞州健乐中西医结合诊所,91330212MACFBBBB2K,,无等级,,42041.0
宁波鄞州健平中西医结合诊所,91330212MACEYQ7P77,,无等级,,42555.0
宁波鄞州傅景元口腔诊所,92330212MA284X4B5X,,无等级,,42603.0
宁波鄞州光健内科诊所,91330212MACWJBXQ45,,无等级,,42525.0
宁波鄞州兰悦轩医疗美容诊所,91330212MA2J73DQX1,,无等级,,42036.0
宁波鄞州凌永和口腔诊所,92330212MA28YJ8G7R,,无等级,,42623.0
宁波鄞州凡心医疗美容诊所,91330212MAD1B7Q14E,,无等级,,42052.0
宁波鄞州凯宜夏映内科诊所,91330212MA2J6HJG9L,,无等级,,42396.0
宁波鄞州创意医林中医诊所,91330212MAC9BC6D47,,无等级,,42557.0
宁波鄞州创瑞贝德口腔诊所,91330212MA2CJD5F5X,,无等级,,42552.0
宁波鄞州初晴医疗美容诊所,91330212MADRJGUH2Y,,无等级,,42445.0
宁波鄞州励范民口腔诊所,9133021231693992XJ,,无等级,,42594.0
宁波鄞州医眸视光眼科诊所,91330212MAEY1KWL9J,,无等级,,41960.0
宁波鄞州华佳中西医结合诊所,91330212MADX4KBX7K,,无等级,,42452.0
宁波鄞州华医树中医诊所,91330212MACN5XTK50,,无等级,,42494.0
宁波鄞州华厦眼科诊所,91330212MAD4HUBY7J,,无等级,,42037.0
宁波鄞州华珍内科诊所,91330212MADNKJTA96,,无等级,,42465.0
宁波鄞州卢志西医内科诊所,92330212MA2H6KQ5X2,,无等级,,42590.0
宁波鄞州原妆医疗美容诊所,91330212MAEMDD1T24,,无等级,,42046.0
宁波鄞州友佳内科诊所,91330212MAD0A3YK3Q,,无等级,,42068.0
宁波鄞州友良中医诊所,91330212MACLN6B34F,,无等级,,42532.0
宁波鄞州叮咚爱叮咚眼科诊所,91330212MACD0GRA8E,,无等级,,42482.0
宁波鄞州叶功亮中医诊所,92330212MA28YJ3989,,无等级,,42544.0
宁波鄞州叶姿妤医疗美容诊所,91330212MA2GTMW154,,无等级,,42596.0
宁波鄞州合康中医诊所,91330212MACRY7XR9X,,无等级,,42417.0
宁波鄞州合诚口腔诊所,91330212MABPN18098,,无等级,,42611.0
宁波鄞州名康内科诊所,91330212MACDW80FXM,,无等级,,42577.0
宁波鄞州启仁内科诊所,91330212MACPA8RN88,,无等级,,42527.0
宁波鄞州启美正壹医疗美容诊所,91330212MAE5PJAF11,,无等级,,42089.0
宁波鄞州吴德内科诊所,91330212MACHFBK97J,,无等级,,42520.0
宁波鄞州吴文文口腔诊所,92330212MA284TB84R,,无等级,,42559.0
宁波鄞州吴祖斌口腔诊所,91330204L0717978XA,,无等级,,42625.0
宁波鄞州周含珠内科诊所,92330212MA290AFH0D,,无等级,,42547.0
宁波鄞州周海波口腔诊所,92330212MA2H689G9T,,无等级,,42612.0
宁波鄞州和旭堂中医诊所,91330212MAE5WUPY0Y,,无等级,,42385.0
宁波鄞州哈贝口腔诊所,91330212MACG98PU9B,,无等级,,42537.0
宁波鄞州唐国奋五官科诊所,92330212MA28YEGG41,,无等级,,42474.0
宁波鄞州唯德吉雅口腔诊所,91330212MA2H6P6D1D,,无等级,,42564.0
宁波鄞州喜悦医疗美容诊所,91330212MAE5A97G1B,,无等级,,42080.0
宁波鄞州嘉宁医疗美容诊所,91330212MAD6N4HF3E,,无等级,,42447.0
宁波鄞州嘉时医疗美容诊所,91330212MA2H65D645,,无等级,,42517.0
宁波鄞州嘉裕名康内科诊所,91330212MAEJU5LL2L,,无等级,,42059.0
宁波鄞州固德堂中医诊所,91330212MADPUN3K2L,,无等级,,41952.0
宁波鄞州国颐馆中医诊所,91330212MADHUYND5X,,无等级,,42483.0
宁波鄞州埃维滴内科诊所,91330212MAEH4PBX8T,,无等级,,42116.0
宁波鄞州培元堂内科诊所,91330212MAD406DJ9C,,无等级,,42023.0
宁波鄞州培元源内科诊所,91330212MAD5C3498N,,无等级,,42468.0
宁波鄞州堂和义中医诊所,91330212MADHUEHY4C,,无等级,,41958.0
宁波鄞州堇山芮生中医诊所,91330212MAE0UXGN6B,,无等级,,42426.0
宁波鄞州墡益禾中医诊所,91330212MAC78GW223,,无等级,,42582.0
宁波鄞州壹肤翎医疗美容诊所,91330212MA2J4J5DXD,,无等级,,42221.0
宁波鄞州天丽妤美医疗美容诊所,91330212MA2J7T2M8L,,无等级,,42510.0
宁波鄞州天使焕颜医疗美容诊所,91330212MA7BR4QH24,,无等级,,42058.0
宁波鄞州天济中医诊所,91330212MA290XX927,,无等级,,41999.0
宁波鄞州天苓中医（综合）诊所,91330212MA2CHWH422,,无等级,,42471.0
宁波鄞州奥赛弥眼科诊所,91330212MA2J5NJ331,,无等级,,42613.0
宁波鄞州好漾医疗美容诊所,91330212MA7FAHB98Q,,无等级,,42434.0
宁波鄞州好芽口腔诊所,91330212MAED6C659E,,无等级,,42016.0
宁波鄞州好视眼科诊所,91330212MA7D95MF71,,无等级,,42641.0
宁波鄞州娇露医疗美容诊所,91330212MACGKMUX3W,,无等级,,42518.0
宁波鄞州孙海峰内科诊所,92330212MA2GTKTQ5Y,,无等级,,42635.0
宁波鄞州孵美医疗美容诊所,91330212MA2KNWHE4B,,无等级,,42431.0
宁波鄞州安卓玛成炫医疗美容诊所,91330212MA2H4MEC58,,无等级,,42529.0
宁波鄞州安和堂中西医结合诊所,91330212MAEHBXRW15,,无等级,,42373.0
宁波鄞州安安内科诊所,91330212MACBJHK737,,无等级,,42554.0
宁波鄞州安锦阁中医诊所,91330212MADQAF2H16,,无等级,,42458.0
宁波鄞州宸沐医疗美容诊所,91330212MACGYL0G7G,,无等级,,42439.0
宁波鄞州富一口腔诊所,91330212MA2H8K549R,,无等级,,42519.0
宁波鄞州小美微甄医疗美容诊所,91330212MA2H4DU39B,,无等级,,42430.0
宁波鄞州尚东中西医结合诊所,91330212MAENPG4Q1M,,无等级,,42077.0
宁波鄞州尚悦医疗美容诊所,91330212MADHP8H37F,,无等级,,41953.0
宁波鄞州尤嘉医疗美容诊所,91330212MA7E2PLK94,,无等级,,42450.0
宁波鄞州岳汉林口腔诊所,92330212MA284WMC58,,无等级,,42575.0
宁波鄞州巴蜀内科诊所,91330212MACP5XFT1Y,,无等级,,42017.0
宁波鄞州布谷内科诊所,91330212MACE98RL61,,无等级,,42562.0
宁波鄞州常淑娟中医（综合）诊所,92330212MABN5ETP25,,无等级,,42457.0
宁波鄞州平康中西医结合诊所,91330212MAG00MEX5M,,无等级,,42032.0
宁波鄞州广盈堂中西医结合诊所,91330212MAED21235T,,无等级,,42402.0
宁波鄞州应昆浩口腔诊所,92330212MA28YH5E6C,,无等级,,42615.0
宁波鄞州康仁内科诊所,91330212MAE2H72GXM,,无等级,,42427.0
宁波鄞州康寿堂中西医结合诊所,91330212MAG1WJ7B8A,,无等级,,41982.0
宁波鄞州康川内科诊所,91330212MACFEA9B3B,,无等级,,42004.0
宁波鄞州康徕中医诊所,91330212MAEEGH0C7H,,无等级,,42081.0
宁波鄞州康正内科诊所,91330212MAD9PLUW5X,,无等级,,42455.0
宁波鄞州康汇内科诊所,91330212MAEH15AG1Q,,无等级,,42093.0
宁波鄞州康益堂中西医结合诊所,91330203MACKW9D09P,,无等级,,42437.0
宁波鄞州康视眼科诊所,91330212MA7KU5Y95J,,无等级,,42539.0
宁波鄞州康顺堂中西医结合诊所,91330212MAEUKDY86G,,无等级,,42057.0
宁波鄞州康齿口腔诊所,91330212MA2CJC7TXP,,无等级,,42530.0
宁波鄞州张九胜内科诊所,92330212MA2J52HQ17,,无等级,,42585.0
宁波鄞州张劲松内科诊所,92330212MAC7RT4G8L,,无等级,,42429.0
宁波鄞州张尊辉口腔诊所,92330212MA2H6M1807,,无等级,,42513.0
宁波鄞州张鲁意口腔诊所,92330212MACCY6B799,,无等级,,42512.0
宁波鄞州徐爱华口腔诊所,92330212MA292BNR7R,,无等级,,42595.0
宁波鄞州徐爱贞内科诊所,92330212MA2GWP7C0K,,无等级,,42633.0
宁波鄞州得新口腔诊所,91330212MA7MMCUM31,,无等级,,42560.0
宁波鄞州御安堂中医诊所,91330212MAEJNRCU02,,无等级,,42318.0
宁波鄞州微笑口腔诊所,91330212MA2GW7CA73,,无等级,,42607.0
宁波鄞州德中医疗美容诊所,91330212MACA2CMW3M,,无等级,,42398.0
宁波鄞州德医馨中医（综合）诊所,91330212MA7GRQEM1R,,无等级,,42640.0
宁波鄞州德森中医（综合）诊所,91330212MA2J3FLRXH,,无等级,,42639.0
宁波鄞州德益内科诊所,91330212MACNQM4X7W,,无等级,,42506.0
宁波鄞州德福内科诊所,91330212MAE88AKE20,,无等级,,42418.0
宁波鄞州心追医疗美容诊所,91330212MABUMQ9W44,,无等级,,42066.0
宁波鄞州思锜中西医结合诊所,91330212MADQ9T1H8X,,无等级,,42454.0
宁波鄞州怡民中医（综合）诊所,91330212MA2J7PXM4U,,无等级,,42533.0
宁波鄞州恒颜美医疗美容诊所,91330212MACK0YE253,,无等级,,42096.0
宁波鄞州恩泽内科诊所,91330212MA2J5CGY8Q,,无等级,,42556.0
宁波鄞州恩维滴内科诊所,91330212MAEJ4PMN8Y,,无等级,,42021.0
宁波鄞州悦之医疗美容诊所,91330212MA2AG15U75,,无等级,,42578.0
宁波鄞州愈润堂中医诊所,91330212MADP6PK52M,,无等级,,42470.0
宁波鄞州愉至悦美医疗美容诊所,91330212MADKHBMK5W,,无等级,,42481.0
宁波鄞州慈莲堂中医诊所,91330212MAE5A7K24U,,无等级,,42422.0
宁波鄞州戎国栋口腔诊所,91330212MA291NL86L,,无等级,,42627.0
宁波鄞州成刚中西医结合诊所,91330212MAD82HMU0G,,无等级,,41954.0
宁波鄞州护齿口腔诊所,91330212MAD11DB106,,无等级,,42420.0
宁波鄞州拜维眼科诊所,91330212MAD0DL4474,,无等级,,42507.0
宁波鄞州拾壹逐光医疗美容诊所,91330212MADCWYHU2H,,无等级,,42486.0
宁波鄞州新起点李旭口腔诊所,91330212MAETCAPHXT,,无等级,,42043.0
宁波鄞州新颜元辰医疗美容诊所,91330212MA293JF45K,,无等级,,42477.0
宁波鄞州方泰中医诊所,91330212MADUKBEW8U,,无等级,,42459.0
宁波鄞州昆泰口腔诊所,91330212MA2H5UHQ6U,,无等级,,41994.0
宁波鄞州明康内科诊所,91330212MACL5AA734,,无等级,,42534.0
宁波鄞州明轩口腔诊所,91330212MA2GUTGXX3,,无等级,,42056.0
宁波鄞州易千寻医疗美容诊所,91330212MA2J53XDX1,,无等级,,42487.0
宁波鄞州星面容医疗美容诊所,91330212MAD2Y5TP0B,,无等级,,42071.0
宁波鄞州春柏堂中医（综合）诊所,91330212MA2J7Q5E3G,,无等级,,42606.0
宁波鄞州春语医疗美容诊所,91330204316920970J,,无等级,,42643.0
宁波鄞州春辰医疗美容诊所,91330212MA2CKGOM42,,无等级,,42435.0
宁波鄞州月德中医诊所,91330212MAELRPML9P,,无等级,,42091.0
宁波鄞州月牙口腔诊所,91330212MACCGTEQ80,,无等级,,42495.0
宁波鄞州朝晖茂兴口腔诊所,91330212MA2J34WGX6,,无等级,,42423.0
宁波鄞州朱小更西医内科诊所,92330212MA2AG0G334,,无等级,,42634.0
宁波鄞州杨宗口腔诊所,92330212MA28YAKR9X,,无等级,,42631.0
宁波鄞州松泰中医诊所,91330212MADA7M8J4J,,无等级,,42503.0
宁波鄞州林闽口腔诊所,92330212MA2915R42J,,无等级,,42620.0
宁波鄞州柏舟内科诊所,91330212MAERNALY1B,,无等级,,42042.0
宁波鄞州柔康康复医学科诊所,91330212MAE4HWEEXL,,无等级,,42438.0
宁波鄞州柚美口腔诊所,91330212MAC0DYXY09,,无等级,,42449.0
宁波鄞州桂附堂中西医结合诊所,91330212MAC9D5589Q,,无等级,,42563.0
宁波鄞州梵悦医疗美容诊所,91330212MADRMK0H98,,无等级,,42456.0
宁波鄞州橙心口腔诊所,91330212MAED00F778,,无等级,,42082.0
宁波鄞州正中脊中医（综合）诊所,91330212MA7KPUMA8R,,无等级,,42397.0
宁波鄞州正美口腔诊所,91330212MABNWKPJ15,,无等级,,42508.0
宁波鄞州毅桐医疗美容诊所,91330212MAC9513B6C,,无等级,,42545.0
宁波鄞州民德内科诊所,91330212MACXURD33Y,,无等级,,42391.0
宁波鄞州氧芙医疗美容诊所,91330212MACMP71T8C,,无等级,,42140.0
宁波鄞州永诚口腔诊所,91330212MABLQP2N7D,,无等级,,42592.0
宁波鄞州法芮医疗美容诊所,91330212MADQ63NH0Y,,无等级,,42003.0
宁波鄞州济民中西医结合诊所,91330212MACGW9R20B,,无等级,,42511.0
宁波鄞州涌瑗诊所,91330212MABXWAD448,,无等级,,42489.0
宁波鄞州润初内科诊所,91330212MAG1FCUD91,,无等级,,42033.0
宁波鄞州清元中医诊所,91330212MAD84NUK7K,,无等级,,42310.0
宁波鄞州清源中西医结合诊所,91330212MA2J48KE35,,无等级,,42413.0
宁波鄞州温禾口腔诊所,91330212MAENA0XF0Y,,无等级,,42053.0
宁波鄞州漾丽医疗美容诊所,91330212MA2J4K4D6P,,无等级,,42464.0
宁波鄞州潘丽娜口腔诊所,92330212MA2EGF378L,,无等级,,42629.0
宁波鄞州潘萍娥口腔诊所,92330212MA28Y3PR19,,无等级,,42624.0
宁波鄞州潘薇薇口腔诊所,91330212MA2AHEGX2U,,无等级,,42617.0
宁波鄞州澄意口腔诊所,91330212MAER9AW23D,,无等级,,42027.0
宁波鄞州照照内科诊所,91330212MA2J6AG69C,,无等级,,42584.0
宁波鄞州爱叮咚眼科诊所,91330212MA2J4MHD4R,,无等级,,42112.0
宁波鄞州牙悦美口腔诊所,91330212MA2GTE3P5A,,无等级,,42063.0
宁波鄞州王万春口腔诊所,92330212MA2CKRLF0Y,,无等级,,42618.0
宁波鄞州王伟海内科诊所,92330212MA2AFXU619,,无等级,,42601.0
宁波鄞州王利方中医皮肤科诊所,92330212MA2EGFFT40,,无等级,,42586.0
宁波鄞州王月琴口腔诊所,92330212MA2EFE9W2T,,无等级,,42361.0
宁波鄞州珀言儿医疗美容诊所,91330283MA7M0KHJ8F,,无等级,,42002.0
宁波鄞州珈禾悦享医疗美容诊所,91330212MAE30NE15B,,无等级,,42135.0
宁波鄞州瑞佳口腔诊所,91330212MA2CHYUWXM,,无等级,,42551.0
宁波鄞州瑞佳康贝口腔诊所,91330212MAEEQWXUX7,,无等级,,42079.0
宁波鄞州瑞康内科诊所,91330212MA2J39AQ52,,无等级,,42588.0
宁波鄞州瑞洁口腔诊所,91330212MA2CHXEN1P,,无等级,,42616.0
宁波鄞州瑞美医疗美容诊所,91330212MA7H8YMQ48,,无等级,,42505.0
宁波鄞州瑞阁口腔诊所,92330212MA28YCPD1X,,无等级,,42444.0
宁波鄞州璞原中医诊所,91330212MAEU175491,,无等级,,42035.0
宁波鄞州甬上美立方中医（综合）诊所,91330212MA2H7FQM0N,,无等级,,42576.0
宁波鄞州甬昌口腔诊所,91330212MA2J6L6Q9E,,无等级,,42621.0
宁波鄞州甬禾皓灵口腔诊所,91330212MACC5LKW3G,,无等级,,42514.0
宁波鄞州甬行堂中医（综合）诊所,91330212MA2CLC1643,,无等级,,42549.0
宁波鄞州甬都茂康口腔诊所,91330212MA2J325G2H,,无等级,,42425.0
宁波鄞州甬鄞内科诊所,91330212MACBACCC09,,无等级,,42278.0
宁波鄞州田田内科诊所,91330212MADA0J0K5D,,无等级,,42498.0
宁波鄞州皓乐口腔诊所,91330212MA7BXNJG48,,无等级,,42500.0
宁波鄞州皓影口腔诊所,91330212MA2J394712,,无等级,,42442.0
宁波鄞州益升中医诊所,91330212MAEH039L5D,,无等级,,42070.0
宁波鄞州益鸣口腔诊所,91330212MACENEH54X,,无等级,,42419.0
宁波鄞州睦邻内科诊所,91330212MAK16HD499,,无等级,,42013.0
宁波鄞州确有专长中医诊所,52330212MJ8955695X,,无等级,,42466.0
宁波鄞州福兴堂中西医结合诊所,91330212MAK0DGC71A,,无等级,,42012.0
宁波鄞州禾悦医疗美容诊所,91330212MA2H848K5H,,无等级,,42535.0
宁波鄞州禾易康中医诊所,91330212MADH5ULN72,,无等级,,42484.0
宁波鄞州禾漾医疗美容诊所,91330212MABU8D8N2X,,无等级,,42416.0
宁波鄞州秦文波内科诊所,92330212MA2J5DTF86,,无等级,,42605.0
宁波鄞州秦立前内科诊所,91330212MA2CL60P7W,,无等级,,42591.0
宁波鄞州缔医美医疗美容诊所,91330212MA2J6MH68E,,无等级,,42526.0
宁波鄞州美人颂医疗美容诊所,91330212MABN2XJP46,,无等级,,42642.0
宁波鄞州美树诗悦美医疗美容诊所,91330212MA2H6M72X0,,无等级,,42404.0
宁波鄞州群燕内科诊所,91330212MACC5BNF6C,,无等级,,42581.0
宁波鄞州胡碧贵外科诊所,92330212MACEF4T76P,,无等级,,42587.0
宁波鄞州至善维诺口腔诊所,91330212MADPE0Y57B,,无等级,,42421.0
宁波鄞州臻美医疗美容诊所,913302045612563729,,无等级,,42523.0
宁波鄞州舒慕医疗美容诊所,91330212MA7ETR944Y,,无等级,,42399.0
宁波鄞州舒禾医疗美容诊所,91330212MA2H6MU69P,,无等级,,42509.0
宁波鄞州艺琪医疗美容诊所,91330212MA2J6J9BXH,,无等级,,42531.0
宁波鄞州艾瑞尔口腔诊所,91330212MABU4CHFX7,,无等级,,42039.0
宁波鄞州芬迪医疗美容诊所,91330212MA2GUPWB05,,无等级,,42410.0
宁波鄞州花之悦容医疗美容诊所,91330212MA7LD8EF3K,,无等级,,42604.0
宁波鄞州花禄秀医疗美容诊所,91330212MA2GUH3C23,,无等级,,42317.0
宁波鄞州苏康中医诊所,91330212MAEHPDFG6Q,,无等级,,42264.0
宁波鄞州莳影医疗美容诊所,91330212MABWMDJW4A,,无等级,,42492.0
宁波鄞州菁漾医疗美容诊所,91330212MA2GRXT82Q,,无等级,,42386.0
宁波鄞州董炜钰口腔诊所,92330212MA2GW3972F,,无等级,,42630.0
宁波鄞州蓝睛领眼科诊所,91330212MA7BKAMP00,,无等级,,42546.0
宁波鄞州詹斌金诺口腔诊所,91330212MA2J699R3E,,无等级,,42087.0
宁波鄞州詹记鄞东口腔诊所,91330212MAEUJJPQ7Q,,无等级,,41949.0
宁波鄞州诺呗康口腔诊所,91330212MA2J3YR76G,,无等级,,42029.0
宁波鄞州诺德口腔诊所,91330212MA2H7C7X1U,,无等级,,42424.0
宁波鄞州谢利民口腔诊所,91330204L60770085P,,无等级,,42626.0
宁波鄞州谷雨内科诊所,91330212MAEFUBW89Y,,无等级,,42316.0
宁波鄞州贝草堂中医诊所,52330212MJ8955820J,,无等级,,42453.0
宁波鄞州贝雅口腔诊所,91330212MA2933J041,,无等级,,42579.0
宁波鄞州赛玛医疗美容诊所,91330212MADLMB6D40,,无等级,,42172.0
宁波鄞州路加口腔诊所,91330212MA2AH59M3X,,无等级,,42541.0
宁波鄞州遇之美法嫚医疗美容诊所,91330212MA2GWKEW5H,,无等级,,42497.0
宁波鄞州道元康普济中医（综合）诊所,91330212MA2J4AQC0L,,无等级,,42469.0
宁波鄞州邬立新医疗美容诊所,92330212MA28YHYU18,,无等级,,42553.0
宁波鄞州邱华伟中西医结合诊所,92330212MA2H8UB79M,,无等级,,42542.0
宁波鄞州鄞东口腔诊所,91330212MA2J3GDP5L,,无等级,,42515.0
宁波鄞州鄞悦纤姿医疗美容诊所,91330212MA283JEM5W,,无等级,,41984.0
宁波鄞州鄞禾口腔诊所,91330212MA2J67B182,,无等级,,42543.0
宁波鄞州鄞禾祯齿口腔诊所,91330212MAE9DFHB0Q,,无等级,,42378.0
宁波鄞州金诺口腔诊所,91330212MA2AGJNB5R,,无等级,,42490.0
宁波鄞州鑫悦内科诊所,91330212MADE82ET95,,无等级,,42496.0
宁波鄞州鑫杰口腔诊所,91330212MA7EPT825A,,无等级,,42599.0
宁波鄞州鑫盛内科诊所,91330212MACMXAJ15X,,无等级,,42448.0
宁波鄞州钟公庙爱尔光明眼科诊所,91330212MABYJGMC3B,,无等级,,42608.0
宁波鄞州钱光良口腔诊所,92330212MA2CMWL7XM,,无等级,,42504.0
宁波鄞州钱美芬中医诊所,92330212MA292KDM7C,,无等级,,42610.0
宁波鄞州铭医内科诊所,91330212MAEEP5A09K,,无等级,,41950.0
宁波鄞州锦容医疗美容诊所,91330212MAE2A1WH4B,,无等级,,42409.0
宁波鄞州问安中医诊所,91330212MAEHCCLMX5,,无等级,,42184.0
宁波鄞州问心中医诊所,91330212MADXHC7N9X,,无等级,,42451.0
宁波鄞州问脊中医诊所,91330212MAK13NG64R,,无等级,,41978.0
宁波鄞州陈佳囡口腔诊所,92330212MA290AT272,,无等级,,42478.0
宁波鄞州陈振华口腔诊所,91330212MA2AJLQN4B,,无等级,,42622.0
宁波鄞州陈瑞姣中医诊所,92330212MA2EGDXB6P,,无等级,,42467.0
宁波鄞州雅源口腔诊所,91330212MA2GWFQN44,,无等级,,42076.0
宁波鄞州雅禾口腔诊所,91330212MA2J70AXXF,,无等级,,42580.0
宁波鄞州雅韩宁悦医疗美容诊所,91330212MA2H779E50,,无等级,,42443.0
宁波鄞州雅韵颐年医疗美容诊所,91330212MAE2L6515W,,无等级,,42408.0
宁波鄞州雍禾医疗美容诊所,91330212MA2AGQPA96,,无等级,,42493.0
宁波鄞州青木堂中医诊所,91330212MA7BWUHA6Y,,无等级,,42428.0
宁波鄞州青沐医疗美容诊所,91330212MA2AH88R6B,,无等级,,42540.0
宁波鄞州静源中西医结合诊所,91330212MADAQ5A76Q,,无等级,,42485.0
宁波鄞州顾薇薇口腔诊所,91330204MA2815WM0W,,无等级,,42619.0
宁波鄞州颐璟园芮生中医诊所,91330212MAE0X70R2P,,无等级,,42441.0
宁波鄞州颜星颜韵医疗美容诊所,91330212MA2J6MPW1H,,无等级,,42476.0
宁波鄞州颜蕾医疗美容诊所,91330212MA2817NX90,,无等级,,41989.0
宁波鄞州颜蕾新素医疗美容诊所,91330212MA2AGFPU21,,无等级,,42446.0
宁波鄞州首而彤欣医疗美容诊所,91330212MAC8CCX12C,,无等级,,42460.0
宁波鄞州马氏内科诊所,91330212MAEDBJ620H,,无等级,,42403.0
宁波鄞州高博堂中医（综合）诊所,91330212MA2J4QTQ8A,,无等级,,42593.0
宁波鄞州鲍英彩西医内科诊所,92330212MA28YEN672,,无等级,,42565.0
宁波鄞州鸿福堂中医诊所,91330212MAD0NGH919,,无等级,,42516.0
宁波鄞州麦芽口腔诊所,91330212MABQMW8GXL,,无等级,,42600.0
宁波鄞州黄兆华中医（综合）诊所,92330212MA2EG4810J,,无等级,,42548.0
宁波鄞州齐康西医内科诊所,91330212MA2CJU39XU,,无等级,,42609.0
宁波鄞州齿美口腔诊所,91330212MAEH0GY162,,无等级,,42083.0
宁波镇海下徐诊所,91330211MA2H7L5702,,无等级,,42816.0
宁波镇海九龙湖袁再萍诊所,92330211MA2AFWHX75,,无等级,,42847.0
宁波镇海云朵口腔诊所,91330211MA2H7FBPXA,,无等级,,42834.0
宁波镇海任维君诊所,92330211MA2AED2X4J,,无等级,,42880.0
宁波镇海众兴诊所,91330201MACA9P0A70,,无等级,,42872.0
宁波镇海众民普通诊所,91330211MAK0MJ4J6M,,无等级,,42670.0
宁波镇海余乐千诊所,91330211MA2GUW815E,,无等级,,42837.0
宁波镇海医百宁普通诊所,91330211MAK0WMX91N,,无等级,,42663.0
宁波镇海十发扬内科诊所,92330211MA2J4JNT5F,,无等级,,42709.0
宁波镇海卓黛摩登医疗美容诊所,91330211MACJA2DL0J,,无等级,,42852.0
宁波镇海卢淑芳诊所,91330211MADDW8308X,,无等级,,42836.0
宁波镇海卢菊其口腔诊所,92330211MA2EQ5AB25,,无等级,,42869.0
宁波镇海叶财德口腔诊所,92330201MA2EQ0J22M,,无等级,,42851.0
宁波镇海名康内科诊所,91330211MAC5HN8C8U,,无等级,,42905.0
宁波镇海吾悦诊所,91330211MADC2LG36F,,无等级,,42841.0
宁波镇海周瑜中西医结合诊所,91330211MACBEK157C,,无等级,,42899.0
宁波镇海周霞玲内科诊所,91330201MABWP8TA06,,无等级,,42887.0
宁波镇海品致口腔诊所,91330211MA2J7A4A0R,,无等级,,42838.0
宁波镇海国苹诊所,91330211MACJP4484J,,无等级,,42871.0
宁波镇海圣施康中医综合诊所,91330211MAE8X68P1Y,,无等级,,42814.0
宁波镇海城北胡云口腔诊所,92330211MA292L6B5W,,无等级,,42839.0
宁波镇海奥仁内科诊所,91330211MA7FBQMY2G,,无等级,,42845.0
宁波镇海奥文诊所,91330211MA2H4P5750,,无等级,,42881.0
宁波镇海孙信康口腔诊所,92330211MA2EQ72R87,,无等级,,42898.0
宁波镇海学友诊所,91330211MA2H54020D,,无等级,,42827.0
宁波镇海安绮丽医疗美容诊所,91330211MA2J548T4J,,无等级,,42815.0
宁波镇海庄市爱尔光明眼科诊所,91330211MADG8CJD9D,,无等级,,42667.0
宁波镇海庄市王辉诊所,92330211MA2J35D942,,无等级,,42885.0
宁波镇海康仁内科诊所,91330211MA2H5H464J,,无等级,,42894.0
宁波镇海康华口腔诊所,91330211MAECRLD86U,,无等级,,42810.0
宁波镇海康悦诊所,91330211MACPKCLY5Y,,无等级,,42855.0
宁波镇海康艳内科诊所,91330211MABW7B8D1F,,无等级,,42812.0
宁波镇海建泓中医诊所,91330211MA2H40198E,,无等级,,42901.0
宁波镇海徐玉敏妇科诊所,92330211MA2EQ8N389,,无等级,,42888.0
宁波镇海德善内科诊所,91330211MAEARWR16D,,无等级,,42698.0
宁波镇海悦亮眼科诊所,91330211MACE3H3F63,,无等级,,42889.0
宁波镇海慈馨中医综合诊所,91330211MAEE607W4R,,无等级,,42681.0
宁波镇海新城爱尔光明眼科诊所,91330211MA2J3XM04N,,无等级,,42666.0
宁波镇海施晓明诊所,92330211MA2EQCWG23,,无等级,,42886.0
宁波镇海明欣口腔诊所,91330211MAERB3Q6XR,,无等级,,42661.0
宁波镇海朱笛诊所,92330211MA2AG0MD3C,,无等级,,42850.0
宁波镇海李胜康诊所,91330211MA2GTQDG8Y,,无等级,,42860.0
宁波镇海楼氏口腔诊所,92330211MA283HT998,,无等级,,42835.0
宁波镇海正气堂中医综合诊所,91330211MAE4TN1H26,,无等级,,42818.0
宁波镇海沙诗良诊所,TE3302113300287380,,无等级,,42866.0
宁波镇海泰铭诊所,91330211MA2AJDMJ45,,无等级,,42876.0
宁波镇海洪水良诊所,TE3302113300288290,,无等级,,42861.0
宁波镇海爱情海医疗美容诊所,91330211MA28213863,,无等级,,42863.0
宁波镇海玉涛诊所,91330211MAD4X64E0B,,无等级,,42820.0
宁波镇海王万利口腔诊所,91330211MA2GQT4K5L,,无等级,,42695.0
宁波镇海王志长口腔诊所,92330211MA2EQCAG2W,,无等级,,42897.0
宁波镇海王美芬诊所,92330211MA291B4U59,,无等级,,42868.0
宁波镇海王英良口腔诊所,92330211MA2EQ7DA99,,无等级,,42902.0
宁波镇海璟媄医疗美容诊所,91330211MA2J74W78C,,无等级,,42665.0
宁波镇海甬安诊所,91330211MA7KJAE328,,无等级,,42893.0
宁波镇海甬民诊所,91330211MA2J4K8Y38,,无等级,,42856.0
宁波镇海百杏康内科诊所,91330201MADAF7R618,,无等级,,42842.0
宁波镇海石塘诊所,91330211MAD9BXHJ27,,无等级,,42811.0
宁波镇海福济堂中医综合诊所,91330211MAE619EFX7,,无等级,,42817.0
宁波镇海秋莎医疗美容诊所,92330211MA2AF9FE6X,,无等级,,42828.0
宁波镇海精医中医综合诊所,91330211MAK1RFEP6F,,无等级,,42662.0
宁波镇海罗肇庆诊所,92330211MA29261P7X,,无等级,,42895.0
宁波镇海翁史君诊所,92330211MA28YU654C,,无等级,,42878.0
宁波镇海至善口腔诊所,91330211MABX8XTH4F,,无等级,,42858.0
宁波镇海良品诊所,91330211MAC783M232,,无等级,,42867.0
宁波镇海艾西内科诊所,91330211MAENKFAK0T,,无等级,,42706.0
宁波镇海蛟川名康内科诊所,91330211MAEJBCC41U,,无等级,,42790.0
宁波镇海贵仙诊所,91330211MA2H5JN87B,,无等级,,42892.0
宁波镇海贺文兰诊所,92330211MA2AFX888N,,无等级,,42848.0
宁波镇海赵宏斌诊所,92330211MA2EQF8L91,,无等级,,42865.0
宁波镇海赵淑荣诊所,92330211MA2AFWM25R,,无等级,,42846.0
宁波镇海邬建宇口腔诊所,91330211MA291Y5N7C,,无等级,,42875.0
宁波镇海郑惠宝口腔诊所,92330211MA28YUU9X5,,无等级,,42870.0
宁波镇海郭邓伟诊所,92330211MA2GQQ9F8L,,无等级,,42822.0
宁波镇海钟骏口腔诊所,913302113405263831,,无等级,,42896.0
宁波镇海铭阳口腔诊所,91330211MABPGQRL1X,,无等级,,42689.0
宁波镇海铸梦嘉妍医疗美容诊所,91330211MAELDW8A2N,,无等级,,42680.0
宁波镇海陆伟海诊所,913302117685017345,,无等级,,42890.0
宁波镇海陈孝军诊所,92330211MA2J6M940L,,无等级,,42854.0
宁波镇海陈方章诊所,91330201MADPJTBW87,,无等级,,42824.0
宁波镇海雅素医疗美容诊所,91330211MA2KNX7K2A,,无等级,,42879.0
宁波镇海雅青堂中西医结合诊所,91330211MA2J7B8Y5U,,无等级,,42891.0
宁波镇海雪华中医（综合）诊所,91330211MACUC1B63H,,无等级,,42853.0
宁波镇海韩李诊所,92330211MA2EQMTK3Y,,无等级,,42883.0
宁波镇海顺康诊所,91330211MAC973Y34N,,无等级,,42900.0
宁波镇海顺民西医内科诊所,91330211MA2J6XRJ8K,,无等级,,42904.0
宁波镇海顺泰中医诊所,91330211MAD4LGH864,,无等级,,42843.0
宁波镇海馨齿口腔诊所,91330211MA2GRXX7XX,,无等级,,42821.0
宁波镇海马家桥诊所,91330211MAE3EJT67U,,无等级,,42660.0
宁波镇海骆驼王惠敏诊所,92330211MA293FBU11,,无等级,,42701.0
宁波镇海鲍书忠诊所,92330211MA292HQNX3,,无等级,,42884.0
宁波镇海鸣颜医疗美容诊所,91330211MACBTCJF35,,无等级,,42789.0
宁波镇海龙顺中医综合诊所,91330211MAERT1CW6T,,无等级,,42684.0
宁波高新东景诊所,91330201MA2KR1W45Q,,无等级,,42813.0
宁波高新区乐聆中医诊所,91330201MAE7KGYG96,,无等级,,42411.0
宁波高新区优爱嘉内科诊所,91330201MA2KNDMJ5Y,,无等级,,42571.0
宁波高新区凌通中医诊所,91330201MADYTKD23M,,无等级,,42432.0
宁波高新区凝和堂中医诊所,91330201MA2H6W6N20,,无等级,,42501.0
宁波高新区吴亚波口腔诊所,92330201MA2EQ1Y120,,无等级,,42566.0
宁波高新区大麦医疗美容诊所,91330201MA2CJJC629,,无等级,,42015.0
宁波高新区徐波口腔诊所,92330201MA2EPYXD96,,无等级,,42572.0
宁波高新区德瑞雅口腔诊所,91330201MADTWQ6R1Q,,无等级,,42440.0
宁波高新区戴天伟皮肤科诊所,TE3302123300476670,,无等级,,42568.0
宁波高新区明医堂中医诊所,91330201MAC54EBH2H,,无等级,,42569.0
宁波高新区昕韵医疗美容诊所,91330201MA2J7LE61A,,无等级,,42573.0
宁波高新区李卫杰内科诊所,91330201MADPF2H17M,,无等级,,42074.0
宁波高新区梅墟街道社区卫生服务中心,1233020041961209XK,一级,一级,无级别,42088.0
宁波高新区楼爱民口腔诊所,92330201MA2CHXNN9W,,无等级,,42463.0
宁波高新区爱尔光明眼科诊所,91330201MA7DCQ0LXM,,无等级,,41993.0
宁波高新区王荣梅内科诊所,92330201MADF6P2C63,,无等级,,42491.0
宁波高新区甬悦精神科诊所,91330201MADNXWWY02,,无等级,,42407.0
宁波高新区立康丽明眼科诊所,91330201MA2J61GG6E,,无等级,,42570.0
宁波高新区至德内科诊所,91330201MAEPA6X30J,,无等级,,42085.0
宁波高新区荣禄长中医诊所,91330201MAEPP6761G,,无等级,,42001.0
宁波高新区陈金珠中西医结合诊所,92330201MA291BYU6G,,无等级,,42567.0
宁波高新区韦杰西医内科诊所,92330201MA2AJG4M2L,,无等级,,42524.0
宁波高新友宁诊所,91330201MAEJ34CW5R,,无等级,,42808.0
宁海前童优斌普通诊所,91330226MADQUBGE4U,,无等级,,43187.0
宁海前童启迪口腔诊所,91330226MAEEM4YW45,,无等级,,43149.0
宁海前童清风口腔诊所,91330226MAEFYNNL2K,,无等级,,43150.0
宁海前童王瑞振普通诊所,92330226MA28YG7A3C,,无等级,,43261.0
宁海力洋德艺堂中西医结合诊所,91330226MAEHF4NY56,,无等级,,42994.0
宁海力洋杨爱霞口腔诊所,92330226MA291BFC89,,无等级,,43257.0
宁海力洋欢喜口腔诊所,91330226MADY5ARY6K,,无等级,,43164.0
宁海力洋王意普通诊所,91330226MADNMLC057,,无等级,,43145.0
宁海县大佳何镇团联村卫生室,12330226419591954Y,无级别,无级别,未定级,42917.0
宁海县妇幼保健院,12330226F07970746T,三级,三级,未定级,42934.0
宁海县桑洲镇卫生院,123302264195917782,未定级,未定级,无级别,42925.0
宁海县西店镇香联村卫生室,12330226419591997C,未定级,未定级,无级别,42985.0
宁海县跃龙街道望府村上枫槎卫生室,1233022641959192X9,未定级,未定级,无级别,42959.0
宁海县长街镇新南村卫生室,12330226MB1838331H,未定级,未定级,无级别,42914.0
宁海县黄坛镇榧坑村卫生室,12330226MB183834X9,未定级,未定级,无级别,42937.0
宁海大佳何佳艺口腔诊所,91330226MA2J3H6U4E,,无等级,,43260.0
宁海岔路正冠口腔诊所,91330226MAEX79R74H,,无等级,,42915.0
宁海岔路胡余伟普通诊所,92330226MAEBA2AH5W,,无等级,,43155.0
宁海岔路韩芳芳口腔诊所,92330226MA2912F56T,,无等级,,43256.0
宁海桃源万剑普通诊所,92330226MA2AJC6X4Q,,无等级,,43283.0
宁海桃源三只羊口腔诊所,91330226MA2H5YJ583,,无等级,,43172.0
宁海桃源中耀普通诊所,91330226MADH8T1480,,无等级,,43196.0
宁海桃源云合堂普通诊所,91330226MAEFXCLJ8Q,,无等级,,43144.0
宁海桃源伊颜医疗美容诊所,91330226MACPMGFD7B,,无等级,,42945.0
宁海桃源众康中西医结合诊所,91330226MA2J4FRTX0,,无等级,,43254.0
宁海桃源冯慧慧口腔诊所,92330226MA29268909,,无等级,,43271.0
宁海桃源和珍口腔诊所,91330226MA2H8L5F1W,,无等级,,43215.0
宁海桃源坤美普通诊所,91330226MAD59MC43K,,无等级,,43181.0
宁海桃源张兴南中医（综合）诊所,92330226MA2834RR8R,,无等级,,43233.0
宁海桃源张夏芳内科诊所,92330226MA293D7Y3W,,无等级,,43253.0
宁海桃源张玲玲口腔诊所,92330226MA2KQ1WFXT,,无等级,,43272.0
宁海桃源徐光乾中西医结合诊所,92330226MADPJ90955,,无等级,,43180.0
宁海桃源惠敬普通诊所,91330226MAE1LP1L48,,无等级,,43169.0
宁海桃源明亮普通诊所,91330226MAD3KE2972,,无等级,,43197.0
宁海桃源明湖口腔诊所,91330226MA7CPTB9X1,,无等级,,43295.0
宁海桃源普仁内科诊所,91330226MABN62X22X,,无等级,,43267.0
宁海桃源李恒泰口腔诊所,92330226MA293U9N22,,无等级,,43227.0
宁海桃源杨伟军内科诊所,92330226MA2928GYIX,,无等级,,43288.0
宁海桃源杨加峰医疗美容诊所,91330226MA2AJ5Y46X,,无等级,,42953.0
宁海桃源杨海娟口腔诊所,92330226MA2GUH152N,,无等级,,43202.0
宁海桃源正尚普通诊所,91330226MAD203Y66M,,无等级,,43182.0
宁海桃源汝颜医疗美容诊所,91330226MAE3DCHN5P,,无等级,,42943.0
宁海桃源洪济中西医结合诊所,91330226MADXMRFK3U,,无等级,,43168.0
宁海桃源涵韵百娇妍医疗美容诊所,91330226MAD3W51H79,,无等级,,42944.0
宁海桃源潘伟峰普通诊所,92330226MA28477J9W,,无等级,,43286.0
宁海桃源王光强医疗美容诊所,92330226MA2GWB4B5K,,无等级,,42952.0
宁海桃源王全兴中医诊所,92330226MA291YYF6L,,无等级,,43278.0
宁海桃源王志贵普通诊所,92330226MA2H75DU6Y,,无等级,,43209.0
宁海桃源王聪琳普通诊所,92330226MA2GQL434A,,无等级,,43208.0
宁海桃源瑞承中医（综合）诊所,91330226MAET2TKW8X,,无等级,,42910.0
宁海桃源瑞馨医疗美容诊所,91330226MABRXEEJ40,,无等级,,42946.0
宁海桃源申静普通诊所,92330226MA2927L10C,,无等级,,43290.0
宁海桃源百源中医（综合）诊所,91330226MA2GU8BR13,,无等级,,43246.0
宁海桃源石彩霞普通诊所,92330226MA291EAA8G,,无等级,,43194.0
宁海桃源红塘普通诊所,91330226MADBYQAQ3L,,无等级,,42955.0
宁海桃源置颜汇医疗美容诊所,91330226MABW1KE219,,无等级,,42947.0
宁海桃源群健普通诊所,91330226MADQRK5X8K,,无等级,,43184.0
宁海桃源胡余帮普通诊所,92330226MACB98UX0H,,无等级,,43302.0
宁海桃源胡强口腔诊所,92330226MA292YHHXU,,无等级,,43281.0
宁海桃源胡敏光普通诊所,92330226MA28443N8H,,无等级,,43139.0
宁海桃源蔡桂平普通诊所,91330226MA2AFNXA62,,无等级,,43285.0
宁海桃源蝶至梦医疗美容诊所,91330226MAEKH2PJ3F,,无等级,,42942.0
宁海桃源译家口腔诊所,91330226MAD1WNK49X,,无等级,,43199.0
宁海桃源辰屿普通诊所,91330226MADU9KFB7J,,无等级,,43170.0
宁海桃源鑫滢普通诊所,91330226MAD2TGNM0C,,无等级,,43205.0
宁海桃源铂睿琪中西医结合诊所,91330226MABMPGCDXJ,,无等级,,43210.0
宁海桃源阚军内科诊所,92330226MA2GQL5Q95,,无等级,,43304.0
宁海桃源陈健普通诊所,92330226MA290AP48F,,无等级,,43252.0
宁海桃源陈和人口腔诊所,92330226MA290JRM2K,,无等级,,43306.0
宁海桃源陈延光口腔诊所,92330226MA29312K4H,,无等级,,43292.0
宁海桃源雅太医疗美容诊所,91330226MA2AHYAT60,,无等级,,42941.0
宁海桃源顺康普通诊所,91330226MADB0ULP0G,,无等级,,43195.0
宁海桃源颜朝红普通诊所,92330226MA2912691C,,无等级,,43248.0
宁海桥头胡会丰口腔诊所,91330226MA2H5F8W7J,,无等级,,43200.0
宁海桥头胡娄玉红口腔诊所,92330226MA2CJ5RE5T,,无等级,,43245.0
宁海桥头胡胡炳华普通诊所,92330226MA28Y3QK0Y,,无等级,,43247.0
宁海桥头胡黄墩普通诊所,91330226MACB22ED0Q,,无等级,,43204.0
宁海梅林健乐普通诊所,91330226MADEXJ2R9F,,无等级,,43162.0
宁海梅林富杰口腔诊所,91330226MA2J4MAT0C,,无等级,,43142.0
宁海梅林御康中西医结合诊所,91330226MACWED5R2G,,无等级,,42927.0
宁海梅林曙合中西医结合诊所,91330226MAEKYWHA3M,,无等级,,43141.0
宁海梅林杨朝康普通诊所,92330226MA291TND68,,无等级,,43264.0
宁海梅林林川芬口腔诊所,92330226MABUA1K175,,无等级,,43296.0
宁海梅林林炯娟普通诊所,92330226MA2CH98MX1,,无等级,,43250.0
宁海梅林申现锋口腔诊所,92330226MA2EMRJC61,,无等级,,43218.0
宁海梅林百医康普通诊所,91330226MAEGJLYD0T,,无等级,,42919.0
宁海梅林葛时宽中医诊所,92330226MA2AE8MT52,,无等级,,43219.0
宁海梅林陈一口腔诊所,92330226MA2EN1CWX1,,无等级,,43220.0
宁海梅林陈彩云妇科诊所,92330226MA290UKX8D,,无等级,,43223.0
宁海梅林雪可口腔诊所,91330226MA2GW1PW3M,,无等级,,43259.0
宁海深甽德善口腔诊所,91330226MAE6H2LE4U,,无等级,,43009.0
宁海深甽邓凌口腔诊所,92330226MA2EMM1XXC,,无等级,,43224.0
宁海茶院君安普通诊所,91330226MADFP57C7E,,无等级,,43185.0
宁海茶院平垚口腔诊所,91330226MACMXQ886X,,无等级,,43211.0
宁海茶院张贤村中西医结合诊所,92330226MA284DYA30,,无等级,,43225.0
宁海茶院鑫谊普通诊所,91330226MADHTYCN1K,,无等级,,43186.0
宁海西店三三口腔诊所,91330226MACB84M62C,,无等级,,43303.0
宁海西店冯赋普通诊所,91330226MAE1NMLW4D,,无等级,,42926.0
宁海西店叶显家普通诊所,92330226MA2925ER3X,,无等级,,43297.0
宁海西店名鼎口腔诊所,91330226MAEP6L195N,,无等级,,42935.0
宁海西店吴跃飞口腔诊所,92330226MA292MTK8Y,,无等级,,43298.0
宁海西店嘉美口腔诊所,91330226MAEHTLG566,,无等级,,43007.0
宁海西店安怡堂中西医结合诊所,91330226MAD45J1933,,无等级,,43152.0
宁海西店康仁中西医结合诊所,91330226MA7KW0K0X2,,无等级,,43308.0
宁海西店康奥益齿口腔诊所,91330226MA2J712T9H,,无等级,,43140.0
宁海西店康安内科诊所,91330226MA2J6DD762,,无等级,,42912.0
宁海西店张学静口腔诊所,TE3302263300395830,,无等级,,43229.0
宁海西店徐庞校内科诊所,92330226MA293KTP9F,,无等级,,43251.0
宁海西店梅晓红口腔诊所,92330226MA2H8UB602,,无等级,,43231.0
宁海西店洪仁普通诊所,91330226MAE1K3PT7C,,无等级,,43163.0
宁海西店百康内科诊所,91330226MABP0CWG7J,,无等级,,43002.0
宁海西店益民普通诊所,91330226MACRKLKJ2A,,无等级,,42940.0
宁海西店葛春国中医诊所,92330226MA292KTL0Q,,无等级,,43201.0
宁海西店迎飞普通诊所,91330226MAEHA3RR3X,,无等级,,43143.0
宁海西店陈榕口腔诊所,92330226MACJWLFDXJ,,无等级,,42911.0
宁海西店香仁普通诊所,91330226MACFP0A37U,,无等级,,43157.0
宁海西店香和普通诊所,91330226MA2J7GDU8A,,无等级,,43117.0
宁海越溪康溪普通诊所,91330226MAE74GFQ2N,,无等级,,43161.0
宁海跃龙丁伟口腔诊所,92330226MA2GR4GY3B,,无等级,,43273.0
宁海跃龙严望奎中医诊所,92330226MA2EMNA429,,无等级,,43242.0
宁海跃龙云斯帕普通诊所,91330226MAEGCK3X6Y,,无等级,,42931.0
宁海跃龙云科美医疗美容诊所,91330226MAEPC78HXH,,无等级,,42930.0
宁海跃龙仁泽普通诊所,91330226MAD7YP4N42,,无等级,,43203.0
宁海跃龙俞岳军口腔诊所,92330226MA2924PD6N,,无等级,,43269.0
宁海跃龙俞德丰内科诊所,92330226MA292EHQ10,,无等级,,43237.0
宁海跃龙养归元普通诊所,91330226MAC9BM0N5U,,无等级,,43183.0
宁海跃龙冯氏口腔诊所,91330226MA2H54PA5F,,无等级,,43228.0
宁海跃龙刘明奎口腔诊所,92330226MA28YX3R33,,无等级,,43232.0
宁海跃龙卢先锋普通诊所,92330226MA2CH46F64,,无等级,,43307.0
宁海跃龙双华口腔诊所,91330226MA2H573M1J,,无等级,,43299.0
宁海跃龙叶云晏眼科诊所,92330226MA2H67DA2P,,无等级,,43263.0
宁海跃龙吴永斌口腔诊所,92330226MA2H4H1D7Y,,无等级,,43214.0
宁海跃龙周丽香口腔诊所,92330226MA2AJ7MF5E,,无等级,,43230.0
宁海跃龙周瑞端普通诊所,92330226MA284BU35F,,无等级,,43284.0
宁海跃龙坤健中西医结合诊所,91330226MA2J711F8D,,无等级,,42928.0
宁海跃龙孟维奇中医诊所,92330226MA2EMQA161,,无等级,,43244.0
宁海跃龙宁颜医疗美容诊所,91330226MA2AJABX0D,,无等级,,42950.0
宁海跃龙宜尔普通诊所,91330226MAC5ALTK3W,,无等级,,43305.0
宁海跃龙尤一林皮肤科诊所,91330226MA2CJUAU68,,无等级,,43240.0
宁海跃龙张一飞口腔诊所,92330226MA2926EC3P,,无等级,,43277.0
宁海跃龙张继琴口腔诊所,92330226MA292AE49Y,,无等级,,43177.0
宁海跃龙徐徐普通诊所,91330226MADU35FP8E,,无等级,,42998.0
宁海跃龙徐忠贤口腔诊所,92330226MA2AF1FN8A,,无等级,,43276.0
宁海跃龙徐长春中医（综合）诊所,92330226MA2EMG9G5X,,无等级,,43289.0
宁海跃龙敏誉口腔诊所,91330226MA2J31E228,,无等级,,43291.0
宁海跃龙施亚维普通诊所,92330226MADM5N4H58,,无等级,,43189.0
宁海跃龙旭康普通诊所,91330226MACYQ2TE6U,,无等级,,43206.0
宁海跃龙朱立威口腔诊所,92330226MA2EMULW0Q,,无等级,,43274.0
宁海跃龙朱贤东中医（综合）诊所,91330226L22961075B,,无等级,,43280.0
宁海跃龙李恒双口腔诊所,92330226MA290WQ79D,,无等级,,43217.0
宁海跃龙李昌登普通诊所,92330226MA2AJXK003,,无等级,,43234.0
宁海跃龙林栋柱中医（综合）诊所,92330226MA2H6W8U2L,,无等级,,43287.0
宁海跃龙林翔中医诊所,92330226MA2847439C,,无等级,,43226.0
宁海跃龙民欣普通诊所,91330226MAE9C9RF50,,无等级,,43166.0
宁海跃龙永昊普通诊所,91330226MA2J4BQY31,,无等级,,43153.0
宁海跃龙汪敏中西医结合诊所,92330226MA290Y5J9B,,无等级,,43192.0
宁海跃龙沐薇医疗美容诊所,91330226MAC5MMFH88,,无等级,,42948.0
宁海跃龙潘为式口腔诊所,92330226MA292RKE5M,,无等级,,43067.0
宁海跃龙王冬兰普通诊所,92330226MA291QXT2J,,无等级,,43236.0
宁海跃龙王君超普通诊所,92330226MA2924X78Q,,无等级,,43266.0
宁海跃龙王小高中医（综合）诊所,92330226MA2931X75H,,无等级,,43282.0
宁海跃龙王敏亚中西医结合诊所,92330226MA293K43XU,,无等级,,43279.0
宁海跃龙白炻口腔诊所,91330226MAC3BBF07Q,,无等级,,43160.0
宁海跃龙百晟中西医结合诊所,91330226MA2J628FXM,,无等级,,43249.0
宁海跃龙益泰普通诊所,91330226MAD2D1CP7A,,无等级,,43022.0
宁海跃龙看健眼科诊所,91330226MA2GT6P76X,,无等级,,43301.0
宁海跃龙童健普通诊所,91330226MAC7CP8Y8U,,无等级,,43212.0
宁海跃龙罗继奎口腔诊所,92330226MA291ER20L,,无等级,,43262.0
宁海跃龙美生源医疗美容诊所,91330226MA2H8D6J9U,,无等级,,42951.0
宁海跃龙胡欣口腔诊所,92330226MA2GTKK485,,无等级,,43275.0
宁海跃龙茗阳医疗美容诊所,91330226MA2KP8DBXF,,无等级,,42949.0
宁海跃龙葛毅中西医结合诊所,92330226MA2GQFLT98,,无等级,,43221.0
宁海跃龙蒋哲中医（综合）诊所,92330226MA2CH11Y12,,无等级,,43293.0
宁海跃龙裘万青中医（综合）诊所,92330226MA2H6Q7UXM,,无等级,,43243.0
宁海跃龙褚孔敢口腔诊所,92330226MA2CKM6L01,,无等级,,43003.0
宁海跃龙褚爱芳普通诊所,92330226MA2EME933U,,无等级,,43270.0
宁海跃龙贝壳口腔诊所,91330226MABR6GGY8G,,无等级,,43193.0
宁海跃龙邵坚敏内科诊所,92330226MA2GUNNG93,,无等级,,43268.0
宁海跃龙邵永海普通诊所,92330226MA29254U4A,,无等级,,43265.0
宁海跃龙金虹口腔诊所,91330226MA2H7BWH7B,,无等级,,43238.0
宁海跃龙铁霖普通诊所,91330226MAE56JTN42,,无等级,,42936.0
宁海跃龙陈安通口腔诊所,91330226MA2J54W269,,无等级,,43239.0
宁海跃龙陈宏杰普通诊所,92330226MA293N2271,,无等级,,43241.0
宁海跃龙陈延军口腔诊所,92330226MA2CM1UW75,,无等级,,43294.0
宁海跃龙颐和口腔诊所,91330226MA2H6QB26E,,无等级,,43171.0
宁海跃龙黄文口腔诊所,92330226MA2CLDAR6D,,无等级,,43222.0
宁海跃龙龚成超普通诊所,92330226MA291YTF4P,,无等级,,43235.0
宁海长街冯宗蕴中医综合诊所,92330226MA284A648B,,无等级,,43216.0
宁海长街冯文飞口腔诊所,92330226MA2J6DAL1U,,无等级,,43258.0
宁海长街新颜口腔诊所,91330226MAERACNK4F,,无等级,,42923.0
宁海长街王井泉普通诊所,92330226MA2912G36E,,无等级,,43213.0
宁海长街王淼淼口腔诊所,92330226MA2J48LK9Q,,无等级,,43176.0
宁海长街益江口腔诊所,91330226MA2KNN7U77,,无等级,,43156.0
宁海长街谢婉和中医综合诊所,92330226MA29159F8Y,,无等级,,43179.0
宁海黄坛刚弘口腔诊所,91330226MAECW114XG,,无等级,,43154.0
宁海黄坛博弘普通诊所,91330226MADK8EUE66,,无等级,,43159.0
宁海黄坛吕双绒口腔诊所,92330226MA2926UN52,,无等级,,43255.0
宁海黄坛百安中西医结合诊所,91330226MAD61UL66C,,无等级,,43198.0
安合（舟山）医疗美容诊所,91330921MA2A3CA45K,,无等级,,62790.0
安吉为平内科诊所,91330523MADCCL477U,,无等级,,52054.0
安吉为朋诊所,91330523MAE5WC9J7R,,无等级,,52019.0
安吉为民内科诊所,92330523MABPEN1Q8A,,无等级,,52051.0
安吉仁爱普通诊所,91330523MADCC9AC37,,无等级,,52014.0
安吉佑安中西医结合诊所,91330523MAD9B44Q8D,,无等级,,52060.0
安吉体己医疗美容诊所,92330523MA7DL5WP8K,,无等级,,52027.0
安吉冠桥口腔诊所,91330523MAE5YUYT88,,无等级,,52001.0
安吉医眸眼科诊所,91330523MAD5N80K63,,无等级,,52052.0
安吉华芙医疗美容诊所,91330523MA2B35AQ7N,,无等级,,52056.0
安吉县百姓缘大药房连锁有限公司吴兴竹翠园诊所,91330502MA2JJHRG0D,,无等级,,52719.0
安吉县百姓缘大药房连锁有限公司孝丰东街中医（综合）诊所,91330523MA2D1AT85L,,无等级,,52024.0
安吉双三西医诊所,92330523MADBRMEQXG,,无等级,,52049.0
安吉吴峰口腔诊所,92330523MA29JGRK1F,,无等级,,52040.0
安吉喜牙牙口腔诊所,91330523MA2JL2681W,,无等级,,52013.0
安吉嘉美口腔诊所,91330523MAEHKF3Y5W,,无等级,,51999.0
安吉圣康内科诊所,91330523MA2B3UNG6E,,无等级,,52065.0
安吉子发外科诊所,92330523MACHDWFR98,,无等级,,52071.0
安吉孝丰曾玉真口腔诊所,92330523MA2B39C32N,,无等级,,51993.0
安吉孝丰胡根法外科诊所,523305230967715111,,无等级,,52046.0
安吉小英医疗美容诊所,91330523MADUAY8M6D,,无等级,,52050.0
安吉康洪内科诊所,92330523MADXBYF09J,,无等级,,52031.0
安吉康源内科诊所,92330523MA7GNX0P4W,,无等级,,52064.0
安吉康钰内科诊所,92330523MA2B7HGL9D,,无等级,,52066.0
安吉康颐中西医结合诊所,91330523MAEH5FRR9L,,无等级,,51979.0
安吉德睿口腔诊所,91330523MAE251W08W,,无等级,,52016.0
安吉斌子诊所,91330523MA2JLUWF0J,,无等级,,51985.0
安吉新医代口腔诊所,91330523MAEUKBW53P,,无等级,,51972.0
安吉新颜医疗美容诊所,91330523MADGXGTT0P,,无等级,,52039.0
安吉明梅内科诊所,91330523MAEJYT7A0N,,无等级,,51992.0
安吉来灵中医（综合）诊所,92330523MA29J30T8G,,无等级,,52078.0
安吉杭氏中医（综合）诊所,91330523MACKFHBT25,,无等级,,52072.0
安吉梅墅口腔诊所,91330523MADLXJAW7D,,无等级,,51980.0
安吉楼氏口腔诊所,92330523MA2D13AA1R,,无等级,,52081.0
安吉民泰内科诊所,91330523343999493C,,无等级,,52076.0
安吉永耀九州诊所,91330523MAEEG1AU4A,,无等级,,51995.0
安吉永耀诊所,91330523MACHUL6R4B,,无等级,,52053.0
安吉治未堂戚氏中医（综合）诊所,91330523096313094T,,无等级,,52026.0
安吉浦惠中西医结合诊所,91330523MADKMY8D9Y,,无等级,,52048.0
安吉润康诊所,91330523MAEWD9DF2F,,无等级,,51954.0
安吉爱齿口腔诊所,91330523MA28CC2E33,,无等级,,52069.0
安吉牙美佳千度口腔诊所,91330523MA2JJ1KW3T,,无等级,,52074.0
安吉玉妍口腔诊所,92330523MA2JJK0A8T,,无等级,,52080.0
安吉王礼尧口腔诊所,91330523307386358M,,无等级,,52035.0
安吉珀雅医疗美容诊所,91330523MABYGQEM5T,,无等级,,52059.0
安吉瑞康诊所,91330523MADLLMPK7X,,无等级,,51971.0
安吉瑞康诊所有限公司范潭诊所,91330523MAE38XKC4X,,无等级,,52041.0
安吉笑笑口腔诊所,92330523MA2F6LUK93,,无等级,,52034.0
安吉紫梅口腔诊所,91330523MA2JLUM8XD,,无等级,,52030.0
安吉聚康中西医诊所,91330523MAEUCETLXU,,无等级,,51982.0
安吉舒心口腔诊所,91330523MAEEUGJG4X,,无等级,,51983.0
安吉董秀林口腔诊所,92330523MA7M98MK4G,,无等级,,52036.0
安吉薇美医疗美容诊所,91330523MA2D4WU96P,,无等级,,52062.0
安吉衷中参西中西医结合诊所,91330523MAD204DY43,,无等级,,52047.0
安吉递铺济苍中医（综合）诊所,92330523MA2F6JF71B,,无等级,,52067.0
安吉递铺美芬口腔诊所,92330523MA28CKWYX7,,无等级,,52033.0
安吉阳光十里诊所,91330523MAEKUU4U7F,,无等级,,51986.0
安吉阿缪口腔诊所,91330523MAEAN0DU5B,,无等级,,52029.0
安吉陈长江中医诊所,92330523MA2F6C3W0E,,无等级,,52073.0
安吉静文诊所,91330523MADG1EKKXB,,无等级,,52045.0
安吉颜之初医疗美容诊所,91330523MA2JJM7P0Q,,无等级,,52055.0
安娜口腔诊所,92330602MA29DUM28D,,无等级,,54344.0
安颜知美（杭州）医疗美容诊所,91330102MA2GKKLE71,,无等级,,36274.0
宋卫国中医诊所,92330604MA2D64PY31,,无等级,,53991.0
宋双泉口腔诊所,92330401MA2B88479H,,无等级,,51302.0
宋玲诊所,92330702MA2EBY612W,,无等级,,57706.0
宋美玉口腔诊所,92330328MA2C0TRJ8N,,无等级,,49702.0
宏高口腔诊所,92330411MA2JF4J87N,,无等级,,51299.0
定海万顺医疗诊所,92330902MAEM6YCH3J,,无等级,,62891.0
定海佑爱医疗诊所,91330902MA28K5000T,,无等级,,63021.0
定海刘氏口腔诊所,92330902MA2A3WRM5A,,无等级,,63007.0
定海北门双拥口腔诊所,92330902MA28KRBK4N,,无等级,,63017.0
定海区白泉镇中心卫生院北蝉分院,12330902472092484C,未定级,未定级,无级别,62865.0
定海奈菲医疗美容诊所,91330902MA2DMQHB1F,,无等级,,62873.0
定海宏康口腔诊所,92330902MA28KBN54H,,无等级,,62843.0
定海广慈中西医诊所,92330902MA2EUEEP99,,无等级,,62995.0
定海广济诊所,91330902MA2A202E8T,,无等级,,62947.0
定海康华诊所,91330902MACFW4N470,,无等级,,62978.0
定海康源医疗诊所,91330902MA7NEF7A4X,,无等级,,62930.0
定海开心人医疗诊所,52330902MJ97737468,,无等级,,63010.0
定海开心人西门医疗诊所,52330902MJ9773738D,,无等级,,62941.0
定海徐辉口腔诊所,91330901MADBG88P5B,,无等级,,62945.0
定海惠众口腔诊所,92330902MA2DM60H8M,,无等级,,63018.0
定海明哲口腔诊所,91330902MAE18Y5J77,,无等级,,62860.0
定海明姐口腔诊所,91330902MAD6BWFJ46,,无等级,,62959.0
定海明康诊所,91330902MAEQDEMPXR,,无等级,,62892.0
定海明辉口腔诊所,91330902MA28KE179L,,无等级,,63004.0
定海溢泽口腔诊所,91330902MACHAWTM0R,,无等级,,62939.0
定海牙牙乐口腔诊所,92330902MACHLFQG68,,无等级,,62957.0
定海玉清澄医疗诊所,92330902MA2A3WLE1A,,无等级,,62987.0
定海环南口腔诊所,92330902MA2ET8U12K,,无等级,,62994.0
定海益兴医疗诊所,91330902MADD3P6481,,无等级,,62907.0
定海益齿口腔诊所,91330902MA2A2BF49W,,无等级,,62946.0
定海盐仓晓馨口腔诊所,92330902MA28KYTY25,,无等级,,63019.0
定海美科思医疗美容诊所,91330902MA2DN9NGX3,,无等级,,62969.0
定海翁洲诊所,9133090233698340X8,,无等级,,63022.0
定海育洁口腔诊所,92330902MA2ET6HY4G,,无等级,,62992.0
定海芙漾医疗美容诊所,91330902MABPDXLQ78,,无等级,,62958.0
定海葆承堂诊所,91330902MA2DMJRX6K,,无等级,,62975.0
定海融悦口腔诊所,91330902MA2DN0CM41,,无等级,,62927.0
定海西海口腔诊所,92330902MA2A3T6T0M,,无等级,,63024.0
定海诗美医疗美容诊所,91330902325570570B,,无等级,,62980.0
定海赵柏梁医疗诊所,92330902MA28KNHC62,,无等级,,63001.0
定海锦媄医疗美容诊所,91330902MA7G8TQY08,,无等级,,62877.0
定海陆红娜诊所,91330902MA2A3QRY70,,无等级,,62870.0
定海韩刚医疗诊所,91330902MA2DNDHA3W,,无等级,,62988.0
家澜医疗美容（丽水）有限公司缙云医疗美容诊所,91331122MA2HL0Q73G,,无等级,,67234.0
富阳董柏贤中草药诊所,92330183MA280LA76L,,无等级,,33530.0
小泉诊所,92330702MA2FLALE4P,,无等级,,57705.0
小野（衢州）健康管理有限公司柯城白云医疗美容诊所,91330800MACMXNWY3P,,无等级,,62193.0
尚小美（湖州）医疗美容诊所,91330502MA2FFYTW4R,,无等级,,52761.0
尚美恩（湖州）医疗美容诊所,91330502MAD70G289K,,无等级,,52722.0
尤慧伶诊所,92330702MA2DBLADXQ,,无等级,,57715.0
展茅德盛堂中医诊所,91330903MA2A23Y21U,,无等级,,63202.0
展茅恩民诊所,91330903MA2A29EP9T,,无等级,,63217.0
展茅横街中医诊所,92330903MA2EU2F407,,无等级,,63196.0
展茅童舟峰口腔诊所,91330903MA2A2XW471,,无等级,,63150.0
展茅馨雅口腔诊所,92330903MA2A2PG27C,,无等级,,63186.0
山不语上医疗养服务（浙江）有限公司磐安诊所,91330727MADXX0U01P,,无等级,,58277.0
岐妙（杭州）医疗管理有限公司建德岐济堂中医诊所,91330182MAEELGQ41X,,无等级,,39329.0
岱山兴琦口腔诊所,91330921MAC93BYW1M,,无等级,,62787.0
岱山县康杰口腔医疗有限公司衢山人民路口腔诊所,91330921MA28KLWR9C,,无等级,,62747.0
岱山友睦口腔诊所,91330921MA2A3KGM2G,,无等级,,62701.0
岱山和谐新居民诊所,91330921MA2A2WL520,,无等级,,62791.0
岱山容妍医疗美容诊所,91330921MADR0WWY4Q,,无等级,,62782.0
岱山康杰口腔高亭诊所,91330921MA2A3KYL9L,,无等级,,62758.0
岱山康莱诊所,91330921MAK1A3CW5Y,,无等级,,62694.0
岱山晶美口腔诊所,92330921MA2A3MNN0Q,,无等级,,62789.0
岱山积善堂中西医疗诊所,91330921MA2A2AYX4M,,无等级,,62788.0
岱山美雅口腔诊所,91330921MA2A2CKG1Y,,无等级,,62785.0
岱山舟益雅口腔诊所,91330921MADMHLAL6X,,无等级,,62703.0
岱山贝安口腔诊所,92330921MADJT3ER4K,,无等级,,62784.0
岱山鑫美医疗美容诊所,91330921MA7C5GKC7M,,无等级,,62786.0
岱山长桥口腔诊所,91330921MAE9QJUB51,,无等级,,62751.0
岱山长河口腔诊所,91330921MADXFTJ37D,,无等级,,62691.0
嵊州中和堂中医诊所,TE3306833300699610,,无等级,,54747.0
嵊州光栖医疗美容诊所,TE3306833300703230,,无等级,,54412.0
嵊州卢海云内科诊所,92330683MA2BDJJJXC,,无等级,,54797.0
嵊州叶佳青口腔诊所,92330683MA7D02103L,,无等级,,54784.0
嵊州叶漫川口腔诊所,92330683MA2FGC1K4M,,无等级,,54779.0
嵊州吴立明中医诊所,92330683MA2FGYNJ64,,无等级,,54777.0
嵊州善康堂中医诊所,91330683MADH9G3P22,,无等级,,54771.0
嵊州天易眼科诊所,91330683MAEIP3A60D,,无等级,,54754.0
嵊州宁康中西医结合诊所,91330683MADA5NRG22,,无等级,,54750.0
嵊州宏美时代医疗美容诊所,91330683MAD2C7AK4B,,无等级,,54769.0
嵊州市英特天华大药房医药有限公司中医诊所,91330683MADYAQNU9T,,无等级,,54758.0
嵊州市谷来镇卫生院牙科诊所,TE3306833300162220,,无等级,,54798.0
嵊州市金庭镇北漳卫生院口腔诊所,TE3306833300163050,,无等级,,54788.0
嵊州市金庭镇卫生院口腔诊所,TE3306833300167750,,无等级,,54789.0
嵊州市鹤年堂医药连锁有限公司鹤年堂药店中医诊所,91330683MADX9Q7K93,,无等级,,54763.0
嵊州庞六平口腔诊所,92330683MA2D6J6G6X,,无等级,,54825.0
嵊州张森口腔诊所,92330683MA2BEJ6U2M,,无等级,,54799.0
嵊州徐国明内科诊所,TE3306833300521560,,无等级,,54782.0
嵊州徐松华口腔诊所,92330683MA2BG53784,,无等级,,54824.0
嵊州徐航嬴口腔诊所,92330683MA2JP4JD2X,,无等级,,54822.0
嵊州德垣升中医诊所,TE3306833300716130,,无等级,,54378.0
嵊州橙心口腔诊所,91330683MACX40T56W,,无等级,,54762.0
嵊州汤柏山内科诊所,92330683MA29E02169,,无等级,,54794.0
嵊州沈伯炎内科诊所,92330683MA2BFURT3C,,无等级,,54783.0
嵊州沈冬飞口腔诊所,92330683MA2JT6HT8X,,无等级,,54805.0
嵊州王力口腔诊所,92330683MA29EQYN0Q,,无等级,,54793.0
嵊州王培军中医诊所,92330683MA2FAFK90C,,无等级,,54790.0
嵊州王玉英内科诊所,92330383MACHRYLT5N,,无等级,,54770.0
嵊州王玲医疗美容诊所,92330683MA29D3BT51,,无等级,,54828.0
嵊州王金磊诊所,92330683MA2BG3EW7N,,无等级,,54800.0
嵊州畅笑口腔诊所,TE3306833300716480,,无等级,,54377.0
嵊州秦金铭口腔诊所,92330683MA2JR7A24G,,无等级,,54807.0
嵊州童京京口腔诊所,92330683MA2BGMGH9Y,,无等级,,54801.0
嵊州美归医疗美容诊所,91330683MADBBC548F,,无等级,,54773.0
嵊州美滴妇科诊所,TE3306833300698710,,无等级,,54748.0
嵊州董元坚口腔诊所,92330683MA2FH0GB93,,无等级,,54811.0
嵊州蒋志平中医诊所,92330683MA2891DK68,,无等级,,54826.0
嵊州裘健口腔诊所,92330683MA2BD36H7N,,无等级,,54810.0
嵊州裘愉禄中医诊所,92330683MA29EWND5E,,无等级,,54816.0
嵊州裘春波口腔诊所,92330683MA2FGGBB56,,无等级,,54795.0
嵊州裘满满外科诊所,92330683MA2JUUFK28,,无等级,,54820.0
嵊州谢力强中医诊所,92330683MA29EE4W03,,无等级,,54827.0
嵊州谢生波口腔诊所,92330683MA2D8WAG8J,,无等级,,54780.0
嵊州赵冰口腔诊所,92330683MA2FGHL60U,,无等级,,54796.0
嵊州金哲杨口腔诊所,92330683MA2JP24T5X,,无等级,,54814.0
嵊州钱慧丽口腔诊所,TE3306833300506840,,无等级,,54803.0
嵊州钱程内科诊所,92330683MA2FCMT8XP,,无等级,,54401.0
嵊州陆卓琼口腔诊所,TE3306833300704180,,无等级,,54406.0
嵊州陈破浪口腔诊所,92330683MA2JPEFLX0,,无等级,,54817.0
嵊州高巨泉口腔诊所,92330683MA2JP3HR1A,,无等级,,54819.0
嵊州魏芳内科诊所,92330683MA29D1K18F,,无等级,,54808.0
嵊州齐英中医诊所,TE3306833300706850,,无等级,,54394.0
嵊泗县明伟牙科诊所,92330922MAD91KFE9N,,无等级,,62823.0
嵊泗县胡辉全科诊所（个体工商户）,92330901MADW0DEUXW,,无等级,,62824.0
嵊泗县臻美医疗诊所有限责任公司,91330922MADRTUCU7L,,无等级,,62822.0
嵊泗县菜园镇关岙村卫生室,12330922472230306U,未定级,未定级,二级,62800.0
嵊泗德贝口腔诊所,91330922MAD912UE5N,,无等级,,62821.0
巢管家（杭州）健康管理有限责任公司萧山山阴路妇科诊所,91330109MAE1201B08,,无等级,,37766.0
巩敏内科诊所,92330411MA2LCA6J63,,无等级,,51331.0
常山余丽平口腔诊所,92330822MA2DL2774U,,无等级,,61074.0
常山余勤口腔诊所,92330822MA2DH3C937,,无等级,,61090.0
常山依健诊所,92330822MACJCR8KXE,,无等级,,61083.0
常山占水华诊所,91330822MA2DHB4E52,,无等级,,61084.0
常山县东案乡卫生院,12330822471971209C,未定级,未定级,无级别,60926.0
常山县同弓乡中和村卫生室,123308224719712177,无级别,无级别,未定级,60981.0
常山县天马街道社区卫生服务中心,12330822471971372K,未定级,未定级,无级别,60914.0
常山县新昌乡卫生院,12330822471971313G,未定级,未定级,无级别,61000.0
常山县球川镇中心卫生院,12330822471971196N,未定级,未定级,无级别,60993.0
常山县芳村镇中心卫生院,12330822471971356X,一级,一级,无级别,60937.0
常山县芳村镇新桥卫生院,123308224719712252,未定级,未定级,无级别,61029.0
常山县辉埠镇卫生院,123308224719712920,未定级,未定级,无级别,61001.0
常山县辉埠镇宋畈卫生院,12330822471971276A,未定级,未定级,无级别,60978.0
常山县青石镇阁底卫生院,12330822MB1F4210XD,未定级,未定级,无级别,60919.0
常山周少才口腔诊所,TE3308223300353320,,无等级,,61075.0
常山周氏中医诊所,92330822MA29U60D56,,无等级,,61080.0
常山小亮口腔诊所,91330822MA2DKRN28R,,无等级,,61094.0
常山张福军口腔诊所,91330822MA7N4KWL2J,,无等级,,61079.0
常山徐樟荣口腔诊所,92330822MA29TTJR8T,,无等级,,61106.0
常山徐骞口腔诊所,91330822MA2DH6Q077,,无等级,,61072.0
常山志庆口腔诊所,92330822MA28FRUA69,,无等级,,61062.0
常山志新口腔诊所,92330822MA2DK98X7C,,无等级,,61065.0
常山恩润口腔诊所（个体工商户）,92330822MADG38U12L,,无等级,,61071.0
常山成成口腔诊所,92330822MA2DL2TJ2W,,无等级,,61059.0
常山汪福星中医（综合）诊所,TE3308223300493030,,无等级,,61107.0
常山洪有香口腔诊所,TE3308223300454700,,无等级,,61098.0
常山王建成口腔诊所,92330822MA2FU4EU3Y,,无等级,,61077.0
常山章春根口腔诊所,91330822MA2DJYXY7P,,无等级,,61091.0
常山胡土莲诊所,TE3308223300305650,,无等级,,61082.0
常山舒展口腔诊所,92330822MA2DJ14JXW,,无等级,,61104.0
常山菁菁口腔诊所,92330822MA2DJ8B08K,,无等级,,61099.0
常山董献星中医（综合）诊所,TE3308223300516400,,无等级,,61103.0
常山虎创健康管理有限公司虎伢口腔诊所,91330822MABP137WXP,,无等级,,61066.0
常山青石小忠口腔诊所,91330822MA2DK3N228,,无等级,,61073.0
常山黄仁福口腔诊所,91330822MA2DH9CU12,,无等级,,61101.0
平湖乍浦唐国英口腔诊所,92330400MA29GM3D1H,,无等级,,51516.0
平湖乍浦秦玉琴中医诊所,92330400MA2EXF8646,,无等级,,51565.0
平湖广陈上亿口腔诊所,91330482MA2D00G63W,,无等级,,51564.0
平湖广陈雅美口腔诊所,91330482MA2CY07F4U,,无等级,,51336.0
平湖康目眼科诊所,91330482MAD820PD4M,,无等级,,51349.0
平湖当湖丝瑞兰黛医疗美容诊所,91330482MA2JG49A55,,无等级,,51555.0
平湖当湖吴慧芳口腔诊所,92330482MA2B8NG84N,,无等级,,51554.0
平湖当湖吴瑾中医诊所,91330482MA2CXA6T42,,无等级,,51382.0
平湖当湖复尔梅兰口腔诊所,91330482MAD2E9C93E,,无等级,,51518.0
平湖当湖小鹿诊所,91330482MA2CY8519B,,无等级,,51570.0
平湖当湖康为您诊所,91330482MAE1LLPUXH,,无等级,,51511.0
平湖当湖康华口腔诊所,91330482MA2CWCT2XY,,无等级,,51549.0
平湖当湖康合堂中医诊所,91330482MAE6PJBG7K,,无等级,,51481.0
平湖当湖微笑口腔诊所,92330482MA2B87XB34,,无等级,,51527.0
平湖当湖德源升中医诊所,91330411MADBMTG793,,无等级,,51517.0
平湖当湖恒元道中医诊所,91330482MAE99B2J8E,,无等级,,51402.0
平湖当湖悦美芯美容诊所,91330482MA2LBALD7N,,无等级,,51542.0
平湖当湖悦雅口腔诊所,91330482MA2CYFF38M,,无等级,,51563.0
平湖当湖昕美荟医疗美容诊所,91330482MAE5GJ8079,,无等级,,51381.0
平湖当湖星妍医疗美容诊所,91330482MABW87NC34,,无等级,,51513.0
平湖当湖晶品口腔诊所,91330482MA29HYUR6A,,无等级,,51525.0
平湖当湖曹国权口腔诊所,TE3304823300385180,,无等级,,51545.0
平湖当湖月牙口腔诊所,92330482MA29FK881B,,无等级,,51353.0
平湖当湖格致口腔诊所,91330482MA2JGKJD7X,,无等级,,51522.0
平湖当湖潘氏内科诊所,91330482MAEGG12G0K,,无等级,,51368.0
平湖当湖爱尚口腔诊所,91330482MA2CX9DE33,,无等级,,51535.0
平湖当湖百佳皮肤科诊所,91330482MA2LB7P24D,,无等级,,51521.0
平湖当湖舒益口腔诊所,91330482MA2D0LC06R,,无等级,,51544.0
平湖当湖芝风堂中医诊所,92330482MA2BB8D64M,,无等级,,51519.0
平湖当湖蓝拓驰中医诊所,91330482MACNN2166Y,,无等级,,51523.0
平湖当湖辰安中医诊所,91330482MA2LB0QQ8K,,无等级,,51528.0
平湖当湖金湖中医诊所,92330482MA2B9DBEXL,,无等级,,51569.0
平湖当湖顾伟峰口腔诊所,92330482MA2B80055W,,无等级,,51539.0
平湖当湖鸿云口腔诊所,91330482MA2CWDEL21,,无等级,,51426.0
平湖戈福基口腔诊所,92330482MA29HRNF46,,无等级,,51546.0
平湖新仓吴梅口腔诊所,92330482MA29F0051H,,无等级,,51548.0
平湖新仓徐冉斐口腔诊所,92330482MA2B97DL3A,,无等级,,51543.0
平湖新仓明沪堂中医诊所,91330482MAEDLBN72H,,无等级,,51380.0
平湖新仓沈东梁口腔诊所,92330482MA2CYBL35Q,,无等级,,51547.0
平湖新仓鑫益口腔诊所,91330482MA2BAAN33C,,无等级,,51538.0
平湖新埭嘉贝植口腔诊所,91330482MA2D0FP7XJ,,无等级,,51531.0
平湖新埭安禾内科诊所,91330482MAETW7FY6G,,无等级,,51350.0
平湖新埭美博口腔诊所,91330482MA2CW9182X,,无等级,,51559.0
平湖新埭茗芽口腔诊所,91330482MA2CYRDX3X,,无等级,,51371.0
平湖新埭虹桥口腔诊所,91330482MAEL45KB4M,,无等级,,51354.0
平湖曹桥衡德口腔诊所,91330482MA2JDBFF7X,,无等级,,51352.0
平湖林埭林鑫口腔诊所,91330482MA2JE0UA75,,无等级,,51533.0
平湖永丰诊所,91330482MA2CXAQ390,,无等级,,51552.0
平湖沈燕君中医诊所,91330482MA2CX9RR95,,无等级,,51540.0
平湖济广盛内科诊所,91330482MAEPU31897,,无等级,,51345.0
平湖独山港一路康内科诊所,91330482MAE3ECY353,,无等级,,51482.0
平湖独山港众诺口腔诊所,92330482MA2CY4024G,,无等级,,51567.0
平湖独山港向日葵口腔诊所,91330482MABQX4E949,,无等级,,51530.0
平湖独山港徐琳莉口腔诊所,92330482MA2B81BR8G,,无等级,,51568.0
平湖独山港曹仿健口腔诊所,92330482MA2EXDB76Q,,无等级,,51550.0
平湖独山港雅康口腔诊所,91330482MA2CW8T107,,无等级,,51358.0
平湖独山港雅欣口腔诊所,91330482MA2CXT6B9M,,无等级,,51536.0
平湖瞳佳眼科诊所,91330482MA2CWP8PXX,,无等级,,51561.0
平湖鑫益口腔乍浦诊所,91330400MA2LBJXR2P,,无等级,,51524.0
平湖钟埭俪颜医疗美容诊所,91330482MA2JHYEG35,,无等级,,51512.0
平湖钟埭勋诺口腔诊所,91330482MA2CWAFK20,,无等级,,51343.0
平湖钟埭嘉仁汇康内科诊所,91330482MAEP3PDJ89,,无等级,,51377.0
平湖钟埭山成口腔诊所,91330482MA2JDYRB3F,,无等级,,51556.0
平湖钟埭梁海心诊所,91330482MA2CX5KL4H,,无等级,,51534.0
平湖钟埭磊红内科诊所,91330482MAE76TFN40,,无等级,,51379.0
平湖钟埭钟康口腔诊所,91330482MA2CX1K28E,,无等级,,51566.0
平湖钟埭铭洋内科诊所,91330482MADBAU357X,,无等级,,51529.0
平湖钟埭顾永勤诊所,92330482MA2F29J866,,无等级,,51551.0
平湖长红大药房诊所,92330482MA2F2U1P8D,,无等级,,51389.0
平湖雅杰口腔诊所,91330482MAC9XKRN1P,,无等级,,51558.0
平阳万全倪小娜西医诊所,92330326MA2CNGDH24,,无等级,,46732.0
平阳万全叶友碧西医诊所,92330326MA2HA3RK4J,,无等级,,46737.0
平阳万全姜义生西医诊所,92330326MA2CN8A37A,,无等级,,46670.0
平阳万全宋俊杰口腔诊所,92330326MA2HAGCN99,,无等级,,46650.0
平阳万全黄绍克西医诊所,92330326MA2CN6H87Q,,无等级,,46710.0
平阳万全黄绍忠西医诊所,92330326MA2AUFHC0R,,无等级,,46722.0
平阳仁俊外科诊所,91330326MACWQFC74W,,无等级,,46392.0
平阳余冲海诊所,92330326MADD59EN1C,,无等级,,46623.0
平阳佳兴口腔诊所,91330326MAE9PBT87D,,无等级,,46348.0
平阳冯忠诚西医诊所,92330326MA2HD7EEXG,,无等级,,46729.0
平阳刘春兰妇科诊所,92330326MA2J866A8J,,无等级,,46675.0
平阳医宝诊所,92330326MACLKH1E4M,,无等级,,46644.0
平阳南越口腔诊所,91330326MADGC8HE5B,,无等级,,46372.0
平阳叶有厚中医综合诊所,92330326MA296L383E,,无等级,,46420.0
平阳吉满诊所,91330326MAE8YYNUXB,,无等级,,46371.0
平阳吴芝妹诊所,92330326MA2L90DH0A,,无等级,,46473.0
平阳周颖中医综合诊所,92330326MA2CRUME5E,,无等级,,46424.0
平阳嘉泽口腔诊所,92330326MADLNKP68J,,无等级,,46376.0
平阳夏克致中医综合诊所,92330326MAC6Q2Y837,,无等级,,46411.0
平阳太颐中医综合诊所,91330326MAEGFARWXD,,无等级,,46247.0
平阳奎忠口腔诊所,92330326MADN88B07E,,无等级,,46613.0
平阳姜秀英诊所,92330326MA2ATRMCXT,,无等级,,46303.0
平阳姜薛芬全科诊所,92330326MA2JA6MJ43,,无等级,,46741.0
平阳宋胜君中医综合诊所,92330326MA298BN41E,,无等级,,46309.0
平阳山门林勇口腔诊所,92330326MA2CNCY303,,无等级,,46655.0
平阳山门胡大恩口腔诊所,92330326MA2L403T8W,,无等级,,46657.0
平阳巧艺医疗美容诊所,91330326MAD5QXH48J,,无等级,,46610.0
平阳希雷口腔诊所,91330326MACERAQ1XP,,无等级,,46632.0
平阳庭貌口腔诊所,92330326MAD8445535,,无等级,,46626.0
平阳康利诊所,92330326MAEGWTA55B,,无等级,,46335.0
平阳弘医口腔诊所,92330326MAD4XPJL55,,无等级,,46624.0
平阳张大亮中医综合诊所,92330326MA287AJD0C,,无等级,,46409.0
平阳张腾彬口腔诊所,92330326MAD7R0RR7T,,无等级,,46390.0
平阳彭圣宠诊所,92330326MA2989BW93,,无等级,,46716.0
平阳徐乃达中医综合诊所,92330326MA2C6FLA0B,,无等级,,46401.0
平阳昆阳任永生西医诊所,92330326MA2CP0MU33,,无等级,,46686.0
平阳昆阳伊海哨诊所,92330326MA2970JQ02,,无等级,,46730.0
平阳昆阳余昭智西医诊所,92330326MA2C99A33G,,无等级,,46672.0
平阳昆阳倪国荣外科诊所,92330326MABN9J6QXJ,,无等级,,46678.0
平阳昆阳叶光胜诊所,92330326MA2C7J4N5R,,无等级,,46713.0
平阳昆阳叶永义西医诊所,92330326MA2C93XE3C,,无等级,,46705.0
平阳昆阳吴松英中西医结合诊所,92330326MA2CQ1Q87U,,无等级,,46709.0
平阳昆阳宋世杰中西医结合诊所,92330326MA2JAP6E3H,,无等级,,46691.0
平阳昆阳张曼莉口腔诊所,92330326MA7HE7E77U,,无等级,,46666.0
平阳昆阳彭希云口腔诊所,92330326MA29AYHA6G,,无等级,,46495.0
平阳昆阳徐回医疗美容诊所,92330326MABLNYTM99,,无等级,,46739.0
平阳昆阳方汝立西医诊所,92330326MA2971FA7F,,无等级,,46724.0
平阳昆阳方程西医诊所,92330326MA2ARGKX87,,无等级,,46702.0
平阳昆阳朱明杰口腔诊所,92330326MA2JAJRB6F,,无等级,,46663.0
平阳昆阳朱锡妹西医诊所,92330326MA2C26HH64,,无等级,,46673.0
平阳昆阳杨守福中西医结合诊所,92330326MA2AQOPR1Q,,无等级,,46694.0
平阳昆阳林丹口腔诊所,92330326MA2AQ41X9M,,无等级,,46661.0
平阳昆阳林天勇中西医结合诊所,92330326MA2972DA7B,,无等级,,46717.0
平阳昆阳温从君西医诊所,92330326MA2CPEF28U,,无等级,,46721.0
平阳昆阳温庆锁西医诊所,92330326MA297HW66M,,无等级,,46704.0
平阳昆阳童宏哲西医诊所,92330326MA2993QL3E,,无等级,,46712.0
平阳昆阳肖付贵西医诊所,92330326MA2960KRXT,,无等级,,46703.0
平阳昆阳苏秦口腔诊所,92330326MA29AYUM7P,,无等级,,46656.0
平阳昆阳郑万钱西医诊所,92330326MA29AW1588,,无等级,,46701.0
平阳昆阳陈乃财西医诊所,92330326MA297A397B,,无等级,,46725.0
平阳昆阳陈允旺西医诊所,92330326MA2CT1BX2P,,无等级,,46699.0
平阳昆阳陈小碧内科诊所,92330326MA7LLCN535,,无等级,,46622.0
平阳昆阳陈少璋西医诊所,92330326MA2C1R1232,,无等级,,46700.0
平阳昆阳黄美祥西医诊所,92330326MA2972DQ8W,,无等级,,46708.0
平阳明笑口腔诊所,91330326MAD704WL3Q,,无等级,,46176.0
平阳月麒中医综合诊所,92330326MA2L9HT855,,无等级,,46221.0
平阳朱伟波皮肤科诊所,92330326MA2HBFYM3C,,无等级,,46645.0
平阳李兴勇中医综合诊所,92330326MACK522X29,,无等级,,46417.0
平阳李宗强内科诊所,92330326MA2L7RAD1D,,无等级,,46735.0
平阳杨建森口腔诊所,92330326MA2HBXUT4Q,,无等级,,46373.0
平阳杨益平诊所,91330326MA2L8EYB8X,,无等级,,46617.0
平阳杨美月中医综合诊所,92330326MA2BRFLR3L,,无等级,,46418.0
平阳林法金中医综合诊所,92330326MA2CQ6GYXD,,无等级,,46425.0
平阳林海州中医综合诊所,92330326MA2C399L1P,,无等级,,46423.0
平阳林炳夏西医诊所,92330326MA299L5K03,,无等级,,46723.0
平阳林立安中医综合诊所,92330326MA2L85GJ45,,无等级,,46416.0
平阳林观华内科诊所,92330326MA2CNY6E2E,,无等级,,46728.0
平阳梅溪张聪中西医结合诊所,92330326MA297C5F42,,无等级,,46696.0
平阳欧蕾皮肤科诊所,92330326MADA2T2H1Y,,无等级,,46620.0
平阳水头余荣强西医诊所,92330326MA2CRX0927,,无等级,,46738.0
平阳水头卢成广中医综合诊所,92330326MA2hA82999,,无等级,,46433.0
平阳水头吴丽辉中西医结合诊所,92330326MA2CN1G95R,,无等级,,46671.0
平阳水头吴加道中医综合诊所,92330326MA2ATDXG48,,无等级,,46434.0
平阳水头周丽贞西医诊所,92330326MA2CN0WJ63,,无等级,,46667.0
平阳水头周月潮中医综合诊所,92330326MA299LTN86,,无等级,,46435.0
平阳水头廖一甫中医综合诊所,92330326MA295FUFOQ,,无等级,,46412.0
平阳水头施正宽西医诊所,92330326MA2ATG7U13,,无等级,,46736.0
平阳水头李学超口腔诊所,92330326MA2CTFUYXC,,无等级,,46647.0
平阳水头李晓霞西医诊所,92330326MA2CNPAF1G,,无等级,,46727.0
平阳水头杨秀娇西医诊所,92330326MA297CCKXB,,无等级,,46689.0
平阳水头林乃文西医诊所,92330326MA2HACLL9P,,无等级,,46706.0
平阳水头林伶俐妇科诊所,92330326MABWMWUL63,,无等级,,46639.0
平阳水头林金源口腔诊所,92330326MA2CQLQM6F,,无等级,,46659.0
平阳水头温兴志西医诊所,92330326MATA7CBK8D,,无等级,,46396.0
平阳水头温端慈西医诊所,92330326MA2H9DAF73,,无等级,,46690.0
平阳水头王建国中西医结合诊所,92330326MA2CNPAQ1R,,无等级,,46707.0
平阳水头王海容中西医结合诊所,92330326MA2CTFLC2E,,无等级,,46731.0
平阳水头胡型琦西医诊所,92330326MA297JEP2J,,无等级,,46734.0
平阳水头苏小玲口腔诊所,92330326MA2HDBTW3F,,无等级,,46648.0
平阳水头薛陈口腔诊所,92330326MA2CP48F2N,,无等级,,46660.0
平阳水头邓孝松中医综合诊所,92330326MA2H9MUQ9W,,无等级,,46422.0
平阳水头郑经忠西医诊所,92330326MA2CQTWKXN,,无等级,,46695.0
平阳水头郑陈云西医诊所,92330326MA29AY1K6Y,,无等级,,46740.0
平阳水头钱礽哲中医综合诊所,92330326MA2CTEB40M,,无等级,,46429.0
平阳水头陈启宪医疗美容诊所,92330326MA2H95WF59,,无等级,,46643.0
平阳水头陈正山中医综合诊所,92330326MA2CTDF001,,无等级,,46432.0
平阳水头黄海荣中医综合诊所,92330326MA2HBYD952,,无等级,,46428.0
平阳水头黄益堂中医综合诊所,92330326MA2CNKG03C,,无等级,,46431.0
平阳水头黄益杯口腔诊所,92330326MA294GN942,,无等级,,46653.0
平阳海西肖辉煌西医诊所,92330326MA2AQ8LU2N,,无等级,,46682.0
平阳海西陈传峰西医诊所,92330326MA2CNPQHXQ,,无等级,,46681.0
平阳海西陈荣荣口腔诊所,92330326MA2CNHTG9R,,无等级,,46619.0
平阳潘旭如内科诊所,92330326MAC7GA798K,,无等级,,46742.0
平阳爱颜医疗美容诊所,91330326MACN284P2D,,无等级,,46182.0
平阳王成军中医综合诊所,92330326MA2L7R0872,,无等级,,46310.0
平阳王斌山诊所,92330326MA7CT2G22E,,无等级,,46669.0
平阳王正雪西医诊所,92330326MA2CN91K1C,,无等级,,46726.0
平阳王雪娟全科诊所,92330326MA2HBRU94A,,无等级,,46714.0
平阳瑞和中医综合诊所,91330326MAEPDHP28B,,无等级,,46283.0
平阳瑾莎医疗美容诊所,91330326MAD9ATB615,,无等级,,46616.0
平阳皓邦口腔诊所,91330326MACP05KP7F,,无等级,,46625.0
平阳福垟爱颜医疗美容诊所,91330326MAE18E9F5T,,无等级,,46273.0
平阳程鹏西医诊所,92330326MA2C0DK8XG,,无等级,,46692.0
平阳稚和诊所,91330326MADTAT9K13,,无等级,,46612.0
平阳章德明中医综合诊所,92330326MA2CTC4Q04,,无等级,,46430.0
平阳笑妍口腔诊所,91330326MAD59HP0XN,,无等级,,46618.0
平阳缘康口腔诊所,91330326MADLMXT63P,,无等级,,46274.0
平阳罗丽秀西医诊所,92330326MACXNF8H5K,,无等级,,46638.0
平阳肤小橙医疗美容诊所,91330326MAD0MB6680,,无等级,,46493.0
平阳胡型瑜口腔诊所,92330326MA2AU6Y65U,,无等级,,46649.0
平阳腾图口腔诊所,91330326MAEQ6WMN44,,无等级,,46249.0
平阳腾蛟吴光敏西医诊所,92330326MA29AWPA1L,,无等级,,46629.0
平阳腾蛟吴正跑诊所,92330326MAD7WA8184,,无等级,,46606.0
平阳腾蛟王孝岳诊所,92330326MAE5N6YF85,,无等级,,46525.0
平阳腾蛟蔡友亮西医诊所,92330326MA2CTEUX96,,无等级,,46641.0
平阳花辰汐医疗美容诊所,91330326MADQAP154M,,无等级,,46326.0
平阳萧江林天需西医诊所,92330326MA2CNJGX0R,,无等级,,46677.0
平阳萧江王丽晔西医诊所,92330326MA2CTMXE45,,无等级,,46640.0
平阳萧江郑加存中西医结合诊所,92330326MACE1YT20X,,无等级,,46680.0
平阳萧江陈友恭全科诊所,92330326MA2CN8383B,,无等级,,46719.0
平阳萧江黄益科口腔诊所,92330326MA2CTQ9H7M,,无等级,,46633.0
平阳董林智中医综合诊所,92330326MA2L5DKK3N,,无等级,,46436.0
平阳蓓拉医疗美容诊所,91330326MACDUR0Q0N,,无等级,,46603.0
平阳蓝成其诊所,92330326MADQCD1D8E,,无等级,,46607.0
平阳蔡新成中医综合诊所,92330326MA29AUU30R,,无等级,,46427.0
平阳蔡松林中医综合诊所,92330326MADQWHL5XU,,无等级,,46414.0
平阳许明锐中医综合诊所,92330326MACAH5XE94,,无等级,,46108.0
平阳逸科口腔诊所,92330326MA2971TF73,,无等级,,46260.0
平阳郑邦士口腔诊所,92330326MA2L8ETM68,,无等级,,46621.0
平阳金小林西医诊所,92330326MA2L7D53XN,,无等级,,46614.0
平阳金慎汇中医综合诊所,92330326MA2CNXJR9C,,无等级,,46438.0
平阳金蔻医疗美容诊所,91330326MADQG29Y2D,,无等级,,46508.0
平阳钟明进口腔诊所,92330326MACMGRBP4W,,无等级,,46646.0
平阳陈叶鹏诊所,92330326MA2CQ4H45F,,无等级,,46360.0
平阳陈德体诊所,92330326MA29569MXH,,无等级,,46494.0
平阳陈志款诊所,92330326MAEG8DHT1K,,无等级,,46288.0
平阳陈时可中医综合诊所,92330326MA2L8BTAXE,,无等级,,46415.0
平阳陈祖恒中医综合诊所,92330326MABX9QBW9J,,无等级,,46437.0
平阳陈贤钏西医诊所,92330326MA2CP1DDXY,,无等级,,46391.0
平阳顺溪陈圣数中西医结合诊所,92330326MA2CNRJE6T,,无等级,,46715.0
平阳马必胜口腔诊所,92330326MA2988Q427,,无等级,,46652.0
平阳鳌江叶昌架西医诊所,92330326MA2AWQ6624,,无等级,,46627.0
平阳鳌江吴圣勇西医诊所,92330326MA2C1Y6M8M,,无等级,,46720.0
平阳鳌江吴雪梅诊所,92330326MA298EXHX0,,无等级,,46615.0
平阳鳌江周大培口腔诊所,92330326MA2CTF49X4,,无等级,,46662.0
平阳鳌江孙奎南中医综合诊所,92330326MA287QRE3K,,无等级,,46421.0
平阳鳌江张圣碧西医诊所,92330326MA2CQGRX9R,,无等级,,46679.0
平阳鳌江张隆川诊所,92330326MA29AU8E09,,无等级,,46687.0
平阳鳌江徐素文西医诊所,92330326MA29AYTC9Y,,无等级,,46674.0
平阳鳌江李万安西医诊所,92330326MA2AU4J56B,,无等级,,46693.0
平阳鳌江李龙姬中西医结合诊所,92330326MA296XJ61C,,无等级,,46718.0
平阳鳌江林庆铅内科诊所,92330326MA2CTC1E32,,无等级,,46684.0
平阳鳌江林立想内科诊所,92330326MA2L7K2D1L,,无等级,,46688.0
平阳鳌江梅庆飞西医诊所,92330326MA2CTC0H19,,无等级,,46683.0
平阳鳌江温兴涨西医诊所,92330326MA299TUF07,,无等级,,46711.0
平阳鳌江牙齐乐口腔诊所,91330326MADXJ5L79U,,无等级,,46328.0
平阳鳌江玉海口腔诊所,92330326MA2L8FKH01,,无等级,,46356.0
平阳鳌江肖云暖内科诊所,92330326MA2L7FFR5A,,无等级,,46628.0
平阳鳌江胡明叶口腔诊所,92330326MA2C6WQE17,,无等级,,46642.0
平阳鳌江郑庆贺口腔诊所,92330326MA2HCJDD2X,,无等级,,46634.0
平阳鳌江金赛飞口腔诊所,92330326MA2CPJXF23,,无等级,,46665.0
平阳鳌江钟景微诊所,92330326MA2L8TAP0K,,无等级,,46605.0
平阳鳌江陈亲川口腔诊所,92330326MA2HCRG4XU,,无等级,,46339.0
平阳鳌江陈忠政口腔诊所,92330326MA2CTHWXXF,,无等级,,46654.0
平阳鳌江陈淑珍医疗美容诊所,92330326MA2L4GB3X7,,无等级,,46637.0
平阳鳌江鲍晓怡口腔诊所,92330326MA2C9HTR2Q,,无等级,,46664.0
平阳鳌江黄敏省口腔诊所,92330326MA2C9LCK8B,,无等级,,46658.0
平阳鳌江黄爱晓口腔诊所,92330326MA2CTLP73H,,无等级,,46651.0
平阳麻步董丽珊西医诊所,92330326MA2BUBQN8A,,无等级,,46676.0
平阳麻步陈飞霞诊所,92330326MAC096QBX2,,无等级,,46685.0
平阳黄剑光中医综合诊所,92330326MA2CTC061X,,无等级,,46426.0
平阳黄孔化诊所,92330326MA2L9J7801,,无等级,,46207.0
平阳黄瑞摊中医综合诊所,92330326MA297F1987,,无等级,,46410.0
平阳黄益统全科诊所,92330326MA2L4BFB7X,,无等级,,46668.0
广明堂（杭州）医疗科技有限公司临安於潜中医诊所,91330185MA2KF1M62W,,无等级,,35045.0
庆元严家云中医诊所,92331126MA2A1H466K,,无等级,,68458.0
庆元伟亮口腔诊所有限公司,TE3311263300699750,,无等级,,68331.0
庆元兰辉平中医诊所,92331126MA28JTT56Y,,无等级,,68451.0
庆元刘恒霖中医诊所,92331126MA2A0KR57K,,无等级,,68452.0
庆元卿颜医疗美容诊所有限公司,91331126MAD5MUT60B,,无等级,,68432.0
庆元叶长青西医诊所,92331126MA2FWD8H4G,,无等级,,68453.0
庆元吴小敏中医诊所,92331126MA2FYG7D4U,,无等级,,68464.0
庆元吴应贵中医诊所,92331126MA2FW4PB9X,,无等级,,68460.0
庆元吴紫红口腔诊所,92331126MA2E1NJK6Y,,无等级,,68444.0
庆元吴菊英口腔诊所,92331126MA2FX7UB4J,,无等级,,68450.0
庆元吾家诊所,92331126MACRB9J179,,无等级,,68436.0
庆元周文兴西医诊所,92331126MA2A1QNK6R,,无等级,,68448.0
庆元周正旺中西医诊所,92331126MA2E2NFP7W,,无等级,,68457.0
庆元善信堂中医诊所,92331126MA2E4WJDXJ,,无等级,,68420.0
庆元城区余昌文西医诊所,92331126MA2E09RU56,,无等级,,68446.0
庆元大德药房有限公司中西医诊所,91331126MA2A1NP239,,无等级,,68442.0
庆元季明花诊所,92331126MA2E0GTJ7B,,无等级,,68455.0
庆元张建华中西医诊所,92331126MA2G080L9B,,无等级,,68443.0
庆元方志贤口腔诊所,92331126MA2HLCFQ16,,无等级,,68462.0
庆元明皓口腔诊所,92331126MA2HLCU39D,,无等级,,68461.0
庆元杨晓荣口腔诊所,92331126MA2FWT9U02,,无等级,,68449.0
庆元林高众中医诊所,92331126MA28JM9F15,,无等级,,68438.0
庆元沈从勤中医诊所,92331126MA7MEA5X5B,,无等级,,68435.0
庆元沈平口腔诊所,92331126MA2E4CNY2K,,无等级,,68447.0
庆元爱雅口腔诊所,92331126MA7BWG3H6L,,无等级,,68456.0
庆元王章华口腔诊所,92331126MA2HLCEE7Q,,无等级,,68439.0
庆元王飞口腔诊所,92331126MA2FX04D6M,,无等级,,68459.0
庆元益民口腔诊所,92331126MA2HLCK519,,无等级,,68445.0
庆元竹安诊所有限公司,TE3311263300701880,,无等级,,68327.0
庆元篮雅口腔诊所有限公司,91331126MADBF2KX57,,无等级,,68430.0
庆元练国平中医骨伤科诊所,92331126MA28JQQB8H,,无等级,,68454.0
庆元谢徐芬诊所,92331126MA2HK6UN02,,无等级,,68315.0
庆元陶义辉中医诊所,92331126MA7GGGAD55,,无等级,,68463.0
店口嘉月医疗美容诊所,91330681MA2JRET32Y,,无等级,,55148.0
康灵口腔诊所,92330902MA28KDFB8T,,无等级,,62956.0
康达口腔诊所,92330902MA28KX1J99,,无等级,,62929.0
廖友珍中医骨伤诊所,TE3307033300277260,,无等级,,57147.0
建南内科诊所,92330411MAD41U5M3P,,无等级,,51275.0
建德一针堂健康管理有限公司明珠路中医诊所,91330182MA2CCNX18T,,无等级,,39384.0
建德三都陈爱娥中医诊所,92330182MA2B0YL07T,,无等级,,39344.0
建德三都马奇艳口腔诊所,92330182MA28N3PJ6T,,无等级,,39385.0
建德下涯蒋艳艳口腔诊所,92330182AM2AXHCJ83,,无等级,,39376.0
建德下涯钱数宾口腔诊所,92330182MA28LHAY0G,,无等级,,39355.0
建德中禹中医诊所,91330182MAEULDRK5B,,无等级,,39213.0
建德乾潭严志良诊所,92330182MA28N3RR47,,无等级,,39415.0
建德乾潭付潮胜诊所,92330182MA28UCYE53,,无等级,,39430.0
建德乾潭朱丹口腔诊所,92330182MA2KG3HW4T,,无等级,,39382.0
建德乾潭李元根诊所,92330182MA28UJUL6N,,无等级,,39399.0
建德乾潭王宝琴口腔诊所,92330182MA28TECQ3P,,无等级,,39429.0
建德乾潭王爱华诊所,92330182MA28RY8L0F,,无等级,,39349.0
建德乾潭郑建明诊所,92330182MA28UB9K2G,,无等级,,39406.0
建德乾潭马秀虹诊所,92330182MA28UE640F,,无等级,,39351.0
建德华滨健康咨询服务有限公司牙卫仕口腔诊所,91330182MACG6AFJ4K,,无等级,,39268.0
建德大同叶巧仙口腔诊所,92330182MA28R6FW5B,,无等级,,39191.0
建德大同杨慧琴口腔诊所,92330182MA2GNG4R06,,无等级,,39402.0
建德大同洪建三中医诊所,92330182MA2BL8W276,,无等级,,39354.0
建德大慈岩完美口腔诊所,92330182MA2BQ8004T,,无等级,,39394.0
建德大洋王跃口腔诊所,92330182MA2GNXW12R,,无等级,,39401.0
建德大洋蒋惠如中医诊所,92330182MA7LCD3E3L,,无等级,,39390.0
建德安禾美阁医疗科技有限公司医疗美容诊所,91330182MAE1UJY48Q,,无等级,,39306.0
建德富恒口腔健康管理有限公司金氏口腔诊所,91330182MA2GK3387J,,无等级,,39356.0
建德富春中医骨伤医院,5233018276204806X4,一级,一级,未定级,39288.0
建德寿昌俞春英中医诊所,92330182MA28N13D16,,无等级,,39420.0
建德寿昌吴丹诊所,92330182MA28NHJE5C,,无等级,,39397.0
建德寿昌孔丽娜口腔诊所,92330182MA28MF1X55,,无等级,,39403.0
建德寿昌徐兴隆西医诊所,92330182MA2BMR9NXM,,无等级,,39432.0
建德寿昌微笑口腔诊所,92330182MA2ACMX21N,,无等级,,39410.0
建德寿昌滕丽果中医诊所,92330182MAETFJHR1F,,无等级,,39228.0
建德寿昌翁敬仪中医诊所,92330182MA2CEEAE4J,,无等级,,39411.0
建德市三都镇卫生院,12330182470483748M,未定级,未定级,无级别,39195.0
建德市中西医结合医院,12330182470483879H,二级,二级,未定级,39292.0
建德市南岸健康管理有限公司雅美仕口腔诊所,91330182MA2GLCGL6E,,无等级,,39428.0
建德市友优健康管理有限公司大同口腔诊所,91330182MA27Y1K37P,,无等级,,39380.0
建德市友优健康管理有限公司香溢口腔诊所,91330182MA2AXWYDXP,,无等级,,39405.0
建德市大同镇中心卫生院,12330182470483801H,未定级,未定级,无级别,39203.0
建德市妇幼保健院新安江中医诊所,12330182470483609Y,,无等级,二级,39182.0
建德市威娜健康管理有限公司新安江口腔诊所,91330182MA2H3UKT9A,,无等级,,39409.0
建德市寿昌镇卫生院,12330182470483764B,未定级,未定级,无级别,39188.0
建德市成莹健康管理有限责任公司洋安新杭口腔诊所,91330182MADP7XHT7R,,无等级,,39332.0
建德市新良健康管理有限公司新桥口腔诊所,91330182MAEDP25P28,,无等级,,39330.0
建德市杭胜健康管理有限公司东丹口腔诊所,91330182MA2GNCEA42,,无等级,,39204.0
建德市梅城镇卫生院,1233018247048365X2,未定级,未定级,无级别,39173.0
建德市第四人民医院,123301824704837801,二级,二级,,39362.0
建德市诺强健康管理有限公司洋溪口腔诊所,91330182MA2HYYG9XC,,无等级,,39383.0
建德徐晓娟皮肤诊所,92330182MA7BU0ED9K,,无等级,,39392.0
建德心芽健康管理有限公司李家口腔诊所,91330182MA2B2ELE8B,,无等级,,39359.0
建德新安江余燕飞口腔诊所,92330182MA2BJ89W5F,,无等级,,39418.0
建德新安江刘英妇科诊所,92330182MA28XR9F1X,,无等级,,39419.0
建德新安江吴正龙诊所,92330182MA2B019W28,,无等级,,39280.0
建德新安江吴选民诊所,92330182MA2ABP9J6R,,无等级,,39426.0
建德新安江夏氏口腔诊所,92330182MA2BQ8LK1N,,无等级,,39389.0
建德新安江宁樟顺西医诊所,92330182MABT2ULT7X,,无等级,,39353.0
建德新安江廖华平口腔诊所,92330182MA28LHXU4M,,无等级,,39421.0
建德新安江张学振诊所,92330182MA2BJARE8K,,无等级,,39427.0
建德新安江张永珍口腔诊所,92330182MA2CC8BU4T,,无等级,,39412.0
建德新安江李向松中医诊所,92330182MA2AYL934K,,无等级,,39423.0
建德新安江杨应国中医诊所,92330182MA2GK87D7F,,无等级,,39416.0
建德新安江林氏妇科诊所,92330182MA2BL2HM96,,无等级,,39417.0
建德新安江精牙庄口腔诊所,92330182MA28T6G20L,,无等级,,39413.0
建德新安江董光辉中医诊所,92330182MA2GNKNT9Y,,无等级,,39352.0
建德新安江辛金兰诊所,92330182MA2GN99G30,,无等级,,39424.0
建德新安江郑宏伟诊所,92330182MA28M80932,,无等级,,39400.0
建德新安江金祖泉口腔诊所,92330182MA28RFH39G,,无等级,,39414.0
建德新安江陈青春口腔诊所,92330182MA28WL691T,,无等级,,39396.0
建德更楼曾金荣中医诊所,92330182MACA1H544M,,无等级,,39408.0
建德更楼陈迪毅口腔诊所,92330182MA2B20810Q,,无等级,,39372.0
建德朱俊斌口腔诊所,92330182MA2GKNCDX5,,无等级,,39395.0
建德杨村桥郑晨口腔诊所,92330182MA2BQ9867Y,,无等级,,39373.0
建德林俊辉口腔诊所,92330182MA2BQ6K06E,,无等级,,39358.0
建德梅城姜霆口腔诊所,92330182MA28XLCE69,,无等级,,39387.0
建德梅城张朝刚中医诊所,92330182MA2BJ7CE4P,,无等级,,39404.0
建德梅城汪建春中医诊所,92330182MA2BNG9X7F,,无等级,,39357.0
建德梅城陈伟明口腔诊所,92330182MADNWNY05W,,无等级,,39370.0
建德洋溪曾霞口腔诊所,92330182MAC0JGGF0M,,无等级,,39374.0
建德洋溪王敏口腔诊所,92330182MA2H1R4L28,,无等级,,39393.0
建德洋溪街道钟清源诊所,92330182MABM9GJ874,,无等级,,39297.0
建德清凉养老服务有限公司清泰诊所,91330182MACHDHH778,,无等级,,39422.0
建德简伊健康管理有限公司洋安医疗美容诊所,91330182MA2HXMQ28Q,,无等级,,39407.0
建德聚医堂健康管理有限公司乾潭大畈中西医结合诊所,91330182MABQ7E6H4J,,无等级,,39378.0
建德范红口腔诊所,92330182MA2ABJ941R,,无等级,,39350.0
建德邱云霞口腔诊所,92330182MA2BPPDB81,,无等级,,39425.0
建德银和中医诊所,91330182MAEXPMR869,,无等级,,39207.0
建德香樟中医诊所,91330182MAG2E6QA8G,,无等级,,39190.0
建德麻车储慧兰口腔诊所,92330182MAE40ARN39,,无等级,,39307.0
开化严万明中医（综合）诊所,92330824MA29TK8B2B,,无等级,,61614.0
开化余卫口腔诊所,92330824MACYUG2N8D,,无等级,,61623.0
开化傅土法口腔诊所,92330824MA28FTPD4K,,无等级,,61620.0
开化元真堂中医综合诊所,91330824MAE3P1PY1M,,无等级,,61603.0
开化千结消诊所,91330824MA28FGUJXP,,无等级,,61607.0
开化可恩华埠口腔诊所,91330824MAC4A5F30P,,无等级,,61612.0
开化岙滩鹿鸣口腔诊所,91330824MADY5F0777,,无等级,,61459.0
开化康仁诊所有限公司马金康仁诊所,91330824MADUNP3X0Y,,无等级,,61609.0
开化张小平中医诊所,92330824MA2DGMKQX6,,无等级,,61611.0
开化徐成印诊所,92330824MA2DJK6N77,,无等级,,61624.0
开化徐江桢口腔诊所,92330824MA7CCB0818,,无等级,,61628.0
开化搏瑞口腔诊所,91330824MAD9WJU22D,,无等级,,61604.0
开化新绣丽医疗美容诊所,91330824MA2DK2RW0K,,无等级,,61606.0
开化明康口腔诊所,91330824MAEFKHRY1L,,无等级,,61592.0
开化杨秀琴口腔诊所,92330824MA2FUR1AXQ,,无等级,,61625.0
开化林韶军口腔诊所,92330824MA2DL74Q4D,,无等级,,61631.0
开化榕树家中医诊所有限公司岙滩诊所,91330824MAEU5FWB16,,无等级,,61505.0
开化毛雪清口腔诊所,92330824MA2FUP3B5C,,无等级,,61626.0
开化江显炳中医（综合)诊所,92330824MA28FU7X6N,,无等级,,61630.0
开化牙牙乐口腔诊所,92330824MA2FRR2P2Q,,无等级,,61597.0
开化牙科岙滩口腔诊所,91330824MAE01J608L,,无等级,,61596.0
开化王如富口腔诊所,92330824MA2DGXM50X,,无等级,,61608.0
开化程晖诊所,92330824MA29TBEJ1P,,无等级,,61619.0
开化童起峰中医（综合）诊所,92330824MA29TL0E9X,,无等级,,61616.0
开化赖相军口腔诊所,92330824MA28FKMK88,,无等级,,61599.0
开化迩康口腔诊所,91330824MA2DHHBB1J,,无等级,,61488.0
开化雅美口腔诊所,91330824MA2DK46C9H,,无等级,,61621.0
张叶英口腔诊所,92330702MA2FMD2A4T,,无等级,,57743.0
张国兴口腔诊所,92330602MA2FBFCT9F,,无等级,,54347.0
张圆圆口腔诊所,91330411MABXNKAK45,,无等级,,51316.0
张均权中医诊所,92330683MA2FF8JA0U,,无等级,,54778.0
张孝萍皮肤科诊所,TE3306833300157270,,无等级,,54815.0
张建平诊所,92330824MA28FFGD9U,,无等级,,61610.0
张林华诊所,TE3306833300167540,,无等级,,54804.0
张浪英口腔诊所,92330683MA2FHP1J75,,无等级,,54806.0
张瑞瑶中西医结合诊所,TE3303293300192390,,无等级,,47785.0
张静口腔诊所,92330702MA29NEEA3B,,无等级,,57657.0
彭炳忠内科诊所,92330302MA2C24B97M,,无等级,,48991.0
徐健口腔诊所,92330702MA2FQFMU2P,,无等级,,57742.0
徐克呈中医内科诊所,92330302MA2C1RAL68,,无等级,,48847.0
徐冬凤诊所,TE3308223300299200,,无等级,,61102.0
徐如生中医诊所,TE3308223300305860,,无等级,,61087.0
徐娟口腔诊所,92330402MA2CXF6K40,,无等级,,51095.0
徐建新中医诊所（徐氏中医诊所）,TE3308223300474750,,无等级,,61069.0
徐淑清眼科诊所,92330402MA29G07N9F,,无等级,,51104.0
徐瑞祯诊所,92330824MA28FTGR1Y,,无等级,,61633.0
徐祥江口腔诊所,92330602MA29E0D16D,,无等级,,54329.0
徐露阳口腔诊所,92330702MA29P9L11H,,无等级,,57483.0
徐龙你口腔诊所,TE3308223300499440,,无等级,,61105.0
御诚（杭州）健康管理有限公司承方堂中医诊所,91330105MAD3FPUR5R,,无等级,,34194.0
微渼汇生物科技（杭州）有限公司临平人民大道医疗美容诊所,91330113MACAPL9H8B,,无等级,,35553.0
德优美（杭州）健康管理有限公司萧山利一路口腔诊所,91330109MACJ4CQC4X,,无等级,,38239.0
德清为康诊所（德清为康诊所有限公司）,91330521MADWNJ453Q,,无等级,,52226.0
德清乾元周雅红口腔诊所,913305217757245493,,无等级,,52256.0
德清乾元奚兆云西医诊所,91330521060551808Q,,无等级,,52286.0
德清乾元朱小平诊所,91330521773149755T,,无等级,,52292.0
德清乾元潘立荣口腔诊所,9133052107974540X7,,无等级,,52297.0
德清乾元蔡金良口腔诊所,91330521MA28CQD079,,无等级,,52296.0
德清乾元薇薇口腔诊所,91330521580371595Y,,无等级,,52274.0
德清乾元郑茂元牙科诊所,91330521591762292N,,无等级,,52277.0
德清乾元钱海芳西医诊所,91330521755918215Q,,无等级,,52268.0
德清亚格蕾雅馨美研医疗美容诊所（德清亚格蕾雅馨美研医疗美容诊所有限公司）,91330521MACDO2T78C,,无等级,,52210.0
德清众意堂中医诊所（德清众意堂中医诊所有限公司）,91330521MA2D1ANX1A,,无等级,,52230.0
德清伟芳口腔诊所（德清伟芳口腔诊所有限公司）,913305216970483963,,无等级,,52107.0
德清余热口腔诊所（德清余热口腔诊所有限公司）,91330521MA2D567P5D,,无等级,,52146.0
德清佳杰口腔诊所（德清佳杰口腔诊所有限公司）,91330521MAEB3F149T,,无等级,,52163.0
德清华心诊所（德清华心诊所有限公司）,91330521MAEW0FF24D,,无等级,,52111.0
德清博雅口腔诊所（德清博雅口腔诊所有限公司）,91330521MABQNKEA11,,无等级,,52105.0
德清周信堂撄宁中医综合诊所（德清周信堂撄宁中医综合诊所有限公司）,91330521MAEKBLM83L,,无等级,,52170.0
德清埃琳娜医疗美容诊所（德清埃琳娜医疗美容诊所有限公司）,91330521MAC53FKD4Y,,无等级,,52234.0
德清天顺骨伤科中医综合诊所（德清天顺骨伤科中医综合诊所有限公司）,91330521MA2D54879G,,无等级,,52259.0
德清妮式医疗美容诊所（德清妮式医疗美容诊所有限公司）,91330521MADDP1UG3W,,无等级,,52228.0
德清媛锦医疗美容诊所（德清媛锦医疗美容诊所有限公司）,91330521MAC45JD39L,,无等级,,52243.0
德清安百康诊所（德清安百康诊所有限公司）,91330521MAE2H3UF98,,无等级,,52153.0
德清峰仁中西医结合诊所（德清峰仁中西医结合诊所有限公司）,91330521MAENF26U4T,,无等级,,52159.0
德清应氏口腔诊所（德清应氏口腔诊所有限公司）,91330521MA2D47NF2G,,无等级,,52288.0
德清康乾扈晓磊口腔诊所,91330521MA2B42QW59,,无等级,,52269.0
德清康惠诊所（德清康惠诊所有限公司）,91330521MACGGPKT34,,无等级,,52282.0
德清康民诊所(德清康民诊所有限公司),91330521MA2JK27B7K,,无等级,,52246.0
德清康泽中西医结合诊所有限责任公司德清三桥中西医结合诊所,91330521MAET3X38X4,,无等级,,52148.0
德清康泽中西医结合诊所有限责任公司群益街中西医结合诊所,91330521MAEJY8LX05,,无等级,,52144.0
德清康泽中西医结合诊所（德清康泽中西医结合诊所有限责任公司）,91330521MAE6K8X33J,,无等级,,52126.0
德清康济中西医结合诊所（德清康济中西医结合诊所有限责任公司）,91330521MAEL33GC6F,,无等级,,52165.0
德清康诚口腔诊所（德清康诚口腔诊所有限公司）,91330521MA2B58421K,,无等级,,52242.0
德清御针堂中西医结合诊所（德清御针堂中西医结合诊所有限公司）,TE3305213300695800,,无等级,,52202.0
德清德康内科诊所（德清德康内科诊所有限公司）,91330521MACHP6509A,,无等级,,52168.0
德清德立口腔诊所（德清德立口腔诊所有限公司）,91330521MA2JKQTC0R,,无等级,,52241.0
德清惠仁口腔诊所有限公司雷甸洋华广场口腔诊所（德清惠仁口腔诊所有限公司雷甸洋华广场口腔诊所分公司）,91330521MADWDKL41X,,无等级,,52219.0
德清惠仁口腔诊所（德清惠仁口腔诊所有限公司）,91330521MACKCP2C1P,,无等级,,52263.0
德清文英口腔诊所（德清文英口腔诊所有限公司）,91330521MA2B7RPX1M,,无等级,,52293.0
德清新安董玲麟口腔诊所,91330521066901688E,,无等级,,52224.0
德清新市姚丽萍西医诊所,91330521554041576K,,无等级,,52301.0
德清新市孙红西医诊所,91330521775717189E,,无等级,,52276.0
德清新市张敏华牙科诊所,913305217498145089,,无等级,,52275.0
德清新市陈建莲西医诊所,9133052175117479XU,,无等级,,52300.0
德清易民中西医结合诊所（德清易民中西医结合诊所有限公司）,TE3305213300703160,,无等级,,52112.0
德清景妍医疗美容诊所（德清景妍医疗美容诊所有限公司）,91330521MAC7GK9L6A,,无等级,,52207.0
德清景康牙科诊所,91330521665187252L,,无等级,,52270.0
德清李国明口腔诊所（德清李国明口腔诊所有限公司）,91330521MAEKPOAJ66,,无等级,,52147.0
德清武康上柏祝林忠诊所,91330521766407074W,,无等级,,52307.0
德清武康丛德明口腔诊所,91330521MA2B44N77W,,无等级,,52304.0
德清武康乐顺西医诊所,91330521576545337H,,无等级,,52225.0
德清武康付国新西医诊所,91330521MA28C1BG78,,无等级,,52306.0
德清武康俞伟良口腔诊所,92330521MADJLWB771,,无等级,,52229.0
德清武康冯忆明中医诊所,91330521MA28CHEC7Q,,无等级,,52266.0
德清武康和协口腔门诊,91330521680745187Q,,无等级,,52264.0
德清武康张飞兰口腔诊所,91330521MA28CBD736,,无等级,,52283.0
德清武康德寿堂中医诊所,913305216831106038,,无等级,,52261.0
德清武康戚永文牙科诊所,913305217490378419,,无等级,,52305.0
德清武康李万春口腔诊所,9133052155753339XP,,无等级,,52232.0
德清武康汪海滨诊所,92330521MAC8KJWP5M,,无等级,,52302.0
德清武康沈云祥牙科诊所,913305216912602572,,无等级,,52271.0
德清武康沈姮霞牙科诊所,91330521747744825B,,无等级,,52272.0
德清武康蔡松阳口腔诊所,91330521327898297B,,无等级,,52279.0
德清武康许鸳鸳口腔诊所,92330521MA2JL6W7XC,,无等级,,52280.0
德清武康陈俊红口腔诊所,TE3305213300022980,,无等级,,52262.0
德清武康陈怀亮中草药诊所,91330521747723389T,,无等级,,52290.0
德清武康飞翼口腔诊所,91330521693888187L,,无等级,,52209.0
德清武康高维民诊所,913305217477119430,,无等级,,52284.0
德清武康黄小平口腔诊所,913305216807495830,,无等级,,52278.0
德清武缘口腔诊所（德清武缘口腔诊所有限公司）,91330521MA2D1AYQ4U,,无等级,,52299.0
德清沈晓波口腔诊所（德清沈晓波口腔诊所有限责任公司）,91330521MA2D1EBC4G,,无等级,,52258.0
德清沐一医疗美容诊所（德清沐一医疗美容诊所有限公司）,91330521MAD3XY3H4Y,,无等级,,52164.0
德清洛舍陈晖外科诊所,9133052134405124XM,,无等级,,52303.0
德清济民中西医结合诊所（德清济民中西医结合诊所有限公司）,91330521MAE5UND73C,,无等级,,52221.0
德清清源堂中医诊所（德清清源堂中医诊所有限公司）,91330521MA2D4C4C05,,无等级,,52240.0
德清澄媛医疗美容诊所（德清澄媛医疗美容诊所有限公司）,91330521MAE87N457G,,无等级,,52124.0
德清爱玲口腔诊所（德清爱玲口腔诊所有限公司）,91330521MAE9YRY9XN,,无等级,,52203.0
德清牙美佳口腔诊所（德清牙美佳口腔诊所有限公司）,91330521MA2JK2U898,,无等级,,52289.0
德清玺沐颜医疗美容诊所（德清玺沐颜医疗美容诊所有限公司）,TE3305213300697320,,无等级,,52125.0
德清瑞康中医综合诊所（德清瑞康中医综合诊所有限公司）,91330521MA7B1T6B2D,,无等级,,52248.0
德清百医宁泽安诊所（德清百医宁泽安诊所有限公司）,9133052IMAEGJG9K5K,,无等级,,52172.0
德清百医宁诊所（德清百医宁诊所有限公司）,91330521MAE7QL2515,,无等级,,52206.0
德清百和医疗美容诊所（德清百和医疗美容诊所有限公司）,92330521MABNFJHA1C,,无等级,,52247.0
德清禧妍医疗美容诊所(德清禧妍医疗美容诊所有限公司),TE3305213300698490,,无等级,,52188.0
德清禹越蔡建丽口腔诊所,91330521MA2B4RFP6A,,无等级,,52101.0
德清禹越陈卫兴中医骨伤科诊所,913305215586396046,,无等级,,52295.0
德清禹越陈建良西医诊所,91330521MA28C7CK2W,,无等级,,52265.0
德清舞阳陈国民口腔诊所,92330521MAE5JE9M6T,,无等级,,52171.0
德清艾尚口腔诊所（德清艾尚口腔诊所有限公司）,91330521MAD1LK5W4B,,无等级,,52249.0
德清英溪口腔诊所（德清英溪口腔诊所有限公司）,91330521MA2JJEJE5X,,无等级,,52257.0
德清莫干山沈汝伟西医诊所,913305217559496956,,无等级,,52285.0
德清蒋铁柱口腔诊所（德清蒋铁柱口腔诊所有限公司）,91330521MA2B6XUK8W,,无等级,,52167.0
德清贝德佳口腔诊所（德清贝德佳口腔诊所有限公司）,91330521MAE2MDG1XG,,无等级,,52127.0
德清金久堂中医诊所（德清金久堂中医诊所有限公司）,91330521MA2B64EQ6D,,无等级,,52231.0
德清金永刚医疗美容诊所（德清金永刚医疗美容诊所有限公司）,91330521MA2D48911C,,无等级,,52244.0
德清针益堂中西医结合诊所（德清针益堂中西医结合诊所有限公司）,91330521MAENQYBQOP,,无等级,,52162.0
德清钟管李宏中医综合诊所,91330521307589657H,,无等级,,52294.0
德清钟管胡晓忠口腔诊所,91330521770745586M,,无等级,,52281.0
德清锦上美医疗美容诊所（德清锦上美医疗美容诊所有限公司）,91330521MACGXY4CX8,,无等级,,52245.0
德清阜溪凌秀珍诊所,91330521MA2B6PGN1G,,无等级,,52267.0
德清阿丹口腔诊所（德清阿丹口腔诊所有限公司）,91330521MA2D4W2T1Y,,无等级,,52253.0
德清陆发全中西医结合诊所（德清陆发全中西医结合诊所有限公司）,91330521MAD2LXX583,,无等级,,52251.0
德清雷甸俞晓飞博爱西医诊所,913305217511580289,,无等级,,52287.0
德清雷甸周根福西医诊所,913305217707093741,,无等级,,52254.0
德清雷甸汪俊杰骨伤科中西医结合诊所,91330521MA2D544G7W,,无等级,,52273.0
德清雷甸沈忠强口腔诊所,913305215835963861,,无等级,,52298.0
德清雷甸章宏伟中西医结合诊所,9133052174773132XU,,无等级,,52291.0
德禄堂（温岭）健康管理有限公司温峤西医诊所,91331081MA2DX93J14,,无等级,,66226.0
怡和口腔诊所,92330702MA29QMHM9C,,无等级,,57506.0
悦慕（安吉）医疗美容诊所,91330523MADJ2QX501,,无等级,,52042.0
慈林医院,91330200717884309P,三级,三级,一级,39637.0
慈溪丁月青外科诊所,TE3302823300522800,,无等级,,40414.0
慈溪七仙女口腔诊所,91330282MA2CMK612T,,无等级,,40256.0
慈溪世明诊所,91330282MADM354P0T,,无等级,,40233.0
慈溪东睿内科诊所,91330282MAE6AFEP77,,无等级,,39655.0
慈溪中益口腔诊所,92330282MAC0JMX965,,无等级,,40305.0
慈溪丽尔医疗美容诊所,91330282MA2AH30X0P,,无等级,,40017.0
慈溪丽诚口腔诊所,91330282MA2J7H3YX0,,无等级,,40295.0
慈溪乐活医疗美容诊所,91330282MABW4GUE7N,,无等级,,40213.0
慈溪乔金坤内科诊所,91330282MABT9WR87D,,无等级,,40429.0
慈溪九九中医诊所,913302825994540599,,无等级,,40155.0
慈溪九益口腔诊所,91330282316868826F,,无等级,,40274.0
慈溪书康诊所,91330282MAEKDTAN28,,无等级,,40116.0
慈溪云皓口腔诊所,91330282MADJ82K39G,,无等级,,40327.0
慈溪仁健诊所,91330282MA2GWPW1XQ,,无等级,,39680.0
慈溪仁民诊所,91330282MA282DJD1F,,无等级,,39661.0
慈溪仁汇诊所,91330282MADGT2DH07,,无等级,,40348.0
慈溪以沫医疗美容诊所,91330282MAECMWKAXW,,无等级,,40171.0
慈溪伊娜塞拉医疗美容诊所,91330282MAC10A103E,,无等级,,40395.0
慈溪众承内科诊所,91330282MAEDY7404G,,无等级,,40167.0
慈溪伟民口腔诊所,91330282MA2CM0PW2X,,无等级,,40282.0
慈溪佑康诊所,91330282MADGPQ7U2D,,无等级,,40345.0
慈溪佰康诊所,91330282MADNQRNC1E,,无等级,,39667.0
慈溪佳伟口腔诊所,91330282MA2GTBLH6E,,无等级,,40309.0
慈溪依美壹家医疗美容诊所,91330282MA2J63YJ06,,无等级,,40373.0
慈溪保丽康诊所,91330282MACEKDRM86,,无等级,,40378.0
慈溪健博视眼科诊所,90330282MADAD99373,,无等级,,40335.0
慈溪元一控颜时代医疗美容诊所,91330282MADGBU2G08,,无等级,,40209.0
慈溪农康诊所,91330282MACE5GR203,,无等级,,40207.0
慈溪勇飞内科诊所,91330282MA2GUJ9T5G,,无等级,,40211.0
慈溪匠心口腔诊所,91330282MA2GR8QC8Q,,无等级,,40325.0
慈溪匡堰博旭中西医结合诊所,91330282MAC2P0SRXU,,无等级,,40217.0
慈溪医嘉诊所,91330282MA2KQU3CXU,,无等级,,40178.0
慈溪医康西医诊所,91330282MADLCB697U,,无等级,,40342.0
慈溪医朵医疗美容诊所,91330282MAC1XN5Y28,,无等级,,39641.0
慈溪医琛诊所,91330282MADHT59G6A,,无等级,,40162.0
慈溪医诚堂中医诊所,91330282MA2J7QTJ7L,,无等级,,40321.0
慈溪医达诊所,91330282MA2CHTYR09,,无等级,,40376.0
慈溪博文内科诊所,91330282MAEF6LQ792,,无等级,,40010.0
慈溪博皓口腔诊所,91330282MA2J71DL3A,,无等级,,40253.0
慈溪博睿口腔诊所,91330282MAEDPY4B9B,,无等级,,40160.0
慈溪博菲特界牌口腔诊所,91330282MAEEY5TJ44,,无等级,,39691.0
慈溪博阳口腔诊所,91330282MABT13RA07,,无等级,,40252.0
慈溪占昌利口腔诊所,91330282MA2CLLHU73,,无等级,,39632.0
慈溪卫丽康诊所,91330282MACHRUWE1M,,无等级,,40172.0
慈溪卫尔眼科诊所,91330282MA2GQDXL4D,,无等级,,40415.0
慈溪卫科诊所,91330282MACDEKY24L,,无等级,,40212.0
慈溪卫荣诊所,91330282MAD476G6XH,,无等级,,40176.0
慈溪叁己医疗美容诊所,91330282MAEBHUHX52,,无等级,,40022.0
慈溪友和中医诊所,91330282062913163R,,无等级,,40438.0
慈溪友春中西医结合诊所,91330282MAEUH9YM3L,,无等级,,39703.0
慈溪友澄口腔诊所,91330282MAED27AR93,,无等级,,40024.0
慈溪友豪诊所,91330282MA2919WTXA,,无等级,,40403.0
慈溪古塘枫阁口腔诊所,92330282MA2CHJ7MOM,,无等级,,40267.0
慈溪古塘潘爱贞中医诊所,92330282MA2GR7Y59C,,无等级,,40402.0
慈溪古塘罗惠群中医诊所,913302825775079577,,无等级,,40423.0
慈溪古塘胡林飞中医诊所,91330282570509351M,,无等级,,40457.0
慈溪古塘费慈春口腔诊所,92330282MA2AEHRK8Y,,无等级,,40272.0
慈溪古塘费迪口腔诊所,913302826982085000,,无等级,,40261.0
慈溪古塘陈南灿中医诊所,92330282MA2EJGRL4M,,无等级,,40464.0
慈溪古塘黄焕波内科诊所,92330282MA2EJFF2XG,,无等级,,40182.0
慈溪名康内科诊所,91330282MACYKWG91N,,无等级,,40372.0
慈溪君慷内科诊所,91330282MAE8ALH26Q,,无等级,,40190.0
慈溪启辰儿科诊所,91330282MA2KPGQ12W,,无等级,,39714.0
慈溪周巷华杰口腔诊所,91330282MA2CKW25IN,,无等级,,40283.0
慈溪周巷卢光荣内科诊所,92330282MA2GW0FR67,,无等级,,40460.0
慈溪周巷叶国平口腔诊所,91330282MA282NQU24,,无等级,,40273.0
慈溪周巷宇丹眼科诊所,913302823089227813,,无等级,,40441.0
慈溪周巷容益翔中医诊所,91330282587490001Y,,无等级,,40463.0
慈溪周巷康源内科诊所,91330282MACH8PCU8D,,无等级,,40361.0
慈溪周巷徐吉中医诊所,91330282316916883R,,无等级,,40461.0
慈溪周巷戎晶口腔诊所,91330282MA292BEU4L,,无等级,,40306.0
慈溪周巷毛君燕口腔诊所,91330282MA282E8Q06,,无等级,,40198.0
慈溪周巷治强内科诊所,92330282MA2J7A396D,,无等级,,40431.0
慈溪周巷王秀兰西医内科民工诊所,91330282796043849G,,无等级,,40329.0
慈溪周巷田英中医诊所,91330282340585519R,,无等级,,40466.0
慈溪周巷益民西医内科诊所,91330282MAD0NH1E3D,,无等级,,40219.0
慈溪周巷蒋丽内科诊所,91330282MA2AJ4354B,,无等级,,40380.0
慈溪周巷谢建太口腔诊所,91330282MA2811313M,,无等级,,40297.0
慈溪周巷赵斐斐口腔诊所,91330282MA2818YNXP,,无等级,,40271.0
慈溪周巷鑫旺浩口腔诊所,91330282MA2GTD0B9E,,无等级,,40268.0
慈溪周巷陈坚英西医妇科诊所,92330282MA2GRKXR8Y,,无等级,,40180.0
慈溪周巷马世民口腔诊所,913302823089829442,,无等级,,40288.0
慈溪周新正冠口腔诊所,91330282MACQ73W376,,无等级,,40245.0
慈溪和康内科诊所,91330282MAD1H49E75,,无等级,,40367.0
慈溪品尚口腔诊所,91330282MA2H5D0B9E,,无等级,,40169.0
慈溪唐积权口腔诊所,92330282MA2KNARX3C,,无等级,,40294.0
慈溪啸虎口腔诊所,91330282MA2J5U1B39,,无等级,,40042.0
慈溪嘉尚诊所,91330282MAG23UHL6L,,无等级,,39630.0
慈溪嘉盛口腔诊所,91330282MADLR9976X,,无等级,,40311.0
慈溪嘉诚口腔诊所,91330282MA2GWCB45H,,无等级,,39692.0
慈溪坎墩宗爱玲全科诊所,92330282MA2KQJRB46,,无等级,,40354.0
慈溪坎墩徐建忠口腔诊所,92330282MA291J284L,,无等级,,40337.0
慈溪坎墩胡一维口腔诊所,92330282MA2EHUMY67,,无等级,,40215.0
慈溪坎墩许焕口腔诊所,92330282MA2EJAA83M,,无等级,,40338.0
慈溪坤慈中医诊所,91330282MAD5R7AEXW,,无等级,,40184.0
慈溪塑星医疗美容诊所,91330282MAD7JF1U3F,,无等级,,39670.0
慈溪塑色医疗美容诊所,91330282MAE0P9XP89,,无等级,,39705.0
慈溪塘下西医诊所,91330282MACLMP2W09,,无等级,,40359.0
慈溪塘盛诊所,91330282MAE75WQU4L,,无等级,,40194.0
慈溪奈斯口腔诊所,91330282MA2J3MJ562,,无等级,,40263.0
慈溪奔康内科诊所,91330282MADDQKRD7G,,无等级,,40346.0
慈溪妍泽医疗美容诊所,91330282MA2CJ73Q60,,无等级,,40405.0
慈溪孙益铭口腔诊所,92330282MA2J4W074Y,,无等级,,40302.0
慈溪孟桂玲内科诊所,92330282MA2KQ5LN6D,,无等级,,40445.0
慈溪安微内科诊所,91330282MAD85PYA14,,无等级,,40347.0
慈溪宗汉云强口腔诊所,92330282MA2GT8K10W,,无等级,,39689.0
慈溪宗汉童浦银口腔诊所,92330282MA28Y87C87,,无等级,,40299.0
慈溪宗汉锦拓口腔诊所,92330282MA2GR8KYXW,,无等级,,40301.0
慈溪宗汉陈竹明中医诊所,92330282MA283G1X43,,无等级,,40411.0
慈溪宗汉陈金群口腔诊所,92330282MAD46FLL3C,,无等级,,40191.0
慈溪宗汉高余深中西医结合诊所,92330282MADBWRNN3E,,无等级,,40320.0
慈溪宜慷内科诊所,91330282MAK0F4A85H,,无等级,,39644.0
慈溪宫辉内科诊所,91330282MACKC3HM9A,,无等级,,40384.0
慈溪家联堂诊所,91330282MAEB8A978N,,无等级,,40170.0
慈溪容妍医疗美容诊所,91330282MADK21W064,,无等级,,39659.0
慈溪小氧时怡医疗美容诊所,91330282MAD256GM8B,,无等级,,40071.0
慈溪小蔡内科诊所,92330282MADTA247XE,,无等级,,40300.0
慈溪尚笑口腔诊所,92330282MA2J4CHY93,,无等级,,40265.0
慈溪崇寿孙振理口腔诊所,92330282MA28YT5W68,,无等级,,40281.0
慈溪崤琳内科诊所,91330282MA2J5GTM32,,无等级,,40451.0
慈溪巨尚医疗美容诊所,91330282MA2KNUD5XX,,无等级,,39668.0
慈溪市古塘街道社区卫生服务中心界牌社区卫生服务站,12330282MB1F161471,未定级,未定级,一级,39994.0
慈溪市周巷镇卫生院,123302824196900120,一级,一级,二级,39623.0
慈溪市周巷镇双东村卫生室,123302824196905495,未定级,未定级,一级,39984.0
慈溪市坎墩街道社区卫生服务中心,12330282419690311X,一级,一级,未定级,39658.0
慈溪市宗汉街道社区卫生服务中心锦漾社区卫生服务站,12330282419690733W,未定级,未定级,一级,39993.0
慈溪市庵东镇中心卫生院,123302824196899860,一级,一级,无级别,39615.0
慈溪市新浦镇卫生院,12330282419691197L,一级,一级,,39713.0
慈溪市新浦镇水湘村卫生室,52330282MJ90937913,无级别,无级别,未定级,39617.0
慈溪市横河镇梅相社区卫生服务站,123302824196900638,无级别,无级别,一级,39995.0
慈溪市浒山街道社区卫生服务中心鸣山社区卫生服务站,12330282MB1F161396,无级别,无级别,未定级,39625.0
慈溪市白沙路街道社区卫生服务中心,12330282573672808G,未定级,未定级,无级别,39607.0
慈溪市胜山镇胜东村卫生室,12330282419690805M,未定级,未定级,,39861.0
慈溪市长河镇云海村卫生室,12330282419689863Y,未定级,未定级,一级,39697.0
慈溪市龙山镇卫生院,123302824196897916,一级,一级,二级,39624.0
慈溪市龙山镇新西村陈利杰卫生室,54330282ME0121102J,未定级,未定级,,39722.0
慈溪希林中医诊所,91330282MAD0KCMB2D,,无等级,,39628.0
慈溪幂秀医疗美容诊所,90330282MACNJ78Y1T,,无等级,,40375.0
慈溪康元皮肤科诊所,91330282MAE6PMUC39,,无等级,,40183.0
慈溪康吉诊所,913302827532680014,,无等级,,40029.0
慈溪康心诊所,91330282MAEUL0YL2N,,无等级,,39685.0
慈溪康慈诊所,91330282665580038D,,无等级,,40391.0
慈溪康晟诊所,91330282MACNBL71XM,,无等级,,40002.0
慈溪康林诊所,91330282MAETRBC45W,,无等级,,39704.0
慈溪康泽诊所,91330282MAENRMCR8R,,无等级,,40020.0
慈溪康萍诊所,91330282MAE4Q1NR8U,,无等级,,40185.0
慈溪康附诊所,91330282MA2GWYQ248,,无等级,,40454.0
慈溪建青口腔诊所,92330282MA2J5U6993,,无等级,,40296.0
慈溪弘壹堂中医诊所,91330282MABN4JAF89,,无等级,,40453.0
慈溪弘尔口腔诊所,91330282MA2CLY1932,,无等级,,40284.0
慈溪弘康内科诊所,91330282MA2H5UWF1X,,无等级,,40434.0
慈溪弘德中医诊所,TE3302823300347130,,无等级,,40458.0
慈溪弘泽城南内科诊所,91330282MA2GTNAU5C,,无等级,,40439.0
慈溪彦姿兰医疗美容诊所,91330282MADB0EBC7W,,无等级,,40322.0
慈溪彭睿口腔诊所,91330282MAD055RT0E,,无等级,,40243.0
慈溪徐建儿内科诊所,92330282MADHY2W196,,无等级,,40135.0
慈溪微诚内科诊所,91330282MABQW2R61T,,无等级,,40204.0
慈溪德中口腔诊所,91330282MABRX02Y20,,无等级,,40008.0
慈溪德博口腔诊所,91330282MA2CMA1Y3E,,无等级,,40200.0
慈溪德康堂中医诊所,91330282MA2KN60E5B,,无等级,,40355.0
慈溪心宁口腔诊所,91330282MA2GRRBP0C,,无等级,,40254.0
慈溪志康内科诊所,91330282MACYXRCN8T,,无等级,,40374.0
慈溪志诚中西医结合诊所,91330282MA2KNQY95J,,无等级,,40428.0
慈溪怡豪口腔诊所,92330282MAC0N8NTX7,,无等级,,40276.0
慈溪恩素医疗美容诊所,91330282MAEPFKDD01,,无等级,,39638.0
慈溪悠佳口腔诊所,91330282MA2KPMB3XW,,无等级,,40275.0
慈溪惠民口腔诊所,91330282MA2GT8J9XC,,无等级,,40264.0
慈溪慈元中西医结合诊所,91330282MAK0X4Y00P,,无等级,,39618.0
慈溪慈尚口腔诊所,91330282MA2J3WMK51,,无等级,,40308.0
慈溪慈泉诊所,91330282MAEQN27T96,,无等级,,40006.0
慈溪慈爱诊所,52330282MJ9087084Q,,无等级,,40447.0
慈溪慈荣诊所,91330282MAD6L1W23N,,无等级,,40343.0
慈溪慈颜医疗美容诊所,91330282MA2KPNGE4E,,无等级,,40168.0
慈溪慈龙中医诊所,91330282MA2J3W1AXG,,无等级,,40468.0
慈溪慧仁慈医堂诊所,91330282MAD5C26987,,无等级,,39715.0
慈溪承华口腔诊所,92330282MAD3RBNP18,,无等级,,40323.0
慈溪掌起易伢口腔诊所,91330201MAENBA5W4J,,无等级,,39654.0
慈溪掌起谢可杰口腔诊所,92330282MA2AF4G71K,,无等级,,40174.0
慈溪新浦众康内科诊所,92330282MA2GRLDB2A,,无等级,,40313.0
慈溪新浦岑连冲口腔诊所,91330282MA2819W871,,无等级,,40165.0
慈溪新浦张树辉中医诊所,92330282MA291LBCXP,,无等级,,40397.0
慈溪新浦顾泽禧中医诊所,92330282MAC8N8257G,,无等级,,40455.0
慈溪新皓口腔诊所,91330282MAD1DDB91T,,无等级,,40177.0
慈溪方寸涧中医诊所,91330282L83434738F,,无等级,,40467.0
慈溪方祥口腔诊所,TE3302823300499740,,无等级,,40278.0
慈溪明德诊所,91330282MADY07YN5B,,无等级,,39629.0
慈溪明慈眼科诊所,91330282MAC5EBE84H,,无等级,,40465.0
慈溪星医惠医疗美容诊所,91330282MADR5DAU7A,,无等级,,39664.0
慈溪星慕医疗美容诊所,91330282MAE5XHC77A,,无等级,,39643.0
慈溪普仁中西医结合诊所,91330282MADLJKU68B,,无等级,,39627.0
慈溪普济堂诊所,91330282MAEQNNYX0G,,无等级,,39614.0
慈溪智博口腔诊所,91330282MA2GWKHA49,,无等级,,40269.0
慈溪智尚口腔诊所,91330282MA2CMEFH4G,,无等级,,40247.0
慈溪朗朗口腔诊所,91330282MA2H83W1X0,,无等级,,40199.0
慈溪杭州湾仁爱内科诊所,52330282MJ9087025M,,无等级,,40382.0
慈溪杭湾桥诊所,52330282MJ908721XA,,无等级,,40432.0
慈溪柏涵医疗美容诊所,91330282MA2H8A058N,,无等级,,40192.0
慈溪桥头竺家锋口腔诊所,92330282MA292DC60J,,无等级,,40307.0
慈溪桥头陈岳挺中医诊所,92330282MA2AE1CK9L,,无等级,,40437.0
慈溪桦泽内科诊所,91330282MAEC139555,,无等级,,40175.0
慈溪榕树下锦漾儿科诊所,91330282MA2CM0MT96,,无等级,,40232.0
慈溪横河孙燕尧中医诊所,92330282MA2H48WL5B,,无等级,,40433.0
慈溪横河孙立权口腔诊所,92330282MA28YX249D,,无等级,,40280.0
慈溪横河胡建立口腔诊所,92330282MA28Y15H7B,,无等级,,40285.0
慈溪横河胡忠捍西医内科诊所,91330282MA2937C94H,,无等级,,40340.0
慈溪横河胡成福内科诊所,92330282MA291PR8XQ,,无等级,,40462.0
慈溪横河龚央丽口腔诊所,92330282MA2EJHX469,,无等级,,40290.0
慈溪橄榄树儿科诊所,91330282MA2KNL4H6D,,无等级,,40007.0
慈溪橙壹儿科诊所,91330282MAD800AYX1,,无等级,,40056.0
慈溪欣浦诊所,91330282MADM99F18N,,无等级,,40066.0
慈溪水沟弄诊所（普通合伙）,91330282772329543K,,无等级,,40446.0
慈溪永民内科诊所,91330282MAE15J2T2Q,,无等级,,40038.0
慈溪永皓口腔诊所,91330282MACDCQ0E12,,无等级,,40250.0
慈溪汇仁诊所,52330282MJ9087033G,,无等级,,40398.0
慈溪汇美医疗美容诊所,91330282MA2KPA9P49,,无等级,,40417.0
慈溪沪齿佳口腔诊所,91330282MAE0YUEX9M,,无等级,,39616.0
慈溪沫沫口腔诊所,91330282MAD5R24A58,,无等级,,40339.0
慈溪洪亮西医诊所,91330282MADD44U732,,无等级,,40356.0
慈溪浒山入曼内科诊所,91330282MA2GQLYU63,,无等级,,40216.0
慈溪浒山励雪飞口腔诊所,92330282MA292G5Y3J,,无等级,,40298.0
慈溪浒山张平儿科诊所,92330282MA2CLU3X75,,无等级,,40421.0
慈溪浒山张素瓛妇科诊所,92330282MA2AE9DP85,,无等级,,40427.0
慈溪浒山新江路陆孟杰诊所,92330282MA2EJJDU7G,,无等级,,40388.0
慈溪浒山杜如达内科诊所,92330282MA2GRM475X,,无等级,,40181.0
慈溪浒山水南周忠列诊所,92330282MA2EJ0M31G,,无等级,,40456.0
慈溪浒山沈怡辰口腔诊所,92330282MA2EHYE67F,,无等级,,40270.0
慈溪浒山胡丹内科诊所,92330282MA293E951J,,无等级,,40412.0
慈溪浒山茅哲内科诊所,92330282MA2EK0MW4B,,无等级,,40435.0
慈溪浒山蔡黠诊所,92330282MA2EJ2XF55,,无等级,,40040.0
慈溪浒山阳明胡云刚诊所,92330282MA293D852Q,,无等级,,40358.0
慈溪浒山马宁银口腔诊所,92330282MA2EK3JR2N,,无等级,,40249.0
慈溪浦康诊所,91330282MACCL5EA98,,无等级,,40390.0
慈溪涂氏中医诊所,91330282MACMYHY23K,,无等级,,40357.0
慈溪添可口腔诊所,91330282MAD68P0T5Q,,无等级,,40324.0
慈溪清兰内科诊所,91330282MADW3KTQ8Q,,无等级,,40242.0
慈溪滨海诊所,52330282MJ9087156H,,无等级,,40394.0
慈溪灏泽诊所,91330282MAE19F7R93,,无等级,,40221.0
慈溪煊颢口腔诊所,91330282MAEK910F5X,,无等级,,40030.0
慈溪燕辰内科诊所,91330282MAEA9K8T3B,,无等级,,40173.0
慈溪爱牙仕口腔诊所,91330282MA2CMRN36F,,无等级,,40251.0
慈溪爱画医疗美容诊所,91330282MA2GTTLH5P,,无等级,,40409.0
慈溪王妙泽口腔诊所,91330282MA2H6HKE7U,,无等级,,40266.0
慈溪王权亿德堂内科诊所,92330282MA2GRB2C3Y,,无等级,,40241.0
慈溪珍品口腔诊所,91330282MADHKTLM8M,,无等级,,39606.0
慈溪珍皓口腔诊所,91330282MAEAULQD4E,,无等级,,40027.0
慈溪珍翰口腔诊所,91330282MA7D3QM76W,,无等级,,40310.0
慈溪瑞民口腔诊所,91330282MAEX31HP4Y,,无等级,,39642.0
慈溪瑞牙口腔诊所,91330282MAE2P9PB4K,,无等级,,39610.0
慈溪瑞锦诊所,92330282MADAGWB208,,无等级,,40205.0
慈溪瑞齿乐口腔诊所,91330282MADYYDK93W,,无等级,,40044.0
慈溪璟颜医疗美容诊所,91330282MABTPHYX2W,,无等级,,40235.0
慈溪白沙路张颖敏口腔诊所,91330282MA2816FC39,,无等级,,40304.0
慈溪白沙路旭润口腔诊所,91330282MA282J721R,,无等级,,40277.0
慈溪白沙路李氏口腔诊所,92330282MA2AFMRL5B,,无等级,,40303.0
慈溪白沙路蒋敏眼科诊所,92330282MA2CMWG00A,,无等级,,40206.0
慈溪百宁诊所,91330282MA2H7HMW2X,,无等级,,40001.0
慈溪百草堂诊所,92330282MA283EYP30,,无等级,,40236.0
慈溪益亮诊所,91330282MAE2BBFE4T,,无等级,,39611.0
慈溪益方内科诊所,91330282MACYDX7A70,,无等级,,40371.0
慈溪相艺医疗美容诊所,91330282MA2KN75809,,无等级,,40404.0
慈溪碧伊妍医疗美容诊所,91330282MAC2RH5140,,无等级,,39675.0
慈溪福瑞口腔诊所,92330282MA2CJ4UJ2W,,无等级,,40291.0
慈溪福至口腔诊所,92330282MA2GRBX37B,,无等级,,40258.0
慈溪科甲诊所,91330282MA2J6UP952,,无等级,,39673.0
慈溪程君诊所,91330282MAELQ6DA4A,,无等级,,40033.0
慈溪红房子诊所,91330282753273791Q,,无等级,,40387.0
慈溪美年综合门诊部,91330282MA2AHUX98X,未定级,未定级,,39709.0
慈溪美益口腔诊所,91330282MA2J50UC4X,,无等级,,40226.0
慈溪美莛西医诊所,91330282MACY3XYC0H,,无等级,,39690.0
慈溪翁氏诊所,913302827532631557,,无等级,,40420.0
慈溪耐之鑫诊所,91330282MAEGNHCR60,,无等级,,39620.0
慈溪聚康诊所,91330282MACQ7N855R,,无等级,,39679.0
慈溪肤魅佳医疗美容诊所,91330282MADW4K0A8E,,无等级,,39608.0
慈溪胜山丁渝波中西医结合诊所,92330282MA2EHCYEXL,,无等级,,40225.0
慈溪胜山潘华素内科诊所,92330282MA2EHR7L6Y,,无等级,,40392.0
慈溪胜灶诊所,91330282MADPLHXN2D,,无等级,,40317.0
慈溪至合口腔诊所,91330282MABTNC7B68,,无等级,,40287.0
慈溪致颜医疗美容诊所,91330282MA2J6Y8A6N,,无等级,,40148.0
慈溪艺博博齐口腔诊所,92330282MADJTUUK2M,,无等级,,40052.0
慈溪艺博口腔诊所,91330282MA2H8L1T0H,,无等级,,39633.0
慈溪花蕾悦红医疗美容诊所,91330282MA2GU6WRXY,,无等级,,39710.0
慈溪芸贵内科诊所,91330282MAEE4Y9E1H,,无等级,,39684.0
慈溪茉奈医疗美容诊所,91330282MAELC88K3M,,无等级,,39678.0
慈溪董超口腔诊所,92330282MA7H5BBW4C,,无等级,,40244.0
慈溪蒙成内科诊所,91330282MA2H74GX74,,无等级,,40379.0
慈溪蔡浙尚口腔诊所,92330282MA2J45C69B,,无等级,,40279.0
慈溪薇尼格融美医疗美容诊所,91330282MACH0LLY3T,,无等级,,40319.0
慈溪观海卫唐建明内科诊所,92330282MA2EJH8W6T,,无等级,,40440.0
慈溪观海卫姜吉中医诊所,92330282MA2J685M4Q,,无等级,,40422.0
慈溪观海卫方霖如内科诊所,92330282MA293WCRX4,,无等级,,40444.0
慈溪观海卫杜建枫中医诊所,92330282MA293UD34E,,无等级,,40424.0
慈溪观海卫袁益妹内科诊所,92330282MA2EK55Q04,,无等级,,40436.0
慈溪观海卫陈定口腔诊所,92330282MAE8TK1U43,,无等级,,40187.0
慈溪诗康诊所,91330282MADN9AMF08,,无等级,,40315.0
慈溪诚诺口腔诊所,91330282MA2GTL1J28,,无等级,,40286.0
慈溪诚适口腔诊所,91330282MAE011PU5X,,无等级,,39621.0
慈溪诺康中西医结合诊所,91330282MADKDURK7T,,无等级,,40344.0
慈溪谢氏口腔诊所,92330282MAC1924504,,无等级,,40248.0
慈溪贝博口腔诊所,91330282MAE62KF09A,,无等级,,40076.0
慈溪财元内科诊所,91330282MA2H5BBA51,,无等级,,40425.0
慈溪贤才内科诊所,TE3302823300514270,,无等级,,40449.0
慈溪赫奈医疗美容诊所,91330282MA2GTXQ5X2,,无等级,,40410.0
慈溪达康诊所,91330282MAD14K7N04,,无等级,,39681.0
慈溪逍林刘一夫口腔诊所,92330282MA2AHHHM7P,,无等级,,40293.0
慈溪逍林岑伟义内科诊所,92330282MA2EH4UT5U,,无等级,,40416.0
慈溪逍林岑园园口腔诊所,92330282MA2AEUPX73,,无等级,,40259.0
慈溪逍林岑志乔口腔诊所,92330282MA283KC64F,,无等级,,40341.0
慈溪逍林黄芸芹口腔科诊所,TE3302823300351310,,无等级,,40408.0
慈溪道一堂中医诊所,91330282MAE548MY9Q,,无等级,,40201.0
慈溪金南内科诊所,91330282MA2GW94U5U,,无等级,,40442.0
慈溪铭宏诊所,91330282MAG0GANY5W,,无等级,,39640.0
慈溪锋锐内科诊所,91330282MA2J6CCR08,,无等级,,40443.0
慈溪锦云诊所,91330282MAD6L0MQ3E,,无等级,,40208.0
慈溪锦涵内科诊所,91330282MAEUGWJD1K,,无等级,,39665.0
慈溪锦田诊所,91330282MACT1XX358,,无等级,,39649.0
慈溪锦皓口腔诊所,91330282MACDJ4734M,,无等级,,40246.0
慈溪锦辉诊所,91330282MACPPGPB0K,,无等级,,40352.0
慈溪长河利平诊所,52330282MJ90870683,,无等级,,40399.0
慈溪长河励柯杰口腔诊所,92330282MA2EGM3261,,无等级,,40260.0
慈溪长河孔万成中西医结合诊所,92330282MA2EHJT45L,,无等级,,40459.0
慈溪长河邹伟权诊所,52330282MJ9087041B,,无等级,,40452.0
慈溪阳扬诊所,91330282MAEPLJH69U,,无等级,,40019.0
慈溪附海胡校静中医诊所,92330282MA2H4Q0A06,,无等级,,40179.0
慈溪附海陈洁妮口腔诊所,92330282MA2907NQ7Q,,无等级,,40326.0
慈溪附海高升诊所,913302823090773000,,无等级,,40351.0
慈溪陆丽芳儿科诊所,92330282MABM93KQ4X,,无等级,,40400.0
慈溪陈博韬口腔诊所,92330282MA2J4Q0T82,,无等级,,40292.0
慈溪陈纪浩中医诊所,92330282MAE7HH42X1,,无等级,,40197.0
慈溪陈能军口腔诊所,92330282MAE62EHL7W,,无等级,,40188.0
慈溪雅卫仕口腔诊所,91330282MAK1MLH85X,,无等级,,39639.0
慈溪雅友口腔诊所,91330282MA2CM9UW9B,,无等级,,39711.0
慈溪雅尔口腔诊所,91330282MAD3QHFFXM,,无等级,,40312.0
慈溪雅洁口腔诊所,91330282MA2GRQKL2M,,无等级,,39700.0
慈溪顶格口腔诊所,92330282MA2EHYTU9F,,无等级,,39674.0
慈溪顺元诊所,91330282MADFWTXK1H,,无等级,,40353.0
慈溪顺来诊所,91330282MAD7PD1A7J,,无等级,,40366.0
慈溪鸿森诊所,91330282MAD7LLHE1A,,无等级,,40360.0
慈溪鸿正康中医诊所,91330282MABWXCE91R,,无等级,,40229.0
慈溪鸿济中西医结合诊所,91330282MAD6LH9JXF,,无等级,,40210.0
慈溪鼎康口腔诊所,91330282MACARPHT9D,,无等级,,40262.0
慈溪鼎皓口腔诊所,91330282MA2J5Y8A0C,,无等级,,39619.0
慈溪龙健诊所,91330282MADMFHTY1M,,无等级,,40218.0
慈溪龙山亚定中医诊所,92330282MA2GRAJ19R,,无等级,,40383.0
慈溪龙山徐云波内科诊所,92330282MA293LTY5L,,无等级,,40448.0
慈溪龙山翁海玲口腔诊所,92330282MA291YE65G,,无等级,,40257.0
慈溪龙山蔡绿树口腔诊所,92330282MADM2RAY7F,,无等级,,40237.0
慈溪龙康诊所,91330282MACE5JXD79,,无等级,,40419.0
慈溪龙瑞诊所,91330282MABXWPPB92,,无等级,,40314.0
慈溪龙科诊所,91330282MACE5GLH5M,,无等级,,40220.0
慧芳口腔诊所,92330602MA2BDBA723,,无等级,,54333.0
戚晓波口腔诊所,92330602MA2FGTEW1A,,无等级,,54332.0
振华口腔诊所,92330411MA2CUJB66C,,无等级,,51324.0
摩瑞医疗管理（杭州）有限公司滨江齿科诊所,91330108MACYAY9UXN,,无等级,,33398.0
文成余有才内科诊所,92330328MA2JAALF6A,,无等级,,49689.0
文成全明口腔诊所,92330328MA298B5JX0,,无等级,,49633.0
文成叶向东内科诊所,92330328MA2AW9DL3X,,无等级,,49700.0
文成吴莉莉中医综合诊所,92330328MAEQB5Y22N,,无等级,,49610.0
文成嘉洁口腔诊所,91330328MACREQGA4F,,无等级,,49623.0
文成夏冬外科诊所,92330328MAEJHJRJ1L,,无等级,,49631.0
文成大峃尚善口腔诊所,91330328MAE4HTJT6D,,无等级,,49634.0
文成宸隆内科诊所,92330328MA2CTLBK0D,,无等级,,49670.0
文成康健内科诊所,91330328MACR6KQL8H,,无等级,,49622.0
文成张仕静内科诊所,92330328MAC91J0D0Y,,无等级,,49698.0
文成张思德内科诊所,92330328MA2J9L8G6P,,无等级,,49714.0
文成张晓亮口腔诊所,92330328MA2CR9DQ9J,,无等级,,49701.0
文成徐昭洲内科诊所,92330328MA297H038N,,无等级,,49692.0
文成文忠口腔诊所,91330328MADDWLGH5G,,无等级,,49629.0
文成方安慰内科诊所,92330328MA287GYY4N,,无等级,,49715.0
文成李亚口腔诊所,92330328MABLL5J3X0,,无等级,,49711.0
文成林建华内科诊所,92330328MA2H94479T,,无等级,,49690.0
文成林源口腔诊所,92330328MA2CP8DR3A,,无等级,,49684.0
文成洁雅口腔诊所,91330328MACX62P226,,无等级,,49685.0
文成牛绍鹏口腔诊所,91330328MA29951U3H,,无等级,,49703.0
文成王树标口腔诊所,92330328MA287H0X2C,,无等级,,49707.0
文成王玉斌内科诊所,92330328MACMBX834A,,无等级,,49696.0
文成福康内科诊所,91330328MACQTEQY2D,,无等级,,49699.0
文成耿敏口腔诊所,92330328MAE4178Q44,,无等级,,49632.0
文成蔡宝忠内科诊所,92330328MA2C0R2AXM,,无等级,,49686.0
文成赵志辉内科诊所,92330328MA2CQ1EB5W,,无等级,,49712.0
文成赵汉建口腔诊所,92330328MA2C93HE1Y,,无等级,,49709.0
文成赵沛治内科诊所,91330328MA285X3B4B,,无等级,,49706.0
文成都正荣内科诊所,92330328MACTN9PF7N,,无等级,,49695.0
文成钟仙元内科诊所,92330328MACDBPEK1K,,无等级,,49697.0
文成钟定都内科诊所,92330328MAEDJ5A48K,,无等级,,49668.0
文成钟秀萍内科诊所,92330328MAE3P4JR40,,无等级,,49669.0
文成陈英辉口腔诊所,92330328MA7BYAHN9H,,无等级,,49710.0
文成马定方口腔诊所,92330328MA2AUEX36W,,无等级,,49708.0
斌桓堂（杭州）健康管理有限公司萧山市心中路诊所,91330109MACKGGEN5Y,,无等级,,37974.0
斐达口腔诊所,92330902MA2EU2G98C,,无等级,,63002.0
新埭费明芳诊所,91330482MA2CXBJU8T,,无等级,,51553.0
新塍美鑫口腔诊所,91330411MADG79KL71,,无等级,,51297.0
新昌丁国三中医诊所,92330624MA2FB6LL68,,无等级,,55111.0
新昌中康全科诊所,91330624MAD0FYP04B,,无等级,,55103.0
新昌乐齿口腔诊所,92330624MAEHXH9NXD,,无等级,,54853.0
新昌云朵口腔诊所,92330624MACTTDM5XN,,无等级,,55102.0
新昌俞上燕口腔诊所,92330624MA28989M6P,,无等级,,55118.0
新昌俞录妃西医诊所,92330624MA2FGFAN43,,无等级,,55115.0
新昌元汐医疗美容诊所,91330624MAE1L0RE4U,,无等级,,55078.0
新昌博亿口腔诊所,92330624MA29EMMY33,,无等级,,55080.0
新昌县医草堂中医诊所有限公司中医综合诊所,91330624MAD8QQT48U,,无等级,,55086.0
新昌县协正中医诊所有限公司中医（综合）诊所,91330624MAC1ETRP1W,,无等级,,55096.0
新昌县善愈堂中西医门诊有限公司中西医结合诊所,91330624MACJFY561A,,无等级,,55105.0
新昌县颐和诊所,TE3306243300034080,,无等级,,55113.0
新昌哲跃西医诊所,91330624MA288G3T1G,,无等级,,55097.0
新昌国超西医诊所,92330624MA29CTBC16,,无等级,,55108.0
新昌天姥中医诊所,92330624MA2BDUU47F,,无等级,,55119.0
新昌安民中医综合诊所,91330624MA2JQJB44L,,无等级,,55106.0
新昌康乐中医诊所,91330624MA2D7BHC75,,无等级,,55085.0
新昌慈恩中医诊所,91330624MA2D85CG79,,无等级,,55110.0
新昌慧诺口腔诊所,91330624MACXUE2T0G,,无等级,,55098.0
新昌承恩堂中医综合诊所,91330624MA2JQW760U,,无等级,,54836.0
新昌新澄内科诊所,91330624MAD91B506W,,无等级,,55095.0
新昌星璨医疗美容诊所,91330624MACGK78H1A,,无等级,,55104.0
新昌普济中医综合诊所,91330624MA2JPHMY9Q,,无等级,,54851.0
新昌朗朗口腔诊所,91330624MADX97G43T,,无等级,,55083.0
新昌杨帆口腔诊所,91330624MACXPD5R3K,,无等级,,55047.0
新昌正雅口腔诊所,91330624MAEAUBR66N,,无等级,,55076.0
新昌汪晓琴内科诊所,92330624MA2897U15Y,,无等级,,55084.0
新昌潘梅芳中医综合诊所,91330624MA2JUBRH20,,无等级,,54850.0
新昌爱芽口腔诊所,91330624MAEPRJKNX1,,无等级,,54848.0
新昌爱齿口腔诊所,92330624MA29CYAK4X,,无等级,,55120.0
新昌王仁尧中医诊所,92330624MA2FH2BP7W,,无等级,,55112.0
新昌王大伟中医诊所,92330624MA288W869L,,无等级,,55117.0
新昌王小青西医诊所,92330624MADYUJPU1E,,无等级,,55081.0
新昌王运宝口腔诊所,92330624MADXT46756,,无等级,,54844.0
新昌璟和口腔诊所,91330624MACTLQQL8A,,无等级,,54858.0
新昌益新口腔诊所,91330624MA29BMBJ4W,,无等级,,55089.0
新昌石红口腔诊所,92330624MA29BYE35F,,无等级,,55107.0
新昌艺素美医疗美容诊所,91330624MA2BF9P49F,,无等级,,55090.0
新昌艾心口腔诊所,92330624MACY5FEA9C,,无等级,,55094.0
新昌艾米口腔诊所,91330624MAECWX2L25,,无等级,,54852.0
新昌茹建良西医诊所,91330624MADLEHMW4T,,无等级,,55093.0
新昌蔡伯华口腔诊所,92330624MA29C1CM3N,,无等级,,55116.0
新昌贾轩叶西医内科诊所,92330624MA2FB5BR9C,,无等级,,55109.0
新昌道嵩内科诊所,91330624MADNQUJ22K,,无等级,,55092.0
新昌锐齿口腔诊所,92330624MAD0PYCM6K,,无等级,,55100.0
新昌雅尔口腔诊所,91330624MAEDRJCR0Q,,无等级,,55052.0
新昌青芸口腔诊所,92330624MADBT8F57U,,无等级,,55088.0
新昌颐德堂中医诊所,91330624MABUTCWM99,,无等级,,55114.0
新昌鹿姿医疗美容诊所,91330624MADY0MC75F,,无等级,,54835.0
方书演口腔诊所,92330702MA2FPKXA78,,无等级,,57741.0
方哲诊所,TE3303033300340420,,无等级,,48251.0
施振中中医康复诊所,92330702MA2EBX1R0U,,无等级,,57681.0
施锦海内科诊所,92330302MA2C61QX2X,,无等级,,48881.0
旭东口腔诊所,92330702MA2FJPRR9D,,无等级,,57744.0
明润（杭州）诊所,91330105MADL6MG639,,无等级,,34195.0
明豹中西医诊所,92330411MAD96XH18Q,,无等级,,51306.0
易心堂大药房连锁股份有限公司下元塘药房中医诊所,91330683MA2BDPQ72N,,无等级,,54759.0
易心堂大药房连锁股份有限公司鹿鸣药房中医诊所,91330683MA29CEA9XY,,无等级,,54760.0
春晖诊所,92330401MA29HJG72Q,,无等级,,51301.0
晓养堂（杭州）中医诊所,91330102MA7D9KP712,,无等级,,36476.0
普元（杭州）健康管理有限责任公司萧山开元名郡诊所,91330109MA2KDKY6X4,,无等级,,38275.0
普陀伊呐医疗美容诊所,91330903MACFLDM7X3,,无等级,,63142.0
普陀佑美医疗美容诊所,91330900MAEG1U4F2W,,无等级,,63087.0
普陀元晟医疗诊所,52330903MJ9779937F,,无等级,,63116.0
普陀区心研所泗湾诊所,TE3309033300332640,,无等级,,63153.0
普陀周氏诊所,91330900MACDXAWM12,,无等级,,63187.0
普陀品尚口腔诊所,92330903MA2DNB454X,,无等级,,63199.0
普陀嘉洁口腔诊所,92330903MA2DNDFGXK,,无等级,,63219.0
普陀妙康诊所,91330903MA2DMJDB7E,,无等级,,63082.0
普陀布衣健联堂诊所,91330903MA2A27B18H,,无等级,,63100.0
普陀平易堂诊所,91330901MA7DK3C64G,,无等级,,63108.0
普陀广爱诊所,91330903MA2DM1G4XH,,无等级,,63173.0
普陀星誉口腔诊所,92330903MA2DMYQ352,,无等级,,63201.0
普陀普兴医疗诊所,91330901MADJ9JB25T,,无等级,,63109.0
普陀枫瑜堂中西医结合诊所,92330903MA2A23FD0U,,无等级,,63144.0
普陀泊宥堂诊所,91330903MAE0DQGP0C,,无等级,,63122.0
普陀爱馨口腔诊所,92330903MA2A34E06A,,无等级,,63152.0
普陀笑果口腔诊所,92330903MAG15HTEX1,,无等级,,63031.0
普陀素英诊所,91330903MA28K8AM2K,,无等级,,63191.0
普陀艾莱伊医疗美容诊所,91330903MACNAUXC42,,无等级,,63177.0
普陀西达诊所,92330903MA7D51XT94,,无等级,,63208.0
普陀鑫洁诊所,92330903MADGECJPXJ,,无等级,,63141.0
普陀长河中西医结合诊所,92330903MA2EUE2LXE,,无等级,,63174.0
普陀陈纪叶口腔诊所,92330903MA2ETBE78N,,无等级,,63163.0
普陀静妍医疗美容诊所,91330900MACUMHDL77,,无等级,,63156.0
普陀高修献诊所,92330903MACGCH1CX5,,无等级,,63183.0
景宁严邦良中西医结合诊所,92331127MA2A1E118C,,无等级,,67379.0
景宁九美鱼医疗美容诊所有限公司,91331127MAC0P9TR57,,无等级,,67378.0
景宁叶培全内科诊所,92331127MAECKRNW4D,,无等级,,67365.0
景宁吴景维诊所,92331127MA28JHWF4U,,无等级,,67385.0
景宁周明健诊所,92331127MA2HLHBM7H,,无等级,,67384.0
景宁好口福口腔诊所,92331127MA2FYW672Y,,无等级,,67387.0
景宁康和诊所,92331127MA2E3UGR4M,,无等级,,67320.0
景宁康睿吴氏诊所,91331127MAETF4GR4Q,,无等级,,67321.0
景宁张小光内科诊所,92331127MA7BGL6C0C,,无等级,,67383.0
景宁微笑口腔诊所,92331127MA2FY1DB51,,无等级,,67388.0
景宁新慧康诊所,92331127MAEH8U6958,,无等级,,67364.0
景宁民康中西医内科诊所,92331127MA2FXAEL20,,无等级,,67381.0
景宁爱齿口腔诊所有限公司,91331127MACNK2QK3N,,无等级,,67373.0
景宁畲族自治县喜牙牙口腔诊所,92331127MA7G513X3L,,无等级,,67380.0
景宁畲族自治县蓝钱进口腔诊所,92331127MA2FXDM267,,无等级,,67390.0
景宁畲族自治县鹤溪街道社区卫生服务中心（景宁畲族自治县人民医院医共体鹤溪院区）,12332529472551054H,一级,一级,未定级,67322.0
景宁畲正堂中医骨伤科诊所,92331127MA2E34A209,,无等级,,67377.0
景宁胡云卫诊所,91331127MA28J1JQ88,,无等级,,67376.0
景宁陈杰诊所,92331127MA28JTL20M,,无等级,,67382.0
景宁陈济生中西医诊所,92331127MA2A0YUB3N,,无等级,,67362.0
景宁陈海波中西医诊所,92331127MA2A1QYY0E,,无等级,,67386.0
智汇家（杭州）健康管理有限责任公司萧山星畈里诊所,91330109MADLT69D8G,,无等级,,38393.0
曹运昌中医针灸推拿诊所,92330604MA2D6BAU4R,,无等级,,53961.0
朱丽珠内科诊所,92330302MA29752C19,,无等级,,49013.0
朱家尖大洞岙口腔诊所,92330901MA2EU3B48K,,无等级,,63165.0
朱家尖百益口腔诊所,92330901MA2ETXQ31T,,无等级,,63207.0
朱家尖福兴诊所,91330901MA2A2C5R69,,无等级,,63189.0
朱小明口腔诊所,TE3308223300510630,,无等级,,61088.0
朱桂富西医内科诊所,92330702MA29MWUY5D,,无等级,,57704.0
李军民中医针灸诊所,92330902MA2ETNAWXP,,无等级,,63005.0
李国强中医诊所,TE3308223300305430,,无等级,,61078.0
李岩口腔诊所,92330702MA2FQ7JU1R,,无等级,,57748.0
李永华口腔诊所,92330602MA2FCJ6J56,,无等级,,54352.0
李芳口腔诊所,92330824MA2FU7YP8P,,无等级,,61622.0
李芳妇科诊所,92330702MA2FJKM105,,无等级,,57696.0
李路斯口腔诊所,92330702MA2FP1F68M,,无等级,,57751.0
李雪娇内科诊所,92330302MA29759C6G,,无等级,,48835.0
杏林诊所,91330411MAD76MRM19,,无等级,,51277.0
杨伟君诊所,TE3308223300298220,,无等级,,61092.0
杨建红口腔诊所,92330411MA29G8358Y,,无等级,,51326.0
杨建英口腔诊所,92330702MA2FPEYH4P,,无等级,,57736.0
杨文俊口腔诊所,92330702MA29QNTE2R,,无等级,,57646.0
杨秋涛中医诊所,92330602MACK0WU64H,,无等级,,54331.0
杭州一九堂健康管理有限公司余杭中医综合诊所,91330110MAECFN7375,,无等级,,38774.0
杭州一九堂健康管理有限公司天运路中医诊所,91330104MA2HYJC26H,,无等级,,35822.0
杭州一九堂健康管理有限公司玉古路中医（综合）诊所,91330106MA27WCLD4C,,无等级,,37481.0
杭州一口好牙健康管理有限公司余杭良渚口腔诊所,91330110MA2GL5YN8A,,无等级,,39093.0
杭州一口媄呀医疗美容诊所,91330108MAD8GC1T1B,,无等级,,34471.0
杭州一皆健康管理咨询有限公司秋涛北路医疗美容诊所,91330104MA28UUW31G,,无等级,,36550.0
杭州一联康中医诊所,91330106MAE68R9D98,,无等级,,37508.0
杭州一肤医疗美容诊所,91330105MAEJY6UQ5Y,,无等级,,34263.0
杭州一脉堂中医诊所,91330106MA2805NB89,,无等级,,37565.0
杭州一脉相承网络科技有限公司余杭未来科技城中医诊所,91330110MA28TTUD2Y,,无等级,,38982.0
杭州一良健康管理有限公司金顶苑中医诊所,91330406MA2H2AEJ91,,无等级,,37574.0
杭州一芥籽健康管理有限公司萧山三江路中医诊所,91330109MA2KC25R2K,,无等级,,38169.0
杭州丁兰府中医诊所,91330102MADWWGN20D,,无等级,,36429.0
杭州丁康健康管理有限公司萧山靖江路诊所,91330109MA2GYG0202,,无等级,,38625.0
杭州丁桥爱尔眼科诊所,91330102MA7FCL2F1N,,无等级,,36640.0
杭州七古中医诊所,91330105MA2KDC8P8B,,无等级,,34845.0
杭州七月口腔诊所,TE3301063300704910,,无等级,,37211.0
杭州七益堂诊所,92330101MA280UWW57,,无等级,,36817.0
杭州万世医疗科技有限公司余杭良渚七贤山居内科诊所,91330110MA28TNE59M,,无等级,,39115.0
杭州万世医疗科技有限公司滨康诊所,91330108MA27X5AB4K,,无等级,,33476.0
杭州万世医疗科技有限公司祥符诊所,91330105MA2CE6BN23,,无等级,,34681.0
杭州万刚医疗管理有限公司文三西路中医诊所,91330106MAE5MQU09U,,无等级,,37510.0
杭州万承志堂健康管理有限公司城西中医诊所,91330106321884900Y,,无等级,,37258.0
杭州万景健康管理有限公司萧山金珺澜庭中西医结合诊所,91330109MAE4LXBX08,,无等级,,38258.0
杭州万松堂中医诊所,91330105MAEKQPLK8A,,无等级,,34119.0
杭州万氏中医诊所,91330102MADWUGN03W,,无等级,,35927.0
杭州万民中西医结合诊所,91330102MACUT2XU51,,无等级,,36292.0
杭州万诚堂健康管理有限公司萧山南丰路中西医结合诊所,91330109MAD2CME90H,,无等级,,38441.0
杭州三为健康管理有限公司九环路中西医结合诊所,91330102MACB4G3K7W,,无等级,,36671.0
杭州三弦医疗健康有限公司萧山瓜沥新友路诊所,91330109MAE1EF0C9Q,,无等级,,37823.0
杭州三慎泰小和中医诊所,91330102341795454T,,无等级,,35980.0
杭州三泰健康管理有限责任公司三号大街诊所,91330100MA2KHQNL0C,,无等级,,36997.0
杭州三目家高朗诊所,91330105MADHKHGR40,,无等级,,34640.0
杭州三石医疗管理有限公司大江东新湾蓝色港湾诊所,91330100MA2CF7KU5M,,无等级,,33104.0
杭州三羊口腔医疗管理有限公司余杭五常口腔诊所,91330110MAD5UB6J2L,,无等级,,38958.0
杭州三鸿健康管理有限公司萧山瓜沥友谊路诊所,91330109MA2GKEC09C,,无等级,,38614.0
杭州上善口腔诊所,91330105MAEA3WBF8D,,无等级,,34226.0
杭州上城丁新民口腔诊所,92330102MA28XMMX8D,,无等级,,36679.0
杭州上城东哲口腔诊所,92330104MA2ABP8P33,,无等级,,36530.0
杭州上城吴云才口腔诊所,92330104MA2BK2XW7L,,无等级,,36317.0
杭州上城好地方中医诊所,52330102MJ8781832A,,无等级,,36371.0
杭州上城梁德斐中医诊所,92330104MA2BP311X4,,无等级,,35774.0
杭州上城浣纱口腔诊所,92330102MA2AC14W5K,,无等级,,36328.0
杭州上城爱之原九华诊所,52330104328227890R,,无等级,,36138.0
杭州上城翁曼丽口腔诊所,92330104MA2BP9PL2C,,无等级,,36692.0
杭州上城胡佳口腔诊所,92330102MA2BR6YK46,,无等级,,36525.0
杭州上城蔡立松中医诊所,92330102MAERQ2LAXB,,无等级,,35955.0
杭州上城郑建森口腔诊所,92330102MA2BP2UC18,,无等级,,36108.0
杭州上城黄健口腔诊所,92330102MACBN1WL28,,无等级,,36596.0
杭州下城付淑萍口腔诊所,92330103MA2BNGE17H,,无等级,,34846.0
杭州下城和康元中医诊所,91330103MA2CD2EA9U,,无等级,,34779.0
杭州下城德雅口腔诊所,92330103MA2BQXQB85,,无等级,,34851.0
杭州下城百会堂中医诊所,92330103MA2B21HTX9,,无等级,,34711.0
杭州下城联夏西医内科诊所,92330103MA28RMGU2U,,无等级,,34782.0
杭州下城高幼国口腔诊所,92330103MA2ABXHM8G,,无等级,,34828.0
杭州世峰嘉瑞医疗美容诊所,91330106MADL0AYW56,,无等级,,37529.0
杭州世杰中医诊所,91330102MADXWLC419,,无等级,,36379.0
杭州世济汇康健康管理有限公司二十四号大街诊所,91330101MA2GMKGCXD,,无等级,,36989.0
杭州东仁堂东临口腔诊所,91330104MA27W65F2T,,无等级,,36573.0
杭州东仁堂芳仁中医诊所,913301043524368874,,无等级,,36092.0
杭州东吴健康管理有限公司东洲中医诊所,TE3301833300505310,,无等级,,33907.0
杭州东吴医庐中医诊所,91330183MA2KKPDGXE,,无等级,,33439.0
杭州东岸诊所,92330114MA8GG5MQX7,,无等级,,37009.0
杭州东杭医院管理有限公司东城大厦诊所,91330114MA2KL3Y91A,,无等级,,37026.0
杭州东柴口腔诊所,913301047654649232,,无等级,,36741.0
杭州东灵健康管理有限公司萧山党湾文化路诊所,91330109MAE6YTWA8T,,无等级,,38260.0
杭州东都中医诊所,91330102MADP0CXJ16,,无等级,,36460.0
杭州东铮健康管理有限公司萧山赭山家园诊所,91330109MAE7L1006U,,无等级,,38308.0
杭州两岸瑞皇医疗美容诊所,TE3301083300522350,,无等级,,33463.0
杭州中北桥诊所,91330103790922404Y,,无等级,,34763.0
杭州中和云洲中西医结合诊所,91330106MAE4MDDK8T,,无等级,,37505.0
杭州中和云洲医疗科技有限公司余杭中医综合诊所,91330110MABYR9WB3K,,无等级,,38813.0
杭州中和健康管理服务有限公司萧山济仁华庭诊所,91330109MAG1EMKA2L,,无等级,,37837.0
杭州中安健康管理有限公司东梓关中医诊所,91330183MA2KCNCY13,,无等级,,33868.0
杭州中康源茂堂中医诊所,91330105MACWY8TD6W,,无等级,,34037.0
杭州中治中医诊所,91330104MA27WT5K6U,,无等级,,36729.0
杭州中睿医疗美容诊所,91330102MADTQ62N6N,,无等级,,36283.0
杭州中福堂健康管理有限公司萧山郁金香岸诊所,91330109MACDUKUW1X,,无等级,,38650.0
杭州临安严氏健康管理有限公司高虹南街中医诊所,TE3301853300486940,,无等级,,35139.0
杭州临安久康诊所,92330185MA2BJ4N44U,,无等级,,35035.0
杭州临安乔丹凤诊所,TE3301853300472020,,无等级,,35180.0
杭州临安乾锋健康管理有限公司前锋口腔诊所,91330185MA2GK5NR5K,,无等级,,35038.0
杭州临安云浪健康咨询有限公司河桥口腔诊所,91330185MA28X7JH72,,无等级,,35142.0
杭州临安云浪健康咨询有限公司湍口口腔诊所,91330185MA2B1W601G,,无等级,,35141.0
杭州临安亿美檀医疗美容诊所,91330185MACN8ADW50,,无等级,,35115.0
杭州临安伊代红口腔诊所,92330185MA28R00A70,,无等级,,35103.0
杭州临安伊缇娜健康管理有限公司临安医疗美容诊所,91330185MAEBG72K5G,,无等级,,35005.0
杭州临安余贤根牙科诊所,92330185MA2BPBW86H,,无等级,,35127.0
杭州临安俞小龙中医儿科诊所,92330185MA2B1K6688,,无等级,,35123.0
杭州临安傅月春诊所,92330185MA2H0LEW4Y,,无等级,,35113.0
杭州临安冠禾健康管理有限公司青云口腔诊所,91330185MADLQP6J3J,,无等级,,35073.0
杭州临安冯永增中医诊所,92330185MA2BJWMK56,,无等级,,35161.0
杭州临安凌碧云诊所,92330185MA2AD2KR4Q,,无等级,,35167.0
杭州临安刘丹诊所,92330185MA2GMGJT70,,无等级,,35151.0
杭州临安利贞元亨堂诊所,91330185MAEW21KU8N,,无等级,,34982.0
杭州临安卞贤荣口腔诊所,92330185MA28M5B01N,,无等级,,35105.0
杭州临安可昕医疗美容诊所,91330185MAEF26HQ4E,,无等级,,35020.0
杭州临安叶小红诊所,92330185MA28R32E0F,,无等级,,35135.0
杭州临安吴云珩口腔诊所,92330185MA28RMR66E,,无等级,,35121.0
杭州临安吴向阳诊所,92330185MA2GPHR34D,,无等级,,35170.0
杭州临安吴培哲口腔诊所,92330185MA2GKAEMOK,,无等级,,35165.0
杭州临安吴晋中医诊所,92330185MA28UM5U9B,,无等级,,35136.0
杭州临安吴燕诊所,92330185MA2GPA8K3P,,无等级,,35179.0
杭州临安周宁锋诊所,92330185MA280U2H1H,,无等级,,35111.0
杭州临安周小强诊所,92330185MA2BPAA750,,无等级,,35144.0
杭州临安周航口腔诊所,92330185MA2B1KRP7J,,无等级,,35117.0
杭州临安周雪恩诊所,92330185MA28REXW56,,无等级,,35155.0
杭州临安天目堂中西医结合诊所,91330185MADMT1D98K,,无等级,,34972.0
杭州临安季淑芬诊所,92330185MA2GM46E9Y,,无等级,,35194.0
杭州临安寅午戌健康管理有限公司明媛医疗美容诊所,91330185MA2HY7TC3W,,无等级,,35112.0
杭州临安尹萍儿科诊所,TE3301853300138970,,无等级,,35099.0
杭州临安帅建新诊所,92330185MA2BK2R749,,无等级,,35146.0
杭州临安常宏健康管理有限公司力宏诊所,91330185MA28MHCM0Q,,无等级,,35086.0
杭州临安常宏健康管理有限公司平山诊所,91330185MACQK2N976,,无等级,,35094.0
杭州临安应保团中医诊所,TE3301853300362490,,无等级,,35147.0
杭州临安康宁健康管理有限公司清凉峰口腔诊所,91330185MA2B2MQA9Y,,无等级,,35163.0
杭州临安张开运诊所,92330185MA28XY3G09,,无等级,,35187.0
杭州临安张晓华内科诊所,92330185MA28U5EC2M,,无等级,,35188.0
杭州临安张玲一中医诊所,TE3301853300359480,,无等级,,35134.0
杭州临安张辉中医诊所,TE3301853300096180,,无等级,,35120.0
杭州临安徐志英诊所,92330185MA28U8LG84,,无等级,,35173.0
杭州临安徐正方中医内科诊所,92330185MA2BLCLM12,,无等级,,35197.0
杭州临安徐永良口腔诊所,91330185321880942R,,无等级,,35126.0
杭州临安徐炳祥中医诊所,92330185MA2GN95C5N,,无等级,,35131.0
杭州临安徐磊口腔诊所,92330185MA28T9LJXN,,无等级,,35169.0
杭州临安徐祖法诊所,92330185MA28R0UJ1Y,,无等级,,35081.0
杭州临安徐选民西医内科诊所,92330185MA2BL2JG2C,,无等级,,35107.0
杭州临安德胜健康管理有限公司德康口腔诊所,91330185MA2GNF1AXN,,无等级,,35185.0
杭州临安惠仁健康管理有限公司江南路诊所,TE3301853300494310,,无等级,,35192.0
杭州临安惠心堂健康管理有限公司锦桥中医诊所,91330185MAC1HUWD4W,,无等级,,35125.0
杭州临安戴正高口腔诊所,92330185MA2B26QG46,,无等级,,35122.0
杭州临安控颜时代健康管理有限公司锦北医疗美容诊所,91330185MA7CQEEG0R,,无等级,,35140.0
杭州临安方海峰诊所,TE3301853300334170,,无等级,,35198.0
杭州临安方玲波诊所,92330185MA2GMEHE6C,,无等级,,35150.0
杭州临安方路口腔诊所,92330185MA28MC035A,,无等级,,35184.0
杭州临安明锦健康管理有限公司青山湖口腔诊所,91330185MA2B2GT505,,无等级,,35039.0
杭州临安晨芽口腔诊所,91330185MA7CTX965E,,无等级,,35097.0
杭州临安朱军中医诊所,92330185MA28UB909X,,无等级,,35085.0
杭州临安朱海炯诊所,92330185MA28UW172W,,无等级,,35183.0
杭州临安李林妹诊所,92330185MA28RHHE46,,无等级,,35132.0
杭州临安李美林诊所,92330185MA2ADLHF9L,,无等级,,35164.0
杭州临安杨岭董伟军口腔诊所（备案）,92330185MA7FFH968G,,无等级,,35181.0
杭州临安林青梅牙科诊所,92330185MA280PGG9U,,无等级,,35160.0
杭州临安楼岳松诊所,92330185MA2BJJK70N,,无等级,,35104.0
杭州临安楼建强中医诊所,92330185MA2BPJW7XA,,无等级,,35145.0
杭州临安楼永方口腔诊所,92330185MA2BPPDQ01,,无等级,,35172.0
杭州临安毛晓军诊所,92330185MA2BNPDFXR,,无等级,,35118.0
杭州临安汪微萍内科诊所,92330185MA2BLNYM4C,,无等级,,35070.0
杭州临安汪润颖中医诊所,92330185MA28U09L07,,无等级,,35116.0
杭州临安湛康中医诊所,91330185MADLMU3866,,无等级,,35052.0
杭州临安潘丽霞口腔诊所,TE3301853300395260,,无等级,,35193.0
杭州临安潘启君口腔诊所,92330185MA280Y940E,,无等级,,35128.0
杭州临安王海诊所,92330185MA2GM8LK41,,无等级,,35083.0
杭州临安王瑞芳口腔诊所,92330185MAEXJ3UPXT,,无等级,,34933.0
杭州临安琛琛健康管理有限公司赞平中医诊所,913301853281883933,,无等级,,35154.0
杭州临安童晓兵诊所,92330185MA28X18H05,,无等级,,35176.0
杭州临安罗丽萍诊所,92330185MA2BKJA13E,,无等级,,35067.0
杭州临安美视康诊所,91330185MABQL5C3XJ,,无等级,,35159.0
杭州临安聂会军诊所,92330185MA2BNEA755,,无等级,,35186.0
杭州临安苕溪妃妮施医疗美容诊所,91330185MACK2KJQ66,,无等级,,34963.0
杭州临安范宗杰诊所,92330185MA2H1DHN3U,,无等级,,35190.0
杭州临安蒋丽娟诊所,92330185MAC03J5842,,无等级,,34950.0
杭州临安蒋文锬牙科诊所,92330185MA28T9LT18,,无等级,,35171.0
杭州临安蓝奥医疗美容诊所,91330185MA7G7A1Y4L,,无等级,,35051.0
杭州临安蔡柳英口腔诊所,92330185MA28LDRJ57,,无等级,,35089.0
杭州临安蔡鸣内科诊所,92330185MA2BN66E5U,,无等级,,35114.0
杭州临安蘧冶萍诊所,92330185MA2KL5G76E,,无等级,,35148.0
杭州临安虞东浩口腔诊所,92330185MA2BKP0R95,,无等级,,35199.0
杭州临安西西里伊妍医疗美容诊所,91330185MACUDMGK2H,,无等级,,35061.0
杭州临安许静口腔诊所,92330185MA2GNNQRX8,,无等级,,35191.0
杭州临安诚诚健康管理有限公司於潜口腔诊所,91330185MA2GM1RJ50,,无等级,,35092.0
杭州临安谢旭明诊所,92330185MA2CGDPA5Y,,无等级,,35076.0
杭州临安谢金芳医疗美容诊所,92330185MA2KGWCR0Y,,无等级,,35143.0
杭州临安赵丽云内科诊所,92330185MA2BMXJ60N,,无等级,,34938.0
杭州临安赵小平中医诊所,TE3301853300149670,,无等级,,35091.0
杭州临安赵新花诊所,92330185MA28W4P610,,无等级,,35175.0
杭州临安路思彦健康管理有限公司竹林诊所,91330185MAD1BFFC69,,无等级,,35095.0
杭州临安郑伟文诊所,92330185MA2ABU0W32,,无等级,,35153.0
杭州临安金仙子诊所,91330185MAEFCG03XB,,无等级,,34998.0
杭州临安金芬芳口腔诊所,92330185MA2BM40H07,,无等级,,35133.0
杭州临安钟云祥中医诊所,92330185MA2BJ8E728,,无等级,,35182.0
杭州临安钱学军诊所,92330185MADGN6R84F,,无等级,,35079.0
杭州临安锦城名协诊所,91330185MAEE8FKL92,,无等级,,35009.0
杭州临安闵耀就诊所,92330185MA7K2PKY2G,,无等级,,35138.0
杭州临安阮亚平诊所,92330185MA28NBNR0Y,,无等级,,35174.0
杭州临安陆华东诊所,92330185MA2GM2RR35,,无等级,,35137.0
杭州临安陈义西医内科诊所,62330185MA28URT85F,,无等级,,35149.0
杭州临安陈国栋牙科诊所,62330185MA2ACX005H,,无等级,,35101.0
杭州临安韩军彦中医诊所,92330185MA2BLC9728,,无等级,,35156.0
杭州临安颐美健康管理有限公司昌化医疗美容诊所,91330185MA2KJ5LG0F,,无等级,,35106.0
杭州临安黄健中医内科诊所,913301850951905633,,无等级,,35166.0
杭州临安黄浩口腔诊所,91330185MA28NLQ65A,,无等级,,35044.0
杭州临安黄芳中西医结合诊所,TE3301853300498770,,无等级,,35096.0
杭州临平俞鉴牙科诊所,91330110079343603n,,无等级,,35671.0
杭州临平区塘栖曹艳中医诊所,92330110MA28MCYK01,,无等级,,35369.0
杭州临平华厦视光诊所,91330113MAD5R24H23,,无等级,,35551.0
杭州临平崇贤独山口腔诊所,91330110793670660B,,无等级,,35580.0
杭州临平沈伟口腔诊所,92330110MA2H0TTW1G,,无等级,,35673.0
杭州临平贝尔启航口腔诊所,91330110MA28MR3R12,,无等级,,35520.0
杭州临平赵天勤中医骨伤科诊所,92330110MA2BMX8NXK,,无等级,,35549.0
杭州临平迪贝雅虞悦医疗美容诊所,91330110MA2KEWDW7C,,无等级,,35674.0
杭州临平郑祝荣中医诊所,92330110MA2CCRTR6M,,无等级,,35659.0
杭州临平韩杰诊所,92330113MAC9WMLW7A,,无等级,,35652.0
杭州临平顾新达中医骨伤科诊所,92330110MA2BKWE14U,,无等级,,35632.0
杭州临平马幸福口腔诊所,92330110MA28L8YN0R,,无等级,,35623.0
杭州临平黄美华诊所,92330110MA2BLEN931,,无等级,,35579.0
杭州丹桂堂中医诊所,91330105MAD7NRPEX1,,无等级,,34687.0
杭州丹滋林中医诊所,91330106MABXTP361U,,无等级,,37186.0
杭州为善堂健康管理有限公司萧山育东路诊所,91330109MA2AY2CR82,,无等级,,38368.0
杭州为爱方兴中医诊所,91330104MA2KD46J46,,无等级,,36010.0
杭州为诚健康管理有限公司萧山大桥内科诊所,91330109MADJPK527W,,无等级,,38131.0
杭州丽在中医诊所,91330105MAEK6RY89X,,无等级,,34121.0
杭州丽央医疗美容诊所,91330104MA2B2ACW7D,,无等级,,36297.0
杭州丽昕口腔医疗有限公司余杭致美口腔诊所,91330110MA2GLB1KXY,,无等级,,39133.0
杭州丽涵医疗美容诊所,91330104MA27X06484,,无等级,,36720.0
杭州丽研医疗美容诊所,91330104MA2CENX6XH,,无等级,,36244.0
杭州丽齿医疗投资管理有限公司萧山南阳口腔诊所,91330109MA27YXBH1R,,无等级,,38519.0
杭州久乾诊所,91330113MADAH8QY8Y,,无等级,,35560.0
杭州久合健康管理有限公司新湾商贸中心中医诊所,91330114MA8GGDR008,,无等级,,33015.0
杭州久安堂中医综合诊所,91330113MA8GGTCL0J,,无等级,,35507.0
杭州久睦中医诊所,91330102MAC1KX260C,,无等级,,36736.0
杭州义俊健康管理有限公司陆家桥新苑中西医结合诊所,91330113MADHUP7X2N,,无等级,,35242.0
杭州义康健康管理有限公司义蓬路中医诊所,91330100MA2J2RLF98,,无等级,,33174.0
杭州之江壹号中医诊所,91330106MAEL90991J,,无等级,,37363.0
杭州之江度假区何海霞口腔诊所,92330106MA280QXU4B,,无等级,,37658.0
杭州之江度假区李世琼口腔诊所,92330106MA28TEQW1P,,无等级,,37654.0
杭州之江度假区毛卫苹口腔诊所,92330106MA2BNBJN5Y,,无等级,,37659.0
杭州之江度假区蒋渭仙中医诊所,92330106MA2KDWAM0T,,无等级,,37518.0
杭州之江王路明口腔诊所,92330106MA28LX0P7T,,无等级,,37642.0
杭州之江美约美颂医疗美容诊所,91330106MABU439520,,无等级,,37495.0
杭州之齐堂中医诊所,91330103MA2HYRAT63,,无等级,,34811.0
杭州之齿口腔诊所,91330106MAERQB4P9X,,无等级,,37178.0
杭州乐一健康管理咨询有限公司萧山观澜路医疗美容诊所,91330109MA2GKY488P,,无等级,,38685.0
杭州乐为医疗健康管理有限公司余杭竹海水韵乐为口腔诊所,91330110MA2GMPF33U,,无等级,,39139.0
杭州乐福堂中医诊所,91330102MAE6YD9M61,,无等级,,36376.0
杭州乐秀医疗美容诊所（普通合伙）,91330108084576778C,,无等级,,33378.0
杭州乐稳商业管理有限公司河庄诊所,91330114MA8GFJT63R,,无等级,,33195.0
杭州乐颜医疗美容诊所,91330102MADLXXHLXE,,无等级,,36391.0
杭州乐龄家誉福堂中医诊所,91330105MA7HLDMF84,,无等级,,34797.0
杭州乔爱中西医结合诊所,91330110MA2GYKJM6H,,无等级,,35681.0
杭州乔颜医疗美容诊所,91330102MADTR0BP9G,,无等级,,36410.0
杭州九享中医诊所,91330105MAE3RGNE79,,无等级,,34181.0
杭州九元馆中医诊所,91330105MACXQJH51E,,无等级,,34065.0
杭州九宏健康管理有限公司南苑口腔诊所,91330110MA2CG6Y28K,,无等级,,35442.0
杭州九欣医疗管理有限公司大江东新湾路广和诊所,91330100MA2CGYH85L,,无等级,,33147.0
杭州九瑞中医诊所,91330102MAE00TPP5M,,无等级,,36249.0
杭州九福诊所,91330104MA2CDCBC31,,无等级,,36615.0
杭州九钥医疗美容诊所,91330104MA28M85606,,无等级,,35821.0
杭州乾丰堂健康产业有限公司学正街诊所,91330114MA2KLC970Y,,无等级,,36917.0
杭州乾南益民中西医结合诊所,91330113MADKT1K74Q,,无等级,,35238.0
杭州乾楠口腔诊所,91330113MAEH5FU07U,,无等级,,35347.0
杭州乾隆堂健康管理有限公司萧山振宁路中医诊所,91330109MADT11BT2G,,无等级,,37786.0
杭州予美之钥医疗美容诊所,91330106MA2GNCAE14,,无等级,,37512.0
杭州云尚诊所,91330114MA8GFKKP4X,,无等级,,33069.0
杭州云康堂中医诊所,91330105MAD7YDC04X,,无等级,,34669.0
杭州云朵口腔诊所,91330108MAEPUF0H9W,,无等级,,33260.0
杭州云杏东陆中医诊所,91330102MAEG685DX5,,无等级,,36110.0
杭州云杏中医诊所,91330106MAD85N8M9W,,无等级,,37081.0
杭州云棠诊所,91330114MA8GF3540T,,无等级,,37021.0
杭州云樾府诊所,91330114MA8GJCB45L,,无等级,,36851.0
杭州云浦口腔诊所,91330106MA2KJ0YW03,,无等级,,37123.0
杭州云福瑞健康管理有限公司萧山金惠路口腔诊所,91330109MA2GMRQ20M,,无等级,,37847.0
杭州五养堂中医诊所,91330105MAD4XCT60G,,无等级,,34583.0
杭州五吉健康管理有限公司锦衣直街中医诊所,91330104MA28M8WJ91,,无等级,,36654.0
杭州五藏中西医结合诊所,91330102MADEWN7W70,,无等级,,36414.0
杭州五行医社健康管理有限公司二十二号大街中医诊所,91330114MA8GFCLB4L,,无等级,,37018.0
杭州亚典健康管理有限公司学林街口腔诊所,91330101MA2B16Q16J,,无等级,,36900.0
杭州亚尔健康管理有限公司丰庆路口腔诊所,91330105MA2B07AW55,,无等级,,34857.0
杭州亚杰健康咨询有限公司博园路西医内科诊所,91330110MA28WERN0F,,无等级,,38892.0
杭州亦真医疗美容诊所,91330108MAD8G57W59,,无等级,,33376.0
杭州亮丽口腔诊所,913301037909374540,,无等级,,34829.0
杭州亮帅健康管理有限公司临平乔司乔笕路口腔诊所,91330110MA2897880F,,无等级,,35465.0
杭州亮腾医院管理有限公司萧山平澜路医疗美容诊所,91330109MACUA7DC0L,,无等级,,38456.0
杭州亮鹏健康管理有限公司萧山衙前西医内科诊所,91330109MA2800CE9X,,无等级,,38671.0
杭州亲悦里中医诊所,91330102MACRXDRJ6M,,无等级,,36044.0
杭州亲邻好医医疗科技有限公司萧山时代大道中医诊所,91330109MA7E4G5F2J,,无等级,,38602.0
杭州人和堂健康管理有限公司萧山万达中路中医诊所,91330109MA7BP2JY0U,,无等级,,38694.0
杭州亿佑羲和堂中医诊所,91330110MACD35FKXM,,无等级,,34309.0
杭州亿品口腔诊所,91330105MA2CE8173C,,无等级,,34729.0
杭州亿扬健康管理有限公司萧山新甸路口腔诊所,91330109MAC6WWLE4P,,无等级,,38317.0
杭州亿缘医疗管理有限公司萧山益农弘扬诊所,91330109MA2J1XW58F,,无等级,,38428.0
杭州亿鼎医疗美容诊所,91330104MA2H3WW706,,无等级,,36718.0
杭州仁丰健康管理有限公司东小河街诊所,91330113MAEU7W9D9G,,无等级,,35302.0
杭州仁乐实业有限公司萧山众安花园口腔诊所,91330109MA2GYER86A,,无等级,,38503.0
杭州仁仁微雅口腔诊所,91330113MA7MMUNC6A,,无等级,,35616.0
杭州仁健医院管理有限公司义府名苑诊所,91330114MA8GHJMX0B,,无等级,,33113.0
杭州仁壹健康管理有限公司萧山大溪路中医诊所,91330109MA2HYC1A2U,,无等级,,37838.0
杭州仁德健康管理有限公司临平星源北路诊所,91330110MA2B13Q852,,无等级,,35668.0
杭州仁捷健康管理有限公司永清路诊所,91330103MA2B18Q89E,,无等级,,34767.0
杭州仁术医疗管理有限公司临平秀浦街医疗美容诊所,91330113MADFGRQM0W,,无等级,,35333.0
杭州仁术医疗管理有限公司萧山博奥路医疗美容诊所,91330109MA2KCNN89Q,,无等级,,38644.0
杭州仁欣中医诊所,91330105MADY25ER62,,无等级,,34604.0
杭州仁歆诊所,91330108MACFHK4B5F,,无等级,,33279.0
杭州仁泽健康管理有限公司临平乔司乔安路内科诊所,91330110MA27W6PK0L,,无等级,,35341.0
杭州仁泽健康管理有限公司临平乔司冯西诊所,91330110MA2802L74G,,无等级,,35629.0
杭州仁济健康管理有限公司临平东小河内科诊所,91330110MA2B2EKD3U,,无等级,,35657.0
杭州仁济堂中医诊所,91330106MA2B0MH33G,,无等级,,37613.0
杭州仁祥健康管理有限公司天城东路中医诊所,91330100MA2KD29619,,无等级,,36861.0
杭州仁福诊所,91330113MACJH7UP3G,,无等级,,35462.0
杭州仁聚堂健康管理咨询有限公司余杭仁和华庭中西医结合诊所,91330110MA2CEN465Y,,无等级,,39016.0
杭州仁聚堂健康管理有限公司水韵四维苑中西医结合诊所,91330113MADFB9NF8R,,无等级,,35446.0
杭州今医堂中医诊所,91330102MADAP1FH3W,,无等级,,36508.0
杭州今明健康管理有限公司萧山瓜沥人民路诊所,91330109MAEQ49LW8A,,无等级,,37993.0
杭州从林医疗设备有限公司富阳雁沙路诊所,91330183MADQL8X273,,无等级,,33865.0
杭州从泰口腔医院管理有限公司富阳金桥北路口腔诊所,91330183MAK0GX860A,,无等级,,33525.0
杭州仕安诊所,TE3301083300522340,,无等级,,33409.0
杭州仕恩健康管理发展有限公司江岸邻里诊所,91330102MADJP95C90,,无等级,,36467.0
杭州付伟良诊所,92330100MA2BLTAP2F,,无等级,,33119.0
杭州仝声中医诊所,91330102MAEE510W7L,,无等级,,36066.0
杭州仝声云音中医诊所,91330106MAK1FMYU86,,无等级,,37129.0
杭州仟佰俪健康管理有限公司临平仟佰俪医疗美容诊所,91330110MA2CD9F37T,,无等级,,35615.0
杭州仟益诊所,91330102MAEGML2C5K,,无等级,,35825.0
杭州仨益原健康管理有限公司萧山瓜沥内科诊所,91330109MA27XEHJ9H,,无等级,,38657.0
杭州仲业健康管理有限公司大江东义蓬江埠街东甫诊所,91330100MA2GLJEP5M,,无等级,,33024.0
杭州仲厦堂中医诊所,91330105MAD092611F,,无等级,,34713.0
杭州仲康健康管理有限公司华悦路中医诊所,91330103MA2H2QWP66,,无等级,,34707.0
杭州仲承健康管理有限公司明石路中医诊所,91330102MACHG5M056,,无等级,,36670.0
杭州任你美医疗美容服务有限公司海达南路医疗美容诊所,TE3301903300489520,,无等级,,36922.0
杭州伊倍莉医疗美容诊所,91330114MA8GH0J69C,,无等级,,36907.0
杭州伊扬健康管理有限公司西斗门路诊所,91330106MA2AY03C25,,无等级,,37634.0
杭州伊漾悦己医疗美容诊所,91330102MADY8EPU8H,,无等级,,35926.0
杭州伊甸媛医疗美容诊所,91330106MABYHB5A4T,,无等级,,37559.0
杭州伍衍生命健康管理有限公司萧山海清路诊所,91330109MAE57L8382,,无等级,,38237.0
杭州众享健康管理有限公司紫荆花路中医诊所,91330106MA28LAQ80P,,无等级,,37309.0
杭州众仁堂中医诊所,91330102MADBFKWE5G,,无等级,,36285.0
杭州众仙堂中医诊所,91330108MA2KG8NG50,,无等级,,33517.0
杭州众佳健康管理有限公司古墩路中医诊所,91330106MA2CEKJK7K,,无等级,,37610.0
杭州众暖乐医医疗有限公司新风路诊所,91330104MA2GN4W56R,,无等级,,35887.0
杭州众暖诊所,91330102MADLMPF11F,,无等级,,36489.0
杭州众暖资福诊所,91330102MAD19NYL13,,无等级,,35877.0
杭州众暖邻家诊所,91330102MADRHNX51R,,无等级,,35905.0
杭州众爱健康管理有限公司临平星光街诊所,91330113MA7JAW316D,,无等级,,35578.0
杭州众腾健康管理有限公司金家渡路口腔诊所,91330110MA27W6BK1K,,无等级,,38943.0
杭州众鑫康中西医结合诊所,91330102MADTABNB8T,,无等级,,36425.0
杭州优医惠医疗美容诊所,91330108MA2AXLMC5A,,无等级,,33437.0
杭州优妍投资管理有限公司大江东河景路诊所,91330100MA28UR3Q7J,,无等级,,33144.0
杭州优恩医疗美容诊所,91330106MADP9GR16R,,无等级,,37235.0
杭州优澜口腔诊所,91330106MAD1YYNR7K,,无等级,,37544.0
杭州优牙益健康管理有限公司环站北路口腔诊所,91330104MA2CFEQ4X1,,无等级,,36536.0
杭州优福健康管理咨询有限公司凤起中医诊所,91330103MA2J2U14XQ,,无等级,,34869.0
杭州优雅健康管理有限公司余杭羊城路口腔诊所,91330110MA2806PN1L,,无等级,,39097.0
杭州伟浩健康管理有限公司河东路中医诊所,91330100MA2KDQ6J4W,,无等级,,33157.0
杭州伟浩健康管理有限公司通围路中医诊所,91330114MA2KMPG41X,,无等级,,32995.0
杭州伟灵健康管理有限公司河景路中医诊所,91330114MA8GGCH47D,,无等级,,33178.0
杭州伟良健康管理有限公司萧山浦阳径游口腔诊所,91330109MA2KHG0Y3B,,无等级,,38087.0
杭州传宏中医诊所,91330105MAD42QCW4R,,无等级,,34213.0
杭州传林健康管理有限公司九州路中西医结合诊所,91330104MA28NXA905,,无等级,,36361.0
杭州传林健康管理有限公司格畈大厦中西医结合诊所,91330102MACNMEHJ1A,,无等级,,36083.0
杭州佐登微尔医疗美容诊所,91330105MACN7QYD16,,无等级,,34722.0
杭州体创诊所,91330105MA2J2U5N05,,无等级,,33500.0
杭州余慧堂中医诊所,91330106MA2H05MA14,,无等级,,37645.0
杭州余杭一杭口腔诊所,91330110MAE5R4A09J,,无等级,,38746.0
杭州余杭丁祖升中医内科诊所,92330110MA2BPW0H3Q,,无等级,,39148.0
杭州余杭七贤口腔诊所,91330110MA7MDNDP0J,,无等级,,38827.0
杭州余杭三屿医疗美容诊所,91330110MA8GF52JXN,,无等级,,38732.0
杭州余杭东东口腔诊所,91330110MADPG3Y21Q,,无等级,,38996.0
杭州余杭丽肌荟医疗美容诊所,91330110MA2J2419XU,,无等级,,39007.0
杭州余杭云会唯美口腔诊所,91330110MAD6G19Q6D,,无等级,,38987.0
杭州余杭云睦诊所,91330110MAEQPMQ166,,无等级,,38781.0
杭州余杭云诚诊所,91330110MA2J22YC97,,无等级,,39069.0
杭州余杭仁良中西医结合诊所,91330110MADJ5863XA,,无等级,,39010.0
杭州余杭传灯中医诊所,91330109MA2GYG661B,,无等级,,38993.0
杭州余杭何关有中草药肝胆诊所,92330110MA28LPDM3K,,无等级,,39114.0
杭州余杭何备连中西医结合诊所,92330110MA2AC9L11J,,无等级,,39128.0
杭州余杭余康诊所,91330110MADKGBX73X,,无等级,,39031.0
杭州余杭北嘉苑口腔诊所,91330110MA2H36PH7G,,无等级,,39048.0
杭州余杭区瓶窑镇盛剑华中医诊所,92330110MA2BN8GC8M,,无等级,,39101.0
杭州余杭区良渚沈玉梅西医内科诊所,92330110MA2BPAHW4M,,无等级,,39102.0
杭州余杭区良渚王桂兴中医内科诊所,92330110MA28M6MA6U,,无等级,,39137.0
杭州余杭医嘉怡甄僖医疗美容诊所,91330110MACL8MW99K,,无等级,,39076.0
杭州余杭华冠口腔诊所,91330110MAE5Q3TT99,,无等级,,38765.0
杭州余杭华恒口腔诊所,91330110MAE3BW221A,,无等级,,38926.0
杭州余杭博仁诊所,91330110MACPUFHF7L,,无等级,,38841.0
杭州余杭卫林鲲鹏诊所,91330110MACPNYH24K,,无等级,,39066.0
杭州余杭原泽诊所,91330110MADTLCRL8C,,无等级,,39000.0
杭州余杭可粒医疗美容诊所,91330110MAE60T007K,,无等级,,38986.0
杭州余杭叶东口腔诊所,91330110MACDQ1QJ66,,无等级,,39068.0
杭州余杭叶纪昌西医内科诊所,91330110079347655Y,,无等级,,39113.0
杭州余杭叶臻医疗美容诊所,91330110MAECHKKC69,,无等级,,38836.0
杭州余杭启康诊所,91330110MADBR4HM73,,无等级,,39005.0
杭州余杭天诗医疗美容诊所,91330110MA2J2C0Q42,,无等级,,38991.0
杭州余杭如鼓堂中医诊所,91330110MA7C2N6X2T,,无等级,,39083.0
杭州余杭姝童颜医疗美容诊所,91330110MAE5E5C03D,,无等级,,38894.0
杭州余杭安合口腔诊所,91330110MAENMADL54,,无等级,,38860.0
杭州余杭康佑中西医结合诊所,91330110MADJUQB29M,,无等级,,39011.0
杭州余杭康杏中西医结合诊所,91330110MAEX64QA3L,,无等级,,38764.0
杭州余杭康馨中西医结合诊所,91330110MAE0C4471D,,无等级,,38966.0
杭州余杭弘医中西医结合诊所,91330110MA8GGUBT25,,无等级,,38944.0
杭州余杭张建国口腔诊所,92330110MADH3Q1Y87,,无等级,,39034.0
杭州余杭御道堂中医综合诊所,91330110MAE2WHEB4J,,无等级,,38992.0
杭州余杭德源中西医结合诊所,91330106MA28LXX37X,,无等级,,39017.0
杭州余杭心闲堂中医综合诊所,91330110MAD26J7J72,,无等级,,39046.0
杭州余杭方虎林牙科诊所,92330110MA2BQ7AB5H,,无等级,,39140.0
杭州余杭施家湾中西医结合诊所,91330110MAE2J24A0J,,无等级,,38959.0
杭州余杭施智祥中医诊所,91330110MA2H3GGD4K,,无等级,,39049.0
杭州余杭早安诊所,91330110MAELU12F3J,,无等级,,38861.0
杭州余杭明怡堂中医诊所,91330110MA2KHGUN4W,,无等级,,38878.0
杭州余杭易高诊所,91330110MAEFRW4F97,,无等级,,38855.0
杭州余杭朋康健康管理有限公司西溪路西医诊所,91330106MA280LK02N,,无等级,,37598.0
杭州余杭朗悦居传灯中医诊所,91330110MA7G5KKDXK,,无等级,,38989.0
杭州余杭木林居口腔诊所,92330110MAD5C5LH70,,无等级,,39047.0
杭州余杭朱铖口腔诊所,92330110MA28TQYG4P,,无等级,,39145.0
杭州余杭林泉荟医疗美容诊所,91330110MA2KFFK925,,无等级,,39136.0
杭州余杭次世代源汉内科诊所,91330110MAE459QW59,,无等级,,38908.0
杭州余杭毓舫未来城诊所,91330110MA2KJR9J9T,,无等级,,39036.0
杭州余杭毓舫花城诊所,91330110MA2KJ7R381,,无等级,,39037.0
杭州余杭法提曼医疗美容诊所,91330110MADTTPTD4C,,无等级,,38990.0
杭州余杭淡竹园诊所,91330110MA2KCG9Q8E,,无等级,,38919.0
杭州余杭溪东诊所,91330110MAE5J7WW5Q,,无等级,,38981.0
杭州余杭熙禾麦麦医疗美容诊所,91330110MACQMLFG6F,,无等级,,38879.0
杭州余杭爱倍生未来诊所,91330110MA2KF55R7D,,无等级,,38956.0
杭州余杭爱彼仑医疗美容诊所,91330110MA2KHARL2X,,无等级,,39025.0
杭州余杭牙壹佳口腔诊所,91330110MA2KE9DE7L,,无等级,,39103.0
杭州余杭王贇辉口腔诊所,92330110MA2GM7EJ9H,,无等级,,39146.0
杭州余杭琮源温尚中西医结合诊所,91330110MAEWKDMD2N,,无等级,,38755.0
杭州余杭瓶窑郎氏中医诊所,91330110MAD3W8DK6N,,无等级,,38838.0
杭州余杭甄颜丽医疗美容诊所,91330110MAC782FN89,,无等级,,39111.0
杭州余杭留芳华医疗美容诊所,91330110MADMMTFW7Q,,无等级,,39013.0
杭州余杭科智妍医疗美容诊所,91330110MA7F4L7Y5K,,无等级,,39059.0
杭州余杭章晴中医内科诊所,91330110341841035N,,无等级,,39100.0
杭州余杭章汉生中医内科诊所,92330110MA28MYAW6D,,无等级,,39116.0
杭州余杭绽放倾城医疗美容诊所,91330110MA2H02YP2T,,无等级,,39117.0
杭州余杭胡永吉口腔诊所,92330110MA2KEYX08Q,,无等级,,39124.0
杭州余杭舒睿莱素然医疗美容诊所,91330110MAE404JE2L,,无等级,,38749.0
杭州余杭良渚唯美口腔诊所,91330110MAECED865Y,,无等级,,38826.0
杭州余杭花和雅居诊所,91330110MADDMYFC9N,,无等级,,38967.0
杭州余杭言初医疗美容诊所,91330110MAE410QG86,,无等级,,38942.0
杭州余杭谱惠口腔诊所,91330110MAEARA1G3M,,无等级,,38972.0
杭州余杭赛齐科诊所,91330110MACQGANG42,,无等级,,39063.0
杭州余杭赵海利口腔诊所,92330110MA28L0JB3F,,无等级,,39138.0
杭州余杭运翠轩中西医结合诊所,91330110MAEPKD6592,,无等级,,38837.0
杭州余杭释元堂中医综合诊所,91330110MAEBEXF984,,无等级,,38949.0
杭州余杭铭印云印口腔诊所,91330110MAE8J4C431,,无等级,,38846.0
杭州余杭陆越英口腔诊所,92330110MA28RD9K13,,无等级,,39096.0
杭州余杭陈伟诊所,9133011007732883xx,,无等级,,38778.0
杭州余杭陈德军口腔诊所,92330110MA2AX9U64C,,无等级,,39141.0
杭州余杭雅思乐口腔诊所,91330110MACBT73L7R,,无等级,,39098.0
杭州余杭雪梨荔枝医疗美容诊所,91330110MACJEHN3XM,,无等级,,39057.0
杭州余杭雪然慕兮医疗美容诊所,91330110MA2KJH4R5F,,无等级,,39001.0
杭州余杭韵栖华庭中西医结合诊所,91330110MAEMBLPK2T,,无等级,,38870.0
杭州余杭颐安草堂中西医结合诊所,91330110MAETU0FK1J,,无等级,,38771.0
杭州余杭鸢络医疗美容诊所,91330110MAC62EAH67,,无等级,,39008.0
杭州余杭黄东杰口腔诊所,92330110MADD2XTLXX,,无等级,,38928.0
杭州余杭黄湖王金金中医诊所,92330110MA2BK59439,,无等级,,39126.0
杭州余杭齐创中医诊所,91330110MA8GGEU37R,,无等级,,39033.0
杭州余泽斋如晓中医诊所,91330102MA28X2UA6F,,无等级,,36675.0
杭州佰圣精选药房有限公司拱墅湖州街中医诊所,91330105MA2GMK1H5W,,无等级,,34720.0
杭州佰姓健康咨询有限公司上塘路诊所,91330105691742520C,,无等级,,34501.0
杭州佰益诊所,91330102MACTMXB64U,,无等级,,35755.0
杭州佳利医疗美容诊所,91330106MA2KJ7WT2E,,无等级,,37567.0
杭州佳欣健康管理有限公司莲花街口腔诊所,91330106699848645H,,无等级,,37641.0
杭州佳玥医疗美容管理有限公司开创街医疗美容诊所,91330104MA2KJNJT38,,无等级,,36533.0
杭州佳皓医疗投资管理有限公司大江东义前街中医诊所,91330100MA28W4YY85,,无等级,,33156.0
杭州佳辉健康管理有限公司萧山融望之城口腔诊所,91330109MACLTAW58T,,无等级,,38496.0
杭州佳运健康管理有限公司余杭闲林和睦路口腔诊所,91330110MA27YXHP5U,,无等级,,38965.0
杭州佳逸健康管理有限公司余杭径逸口腔诊所,91330110MA2GNFWQ8Q,,无等级,,39087.0
杭州佳颖医疗管理有限公司长虹路口腔诊所,91330104MA2B1949XH,,无等级,,36468.0
杭州佳馨诊所,91330114MA8GFJ0939,,无等级,,33199.0
杭州佳齿健康管理有限公司小河口腔诊所,91330105MA2CDEE183,,无等级,,34830.0
杭州佳齿健康管理有限公司德胜巷口腔诊所,91330105MA27WAK65M,,无等级,,34643.0
杭州依力健康管理有限公司萧山新街内科诊所,91330109MA2B05W24Q,,无等级,,38661.0
杭州依妮德融美医疗美容诊所,91330103MA2KJCW92M,,无等级,,34752.0
杭州依萱绮城星医疗美容诊所,91330102MABN3DNT3C,,无等级,,36448.0
杭州依颜医疗美容诊所,91330102MADK0DT92U,,无等级,,36405.0
杭州侣山堂中医药科技产业有限公司高银街中医诊所,91330102MADRXQFT94,,无等级,,36420.0
杭州侣山堂中医诊所,91330102MABWF8931W,,无等级,,36450.0
杭州俊康医疗管理有限公司临平塘栖路中医诊所,91330110MA2J17TH6Q,,无等级,,35631.0
杭州俊行健康管理有限公司萧山新塘中西医结合诊所,91330109MA28NLGE79,,无等级,,38472.0
杭州俏颜医疗美容诊所,91330106MA28LXXF54,,无等级,,36409.0
杭州保济堂健康管理有限公司金苑中医诊所,91330183MA2GKTGEXB,,无等级,,33908.0
杭州保滋堂国医馆有限公司城西中医诊所,91330106MA2J22WQ0K,,无等级,,37625.0
杭州保滋堂国医馆有限公司祥符中医诊所,91330105MAD50RY13B,,无等级,,34688.0
杭州俞泓泰堂中医诊所,91330104MA2J2G5D0X,,无等级,,36431.0
杭州信泰口腔管理有限公司萧山东方路口腔诊所,91330109MA7N7XAB2L,,无等级,,37983.0
杭州信福诊所,91330113MAD6YP3333,,无等级,,35530.0
杭州俪仁医疗美容诊所,91330106MA2H1E4C3L,,无等级,,37620.0
杭州修元医疗科技有限公司水起苑口腔诊所,91330105MACF6YXF01,,无等级,,34660.0
杭州修平堂中医诊所,91330105MABMQKPL4M,,无等级,,34757.0
杭州倍美美容有限公司临平南苑康城一品医疗美容诊所,91330110MA280WJ81Q,,无等级,,35568.0
杭州倍肤丽健康管理有限公司绿地运河商务中心医疗美容诊所,91330105MA2807PQ9F,,无等级,,34790.0
杭州倩兮医疗美容诊所,91330105MA2KF7N9XQ,,无等级,,34747.0
杭州倪康医疗投资管理有限公司萧山瓜沥井岭路诊所,91330109MA2CF19Q6K,,无等级,,38676.0
杭州倾美医疗美容诊所,9133010558650474XF,,无等级,,34225.0
杭州健丽健康咨询有限公司湖墅南路医疗美容诊所,91330105MA27W3CQ9A,,无等级,,34479.0
杭州健京健康管理有限公司水云街诊所,91330101MA28WWHF0Y,,无等级,,36936.0
杭州健定医疗管理有限公司萧山湘湖风情苑诊所,91330109MA2KH4A9X8,,无等级,,38474.0
杭州健平中西医结合诊所,91330113MADX4EBX03,,无等级,,35463.0
杭州健文诊所,91330108352458058E,,无等级,,33295.0
杭州健祥中西医结合诊所,91330102MAEJED685J,,无等级,,36134.0
杭州健镪健康管理有限公司萧山党湾镇中路口腔诊所,91330109MA2CGKMR4C,,无等级,,38364.0
杭州健齿贝口腔诊所,91330106MA2CCRH68F,,无等级,,37169.0
杭州傅颜堂健康管理有限公司迎宾路中医综合诊所,91330113MADGF23F4G,,无等级,,35505.0
杭州储正中医诊所,91330105MADYRH7Y8E,,无等级,,34331.0
杭州儿康健康管理有限公司萧山新街中医诊所,91330109352514021T,,无等级,,38603.0
杭州元一诊所,91330104MA2H115D2D,,无等级,,36256.0
杭州元初堂中医诊所,91330108MADMRQP24N,,无等级,,33402.0
杭州元医医疗美容诊所,91330104MA2HX2589X,,无等级,,36497.0
杭州元吉中医诊所,91330105MAE5CFMC18,,无等级,,34148.0
杭州元启中医诊所,91330183MAETFCBF6Q,,无等级,,33619.0
杭州元德昇健康管理有限公司萧山利华中医诊所,91330109MAK1CHHY24,,无等级,,37840.0
杭州元星医疗美容诊所,91330113MAD0243CXB,,无等级,,35278.0
杭州元祥健康管理有限公司颜三路中医诊所,91330103MA2H3GE562,,无等级,,34849.0
杭州光妍医疗美容诊所,91330102MAE31L1M4P,,无等级,,36311.0
杭州光汐健康管理有限公司香滨湾花园医疗美容诊所,91330102MADMFF5805,,无等级,,36401.0
杭州光线健康管理有限公司萧山盈一内科诊所,91330109MA2GMBMU09,,无等级,,38612.0
杭州光线健康管理有限公司萧山盈丰路内科诊所,91330109MA28X1D54J,,无等级,,38692.0
杭州光谷眼科诊所,91330106MAE1M1R24J,,无等级,,37439.0
杭州光辉大药房良户中医诊所,913301060639712504,,无等级,,37603.0
杭州兔曦兰积医疗美容诊所,91330105MACUQW1D8L,,无等级,,34051.0
杭州全善堂投资管理有限公司大江东义蓬青义路诊所,91330100MA28W5EA7R,,无等级,,33170.0
杭州全善堂投资管理有限公司大江东义蓬青兴路诊所,91330100MA28WFNY87,,无等级,,33203.0
杭州全善堂投资管理有限公司大江东河庄帝景商业街诊所,91330100MA28W5E727,,无等级,,33125.0
杭州全嘉美视诊所,91330106MAC6LQRG2R,,无等级,,37586.0
杭州全威健康管理有限公司星桥街口腔诊所,91330105MA28UKDX9K,,无等级,,34507.0
杭州全息中医诊所,92330103MA28RAEA3J,,无等级,,34818.0
杭州全日医康中医诊所,91330105MA28WBB61M,,无等级,,34868.0
杭州全日医康大塘中西医结合诊所,91330105MA2CE3786L,,无等级,,34721.0
杭州全正口腔诊所,92330105MA2BJGQA5B,,无等级,,34657.0
杭州公济门中医诊所,91330114MA27U33C6T,,无等级,,36795.0
杭州六礼微线加口腔诊所,91330102MAD3J4W524,,无等级,,36510.0
杭州六经中西医结合诊所,91330114MA8GFBXR9E,,无等级,,37020.0
杭州兰姝医疗美容诊所,91330106MAENXQ9F4F,,无等级,,37239.0
杭州兰芯里中医诊所,91330102MADXTUXJ6T,,无等级,,36443.0
杭州兰赛起健康管理有限公司萧山新农都诊所,91330109MAECK9GF1M,,无等级,,38158.0
杭州关元轩健康管理有限公司钱塘福苑中西医结合诊所,91330108MA7NBYME8G,,无等级,,33301.0
杭州关爱医疗有限公司萧山进化诊所,91330109MA2CCP9W49,,无等级,,38545.0
杭州兴光健康管理有限公司嘉仁路中医诊所,91330106MA2KH0R896,,无等级,,37488.0
杭州兴宇医疗投资管理有限公司大江东商贸北路口腔诊所,91330100MA2B03Q205,,无等级,,33100.0
杭州兴汇中西医结合诊所,91330102MADEY96G20,,无等级,,36254.0
杭州兴百星医疗美容诊所,91330106MADG8PH80R,,无等级,,34381.0
杭州兴赣医疗健康有限公司萧山闻堰口腔诊所,91330109MA27Y0QLXU,,无等级,,38139.0
杭州兵洁医疗管理有限公司备塘路中西医结合诊所,91330102MAD2DDBK2R,,无等级,,36390.0
杭州典雅健康管理有限公司园兴路口腔诊所,91330104MA2CFXKP5A,,无等级,,36690.0
杭州典雅健康管理有限公司萧山闻堰口腔诊所,91330109MA28UU302T,,无等级,,38178.0
杭州养喜神大健康管理有限公司秦望路中医诊所,TE3301833300693720,,无等级,,33841.0
杭州养益堂中医诊所,91330102MADRDQ7G2T,,无等级,,36434.0
杭州养真堂东升中西医结合诊所,91330104MA2CFJHP8Q,,无等级,,36495.0
杭州养真堂景南中医诊所,91330104352436836U,,无等级,,36418.0
杭州内寻杏林中西医结合诊所,91330106MADKJN1X1M,,无等级,,37262.0
杭州冠峰健康管理有限公司萧山荣新中西医结合诊所,91330109MADKA7Y92R,,无等级,,38407.0
杭州冠峰健康管理有限公司萧山里士湖路诊所,91330109MA28UG6T01,,无等级,,38356.0
杭州冠扬医疗投资管理有限公司天官东路口腔诊所,91330108MA28LQ6954,,无等级,,33423.0
杭州冠扬医疗投资管理有限公司甲来路口腔诊所,91330106MA27YEQ497,,无等级,,37177.0
杭州冠扬医疗投资管理有限公司萧山崇化口腔诊所,91330109MA27W0RA5D,,无等级,,38581.0
杭州冠新佳苑见民诊所,91330108MAK10EK34Q,,无等级,,33261.0
杭州冠新内科诊所,91330108MAE6DJ377T,,无等级,,33428.0
杭州冬花健康信息咨询有限公司口腔诊所,9133010578827660XM,,无等级,,34867.0
杭州冯应宏口腔诊所,91330105352423365G,,无等级,,34791.0
杭州冯督泰堂健康管理有限公司严家路中医诊所,91330104MA2CE9F83M,,无等级,,35767.0
杭州冯督泰堂健康管理有限公司仁爱路中医诊所,913301043999369854,,无等级,,36696.0
杭州净加健康管理有限公司萧山利华路医疗美容诊所,91330109MADDXF660M,,无等级,,38414.0
杭州净爽胡子先生医疗美容诊所,91330108MAEP2NM41Y,,无等级,,33272.0
杭州凡心健康管理有限公司萧山南阳向阳路诊所,91330109MA2CFWR61F,,无等级,,38437.0
杭州凡思健康管理咨询有限公司中宝堂中医诊所,913301060821184826,,无等级,,37275.0
杭州凡玥健康管理有限公司萧山南秀路内科诊所,91330109MADC1DPYXY,,无等级,,38392.0
杭州凤城健康管理有限公司元成时代诊所,91330114MA8GEB6D7H,,无等级,,37025.0
杭州凤康中医诊所,91330108MAEMC5R703,,无等级,,33284.0
杭州凯富瑞健康管理有限公司萧山靖江口腔诊所,91330109MA2B24J11X,,无等级,,38526.0
杭州凯瑞口腔医疗管理有限公司杭玻街口腔诊所,91330104MA28T8B08H,,无等级,,36359.0
杭州凯瑟琳医疗美容诊所,913301037682016353,,无等级,,34847.0
杭州凯颐瑞荷堂中医诊所,91330102MAC0HU783K,,无等级,,35917.0
杭州切恩商业管理有限公司潮听名苑诊所,91330114MA8GFMPM7A,,无等级,,33196.0
杭州刚好健康管理有限公司萧山通惠南路中西医结合诊所,91330109MACPG7R858,,无等级,,38499.0
杭州创盛中西医结合诊所,91330105MA2CGFTW6B,,无等级,,34614.0
杭州初禾健康管理有限公司金桥南路医疗美容诊所,91330183MAC4ECBH0B,,无等级,,33592.0
杭州初见健康管理有限公司临安医疗美容诊所,91330185MA2CDPJP67,,无等级,,35168.0
杭州剑慧草堂医疗科技发展有限公司拱墅中医诊所,91330105MA28XAKM26,,无等级,,34802.0
杭州剑波健康管理有限公司云锦城诊所,91330102MACHTGDX90,,无等级,,36662.0
杭州力诚医疗管理有限公司临平学运街中西医结合诊所,91330113MACWK84B45,,无等级,,35589.0
杭州力诚医疗管理有限公司德清雷甸塘北中西医结合诊所,91330521MAD42CNW6U,,无等级,,52250.0
杭州加颜嫣红医疗美容诊所,91330104MA2KG8L87Q,,无等级,,36013.0
杭州加颜黄隆医疗美容诊所,91330106MA2H0AAJ25,,无等级,,37571.0
杭州勤丰中医诊所,91330102MACHNF9T5K,,无等级,,36616.0
杭州北乐健康管理有限公司晓亮口腔诊所,91330105MA28WJ1W29,,无等级,,34734.0
杭州北岸中医诊所,91330102MADW1BGU26,,无等级,,36421.0
杭州北景园口腔诊所,91330103070970010H,,无等级,,34038.0
杭州北浪健康管理有限公司萧山靖江口腔诊所,91330109MA2B25BQ8T,,无等级,,38565.0
杭州医万佳中西医结合诊所,91330105MA7DDYK021,,无等级,,34810.0
杭州医健安然健康管理有限公司萧山山阴路中医诊所,91330109MADBCRKW9H,,无等级,,38412.0
杭州医加医健康管理有限公司萧山靖江文化路诊所,91330109MA2H14344W,,无等级,,38404.0
杭州医合康中西医结合诊所,91330102MADXRXHF9K,,无等级,,36395.0
杭州医和中西医结合诊所,91330104MA2H1N83XF,,无等级,,36648.0
杭州医姿丽健康管理有限公司临安锦城医疗美容诊所,91330185MA2GLGAY5U,,无等级,,35102.0
杭州医宗集方健康管理有限公司大江东义蓬义府路中医诊所,91330100MA2CCR5D9Y,,无等级,,33088.0
杭州医家家诊所,91330108MAE1T5U73G,,无等级,,33235.0
杭州医易中西医结合诊所,91330103MA27WWNA76,,无等级,,34781.0
杭州医源健康咨询服务有限公司近江诊所,91330102MA27WXET85,,无等级,,36657.0
杭州医玖健康管理有限公司天城东路中医诊所,91330114MA2KMT0AXM,,无等级,,37028.0
杭州医眸眼科诊所,91330102MACWWR4X11,,无等级,,36574.0
杭州医眸视光眼科诊所,91330106MAD5EHCUXH,,无等级,,37540.0
杭州医瞳眼科诊所,91330114MA8GFXJ68B,,无等级,,36833.0
杭州医道医疗投资管理有限公司萧山进化诊所,91330109MA2CDJ4Y8Y,,无等级,,38552.0
杭州医铂瑞医疗美容诊所,91330105MAEC4TKD87,,无等级,,34205.0
杭州十二原中医诊所,91330106MADTKDNG91,,无等级,,37287.0
杭州千佳堂中医诊所,91330102MA2KL2244U,,无等级,,36486.0
杭州千媛医疗美容诊所,91330113MADHWNNF2X,,无等级,,35487.0
杭州千守健康管理有限公司萧山畈里张医疗美容诊所,91330109MACMGA0G40,,无等级,,38554.0
杭州千岛湖启美口腔诊所,91330127MA2B2FYH8R,,无等级,,32926.0
杭州千岛湖济民中医诊所,91330127MA2B1H5R5H,,无等级,,32935.0
杭州千社医疗美容诊所,91330114MA8GENMH41,,无等级,,36880.0
杭州千芷橦医疗美容诊所,91330104MA27W9QP61,,无等级,,36308.0
杭州千颜健康管理有限公司萧山市心中路医疗美容诊所,91330109MA2GYJFP2H,,无等级,,38263.0
杭州升贺健康管理有限公司升贺口腔诊所,91330103MA2AXCRA60,,无等级,,34502.0
杭州半壁山投资管理有限公司萧山瓜沥大义诊所,91330109MA2CFR1977,,无等级,,38099.0
杭州半山大药房半山路中医坐堂医诊所,91330105MA27WGFD7P,,无等级,,34792.0
杭州华仁健康管理有限公司滨江丹枫路中医诊所,TE3301083300504510,,无等级,,33474.0
杭州华仁堂中医诊所,91330106MA2GLWJD4X,,无等级,,37315.0
杭州华医堂诊所,91330105MADQCR310N,,无等级,,34573.0
杭州华博医疗管理有限公司萧山南虹路诊所,91330109MADP83ND81,,无等级,,37904.0
杭州华宸养老服务有限责任公司缤纷诊所,91330108MADHY1J05H,,无等级,,33422.0
杭州华尔倍丽医疗美容诊所,TE3301053300521160,,无等级,,34860.0
杭州华尚健康管理有限公司江汉路口腔诊所,913301085930885880,,无等级,,33470.0
杭州华恩之光医疗健康控股有限公司萧山保亿诊所,91330109MAK4B3DQ0U,,无等级,,37765.0
杭州华方医疗管理有限公司好益诊所,91330101580293072Y,,无等级,,37003.0
杭州华方医疗管理有限公司康民西医诊所,91330106796664581R,,无等级,,33442.0
杭州华方医疗管理有限公司春波诊所,91330108MADNJP978X,,无等级,,33445.0
杭州华方医疗管理有限公司格畈家园诊所,91330104691727718M,,无等级,,36482.0
杭州华景健康管理有限公司余杭仁和口腔诊所,91330110MA2H06AB66,,无等级,,39094.0
杭州华欣中医诊所,91330102MA8GH0EQ00,,无等级,,36439.0
杭州华民健康管理有限公司临平红丰路诊所,91330110MA2HYTRA4W,,无等级,,35538.0
杭州华沣口腔诊所,91330105MADK7EU223,,无等级,,36377.0
杭州华济诊所,91330113MAEH7CUF2M,,无等级,,35410.0
杭州华珏健康管理有限公司萧山振宁路口腔诊所,91330109MA2AYQYY0K,,无等级,,38530.0
杭州华韩医疗美容诊所,91330105MACGAGR976,,无等级,,34618.0
杭州华首医疗科技有限公司悦郡城诊所,91330104MA2KFBUCXN,,无等级,,36471.0
杭州协佳健康管理有限公司三墩口腔诊所,91330106MA28L2JN70,,无等级,,37636.0
杭州协诚健康管理有限公司三曹街口腔诊所,91330110MA2GMTH565,,无等级,,35556.0
杭州卓为健康管理有限公司余杭卓为口腔诊所,91330110MA2GMFEB5T,,无等级,,38964.0
杭州卓乐口腔诊所,91330104MA2GL9012Y,,无等级,,35974.0
杭州卓俪荟伊美医疗美容诊所,91330104MA28XJ6C6T,,无等级,,36222.0
杭州卓瑞健康管理有限公司宋氏口腔诊所,91330182MAEDX4RA9Y,,无等级,,39233.0
杭州卓芝健康管理有限公司萧山新安诊所,91330109MAD9X9NJ5N,,无等级,,38440.0
杭州卓雅健康管理有限公司转塘口腔诊所,91330106MA2AX9CE5W,,无等级,,37555.0
杭州南星益民诊所,91330113MADM0FYB8Q,,无等级,,35331.0
杭州博亚中医诊所,91330108MA2GMLD3XF,,无等级,,33491.0
杭州博仁健康管理有限公司秋霞街口腔诊所,91330105MA2GNHLX0Y,,无等级,,34126.0
杭州博冉健康管理有限公司萧山桃北诊所,91330109MADGR22W2N,,无等级,,38415.0
杭州博冉健康管理有限公司萧山浦阳高运商贸市场诊所,91330109MADJX6QH9Y,,无等级,,38196.0
杭州博妍美医疗美容诊所,91330104MA2HY3R60G,,无等级,,36711.0
杭州博寅医疗管理有限公司义盛路诊所,91330114MA8GGLAC28,,无等级,,33103.0
杭州博寅医疗管理有限公司新湾中医诊所,91330114MA8GERM814,,无等级,,33095.0
杭州博康林健康管理有限公司北沙西路中西医结合诊所,91330113MAD864MH0G,,无等级,,35590.0
杭州博悦健康管理有限公司衢州街中医诊所,91330105MA2GNFNB82,,无等级,,34375.0
杭州博欣医疗管理有限公司萧山新街新宜诊所,91330109MAD47A4L7Q,,无等级,,38438.0
杭州博纳健康管理有限公司萧山金一路中西医结合诊所,91330109MADYN7LU56,,无等级,,38276.0
杭州博缘健康管理有限公司临平藕花洲中西医结合诊所,91330113MAD5A3QH2P,,无等级,,35603.0
杭州博美医疗管理有限公司钱塘秀松路口腔诊所,91330114MA2KMPX076,,无等级,,33041.0
杭州博艺健康管理有限公司萧山瓜沥友谊路口腔诊所,91330109MA2GMYLG2P,,无等级,,38604.0
杭州博视眼科诊所,91330104MA2H1CCM0N,,无等级,,36048.0
杭州占美医疗美容诊所,91330105770815222K,,无等级,,34834.0
杭州卡莱尔医疗美容诊所,91330106MA2KH9735F,,无等级,,37097.0
杭州卢圣道医药有限公司河庄帝景商业街中医诊所,91330114MA8GFWN602,,无等级,,33043.0
杭州卫林益苗医疗管理有限公司萧山君佳园诊所,91330109MACCDTL033,,无等级,,37713.0
杭州卫林益苗医疗管理有限公司萧山站前路诊所,91330109MACBP6HR0W,,无等级,,38314.0
杭州卫泰健康管理有限公司萧山皓月路医疗美容诊所,91330109MA2CCCQL70,,无等级,,38354.0
杭州卫齿口腔诊所,91330104MA2H0PR81X,,无等级,,36551.0
杭州卸紫中医诊所,91330106MAC0H1522W,,无等级,,37124.0
杭州厚德汉方健康管理有限公司萧山西陵路中医诊所,91330109MA2GNH7M1R,,无等级,,38510.0
杭州厚泽健康管理有限公司临平世纪大道口腔诊所,91330110MA27WNH531,,无等级,,35654.0
杭州厚达健康管理有限公司余杭万家名城中西医结合诊所,91330110MA2H3XE362,,无等级,,38888.0
杭州原路若比邻中医诊所,91330102MAC9HFA558,,无等级,,36726.0
杭州叁溪堂健康管理有限公司临安滨湖诊所,91330185MAELQY313Q,,无等级,,35014.0
杭州叁生堂中医诊所,91330108MADHQPD92M,,无等级,,33342.0
杭州参术健康管理有限公司双浦中医诊所,91330106MADY91GU0L,,无等级,,37322.0
杭州友丽医疗美容诊所,91330104MA2AX4QU11,,无等级,,36327.0
杭州友庆医疗投资管理有限公司临平兴盛路内科诊所,913301103282414065,,无等级,,35564.0
杭州友庆医疗投资管理有限公司南苑天万内科诊所,91330110MA27WFH518,,无等级,,35534.0
杭州友诺健康管理有限公司临平星桥星韵路口腔诊所,91330110MA27XT1450,,无等级,,35562.0
杭州双浦健康管理有限公司袁浦街西医诊所,91330106599591459L,,无等级,,37596.0
杭州双美健康管理有限公司丹桂街医疗美容诊所,91330104MA2B2B3D72,,无等级,,36348.0
杭州古仁堂医疗管理有限公司新湾水畔华庭诊所,91330114MA8GFNPF2U,,无等级,,33001.0
杭州古名中西医结合诊所,91330101MAE51MKF2F,,无等级,,37103.0
杭州古名文化艺术策划有限公司千和医疗美容诊所,91330101699827668X,,无等级,,37604.0
杭州古得医疗美容诊所,91330104MA280DRD1K,,无等级,,36719.0
杭州古方堂健康管理有限公司浮山中医诊所,91330106MA2GLT99XM,,无等级,,37611.0
杭州古樾堂健康管理有限公司义府名苑诊所,91330114MA8GF83J4E,,无等级,,33215.0
杭州古生堂中医诊所,91330102MAD5TPKM9K,,无等级,,36543.0
杭州叶壹丰堂生物科技有限公司严州大道中医诊所,91330182MA2J0X9D15,,无等级,,39386.0
杭州司贵堂中医诊所,91330102MACAYYNW4L,,无等级,,36098.0
杭州合福国医健康管理有限公司科祥街中医诊所,91330105MA2J2PRT6G,,无等级,,34750.0
杭州吉健健康管理有限公司长睦路诊所,91330104MA2GN89W13,,无等级,,36545.0
杭州吉彩牙艺秀口腔诊所,91330104MA2AY7R22D,,无等级,,35857.0
杭州吉欣健康管理有限公司网商路诊所,TE3301083300529770,,无等级,,33502.0
杭州同乐堂医疗科技有限公司西堤北路中医诊所,91330183MA2GM9QJ0P,,无等级,,33620.0
杭州同协雅苑中医诊所,91330102MADGT8187R,,无等级,,36506.0
杭州同安健康管理有限公司萧山瓜沥口腔诊所,91330109MA27WDJ40X,,无等级,,38337.0
杭州同於德仁中医诊所,91330102MA27WTGTXU,,无等级,,36686.0
杭州同港中西医结合诊所,91330102MADWN9RU7W,,无等级,,35799.0
杭州同裕泰中医诊所,91330106MADBKQYT42,,无等级,,37203.0
杭州同门堂中医诊所,91330102MA7CFYL17Q,,无等级,,36532.0
杭州名协诊所,91330113MA7L2P147B,,无等级,,35228.0
杭州名奕口腔诊所,91330104MA28W3Q06G,,无等级,,36538.0
杭州名港健康管理有限公司萧山山阴路医疗美容诊所,91330109MA2GL8GK7W,,无等级,,38360.0
杭州名粹堂中医诊所,91330106MADF29M93L,,无等级,,37549.0
杭州名赫健康管理有限公司余杭荆山翠谷口腔诊所,91330110MA2GMF7Q3A,,无等级,,39090.0
杭州君仕医疗美容诊所,91330110MABX4KNF2M,,无等级,,39060.0
杭州君吉玺扶阳中医诊所,91330108MADAHW560T,,无等级,,33404.0
杭州君喏口腔诊所,91330103MA2H22B375,,无等级,,34728.0
杭州君妍越妍医疗美容管理有限公司临安锦城医疗美容诊所,91330185MAD3JNJHXL,,无等级,,34993.0
杭州君安堂中医诊所,91330102MA7EP1M1X4,,无等级,,36075.0
杭州君康中医诊所,91330103MA2CCRT485,,无等级,,34803.0
杭州君德堂中医诊所,91330102MADN78R2XC,,无等级,,36470.0
杭州君臻纪中医诊所,91330102MADC1ED59G,,无等级,,36063.0
杭州启乘健康管理有限公司龙润城中医诊所,91330114MA8GF4GHXP,,无等级,,33168.0
杭州启亚文化传播有限公司临平崇贤崇杭街诊所,91330110MA28MMANXG,,无等级,,35211.0
杭州启亚文化传播有限公司余杭良渚储运路诊所,91330110MA280YK67D,,无等级,,39131.0
杭州启亚文化传播有限公司新文诊所,913301057909089448,,无等级,,34663.0
杭州启典健康管理有限公司临平运河口腔诊所,91330110MA2GNYLP11,,无等级,,35686.0
杭州启冠口腔诊所,91330113MACF5PYG5F,,无等级,,35477.0
杭州启国中西医结合诊所,91330108MACCYAM102,,无等级,,34671.0
杭州启承中医诊所,91330105MA2CE82M2D,,无等级,,34714.0
杭州启晨健康管理有限公司义和路诊所,91330100MA280Q8K35,,无等级,,33121.0
杭州启晨健康管理有限公司义蓬名苑诊所,91330100MA2KKMWA37,,无等级,,33124.0
杭州启晨健康管理有限公司大江东义蓬全民路东江公寓诊所,91330100MA2CFN7HXX,,无等级,,33123.0
杭州启晨健康管理有限公司龙润城诊所,91330100MA2KJ92934,,无等级,,33122.0
杭州启裕健康管理有限公司萧山雅棠轩中西医结合诊所,91330109MADF3LXN6B,,无等级,,38390.0
杭州吴俊健康管理有限公司萧山赭山家园内科诊所,91330109MA2KFJJK7H,,无等级,,38674.0
杭州吴峰堂中医诊所,91330106MA7GCLQF5C,,无等级,,37282.0
杭州吾悦诊所,91330102MAE33TKH7X,,无等级,,36332.0
杭州周不言健康管理有限公司临安雅观诊所,91330185MAERN1YE6L,,无等级,,34932.0
杭州周不言健康管理有限公司临安青山湖诊所,91330185MACLLU979J,,无等级,,35084.0
杭州周信堂撄宁中医诊所,91330102MA2CFGNDXG,,无等级,,36109.0
杭州周王医疗管理有限责任公司仁康诊所,91330100MA2GPWJ269,,无等级,,33204.0
杭州周王医疗管理有限责任公司水畔华庭诊所,91330114MA8GFNKB8K,,无等级,,33033.0
杭州周王医疗管理有限责任公司海名雅园中医诊所,91330114MA8GFAQM0T,,无等级,,33210.0
杭州周道健康管理有限公司水秀苑中医诊所,91330106MA2AY3716J,,无等级,,37274.0
杭州和元堂中医诊所,91330106328150141X,,无等级,,37593.0
杭州和元春堂中医诊所,91330105MADYLE6TX9,,无等级,,34605.0
杭州和善济民健康管理有限公司江月路诊所,91330101MA2CGPWJ6C,,无等级,,36901.0
杭州和安堂中医诊所,91330106MAK027XR4M,,无等级,,37170.0
杭州和府堂中医诊所,91330105MADTWQHE5W,,无等级,,34627.0
杭州和惠中西医结合诊所,91330104MA2CCCDM2T,,无等级,,36713.0
杭州和茂健康管理有限公司萧山元宝山路诊所,91330109MA2HXU0B8E,,无等级,,38560.0
杭州和茂健康管理有限公司萧山蜀山诊所,91330109MA2B1FQ532,,无等级,,38695.0
杭州和颜一美赞城医疗美容诊所,91330102MA2KDMCJ1W,,无等级,,36264.0
杭州和风堂中医诊所,91330105MADPR8NP3R,,无等级,,34603.0
杭州咏芝元中医诊所,91330103MA28UF6F31,,无等级,,34710.0
杭州品凯健康管理有限公司凤起东路口腔诊所,9133010408455144XU,,无等级,,36233.0
杭州品凯健康管理有限公司晴川路口腔诊所,91330106053664214G,,无等级,,37188.0
杭州品凯健康管理有限公司登云路口腔诊所,91330105311319705K,,无等级,,34858.0
杭州品凯健康管理有限公司盈佳口腔诊所,913301023524951159,,无等级,,36232.0
杭州品凯健康管理有限公司祥符南路口腔诊所,91330105070988982G,,无等级,,34057.0
杭州品凯健康管理有限公司萧山金一路口腔诊所,91330108MA2GNCCE4M,,无等级,,38306.0
杭州品凯口腔诊所,913301037595122041,,无等级,,34756.0
杭州品凯桃花湖口腔诊所,91330102MAEGN8W160,,无等级,,36073.0
杭州品圆健康管理有限公司临平康源中西医结合诊所,91330110MA2H0NG516,,无等级,,35318.0
杭州品圆健康管理有限公司临平新洲路诊所,91330110MA2B2G4D7H,,无等级,,35630.0
杭州品圆健康管理有限公司临平济源中西医结合诊所,91330113MA7FGTWH2P,,无等级,,35489.0
杭州品正生物科技有限公司九昌路诊所,91330104328285249D,,无等级,,36511.0
杭州品正生物科技有限公司白石嘉苑诊所,91330105MA27WK5G9X,,无等级,,36246.0
杭州品甜健康管理有限公司金堡街口腔诊所,91330104MA27XPNE69,,无等级,,36364.0
杭州品萌健康管理有限公司建国北路口腔诊所,91330103MA2H1D7YX6,,无等级,,34739.0
杭州品鑫健康管理有限公司松乔街口腔诊所,91330100MA2KD2UQ9T,,无等级,,36968.0
杭州品鑫健康管理有限公司金隅金座怡齿口腔诊所,91330101MA2CG8MC9B,,无等级,,36919.0
杭州品雅健康管理有限公司萧山萧绍路口腔诊所,91330109MA2GMG1L7A,,无等级,,38471.0
杭州哈福健康管理有限公司保俶路口腔诊所,91330106MA27XC4D10,,无等级,,37517.0
杭州哈美健康管理有限公司华丰中路口腔诊所,91330104MA2CCUD954,,无等级,,36569.0
杭州哈美健康管理有限公司崇义路口腔诊所,91330106MA27WN5C4E,,无等级,,37163.0
杭州哲康医疗管理有限公司香岸路中西医结合诊所,91330113MAD9X1WT2N,,无等级,,35584.0
杭州唐勇健康管理有限公司萧山瓜沥友谊路内科诊所,91330109MAE975X374,,无等级,,38060.0
杭州唐昌健康管理有限公司临安昌化唐昌街口腔诊所,91330185MAEKWH7F9Y,,无等级,,35007.0
杭州唐美人医疗美容有限公司望钱塘印中心医疗美容诊所,91330114MA8GG8N28X,,无等级,,36816.0
杭州唯康医疗诊所,91330102MAE8G0EP0P,,无等级,,36316.0
杭州唯心健康管理有限公司萧山瓜沥人民路诊所,91330109MAC2W85A07,,无等级,,38396.0
杭州唯心美健康管理有限公司萧山施家桥医疗美容诊所,91330109MA2H3EX35A,,无等级,,38558.0
杭州善康诊所,91330114MA8GG3DR55,,无等级,,33186.0
杭州善承健康管理有限公司科兴街诊所,91330104MA2B2DLA2E,,无等级,,36325.0
杭州善有健康管理有限公司临平星河路诊所,91330113MADFUKY682,,无等级,,35422.0
杭州善针堂科技有限公司古荡中医诊所,91330106MA2CDP7N31,,无等级,,37204.0
杭州善针堂科技有限公司莲花街中医诊所,91330106MA27YUNF3J,,无等级,,37240.0
杭州喜乐医疗美容诊所,91330106MA8GHMXP3Y,,无等级,,37455.0
杭州喜泽中医诊所,91330102MA2KGX3H43,,无等级,,36618.0
杭州嘉医汇健康管理有限公司萧山时代博地诊所,91330109MA2CF9B83Y,,无等级,,38656.0
杭州嘉合口腔诊所,91330105MADD7KRK0P,,无等级,,34639.0
杭州嘉和医疗美容诊所,91330103MA2B2Y0H3K,,无等级,,34023.0
杭州嘉尚健康管理有限公司临平星桥紫韵公寓中西医结合诊所,91330110MA2H3KAL28,,无等级,,35682.0
杭州嘉斌医疗管理有限公司维正诊所,91330100MA2GNY7X8K,,无等级,,32957.0
杭州嘉林诊康中西医结合诊所,91330102MAC6HF2N91,,无等级,,36716.0
杭州嘉禾健康管理有限公司萧山新街人民路口腔诊所,91330109MAEQG46M2R,,无等级,,37979.0
杭州嘉芸医疗美容诊所,91330102MACKKA2R7T,,无等级,,36102.0
杭州嘉里医疗美容诊所,91330108MA2GKGIQ7G,,无等级,,33465.0
杭州嘉鑫健康管理有限公司体育场路口腔诊所,91330106MA28WU4BXU,,无等级,,37629.0
杭州嘉铭医疗管理有限公司萧山南五路诊所,91330109MAD16RKL7T,,无等级,,38027.0
杭州嘉铭医疗管理有限公司萧山天得路诊所,91330109MAENMT9264,,无等级,,37886.0
杭州嘉铭医疗管理有限公司萧山市心南路口腔诊所,91330109MAE4QM3R8L,,无等级,,38046.0
杭州嘉铭医疗管理有限公司萧山所前桥西诊所,91330109MA2J1CW346,,无等级,,38601.0
杭州嘉铭医疗管理有限公司萧山新螺路内科诊所,91330109MACWM60719,,无等级,,38459.0
杭州嘉铭医疗管理有限公司萧山金湖艺境诊所,91330109MADMJ7M62N,,无等级,,38118.0
杭州嘉铭医疗管理有限公司萧山风情大道内科诊所,91330109MAC1JUUW8Q,,无等级,,38689.0
杭州四季星光医疗美容诊所,91330105MAD2JCNY3H,,无等级,,34684.0
杭州回术医疗美容诊所,91330102MADMBF5L52,,无等级,,36427.0
杭州回漱罗邦健康管理有限公司登云路口腔诊所,91330105MAEH9X1W5G,,无等级,,34032.0
杭州回龙云浦口腔诊所,91330106MAG1R8HQ73,,无等级,,37133.0
杭州回龙健康管理咨询有限公司何家埠口腔诊所,TE3301063300396380,,无等级,,37257.0
杭州固德健康管理有限责任公司萧山宁东口腔诊所,91330109MA2GNFDD02,,无等级,,38505.0
杭州固本堂中医诊所,91330105MA2GNA649Y,,无等级,,34712.0
杭州固本堂济世中医诊所,91330102MA2CC8D1X0,,无等级,,36637.0
杭州国大迪贝雅医疗美容诊所,91330105MAE2RKW26Y,,无等级,,34555.0
杭州国尊堂中医诊所,91330106MA2AYXRX7L,,无等级,,37557.0
杭州国康堂中医诊所,91330102MADCFDHL9U,,无等级,,36535.0
杭州国开园中医诊所,91330101MA2KJLFJ0U,,无等级,,37259.0
杭州国御堂中医诊所,91330106MA2GK2392T,,无等级,,37312.0
杭州国御堂和家园中医诊所,91330106MACNNC6X6R,,无等级,,37587.0
杭州国御堂望月中医诊所,91330106MABP3MX22E,,无等级,,37584.0
杭州国控大药房有限公司清吟街诊所,91330102MACTLWB90K,,无等级,,36599.0
杭州国枫堂中西医结合诊所,91330106MADFQJWW3B,,无等级,,37364.0
杭州国济堂中医诊所,91330106MA2KDXM503,,无等级,,37580.0
杭州国真堂小容中医诊所,91330102MA2CC94T4G,,无等级,,36052.0
杭州国老堂中医诊所,91330108MA2CFCXP0J,,无等级,,33408.0
杭州国英中医诊所,91330105MAE9ENJN9N,,无等级,,34551.0
杭州圣佳康医疗养老管理有限公司萧山盛乐诊所,91330109MADR4DHQ3Y,,无等级,,38357.0
杭州圣剂堂健康管理有限公司丙中中医诊所,91330105MA27WBAH42,,无等级,,34120.0
杭州圣德堂中医诊所,91330102MA7FRQT73E,,无等级,,36740.0
杭州圣昌健康管理有限公司萧山新街诊所,91330109MA28X6G496,,无等级,,38052.0
杭州圣欣颜健康管理咨询有限公司萧山帆影路医疗美容诊所,91330109MAC6FQ824M,,无等级,,38611.0
杭州圣济堂中医诊所,91330105MAD9LTUC1U,,无等级,,34158.0
杭州圣瑞诊所,91330102MACRWAJR7T,,无等级,,36300.0
杭州圣美口腔诊所,91330104MA2AY1K132,,无等级,,36356.0
杭州圣茜健康管理有限公司滨盛路医疗美容诊所,91330108MAG0GFN195,,无等级,,33241.0
杭州圣茜健康管理有限公司闻涛路医疗美容诊所,91330108MA28U7QC4M,,无等级,,33515.0
杭州圣轩堂中医诊所,91330105MADB14XB7U,,无等级,,34019.0
杭州圭谷健康管理有限公司圭谷银湖中医诊所,91330183MAC31YTE94,,无等级,,33902.0
杭州均生健康管理有限公司萧山衙前内科诊所,91330109MA2CC2G55L,,无等级,,38557.0
杭州均盛健康管理有限公司临平中医诊所,91330110MA2H29YB83,,无等级,,35651.0
杭州坤诺医疗管理有限公司萧山益农赵家湾诊所,91330109MADKUJEL5N,,无等级,,38395.0
杭州垂金中医诊所,91330105MA27YEW554,,无等级,,34730.0
杭州培元堂诊所,91330103782393813U,,无等级,,36537.0
杭州境美医疗美容诊所,92330108MA7D0BE436,,无等级,,33469.0
杭州增颜口腔诊所,91330108MA2GYPC80G,,无等级,,33489.0
杭州墨铉健康管理有限公司钱塘河庄路中医诊所,91330114MA8GGFW40U,,无等级,,33179.0
杭州壹壹中医诊所,91330102MACK972LXN,,无等级,,36665.0
杭州壹帖药医疗投资管理有限公司义蓬街道义府大街诊所,91330100MA2B0DPPX7,,无等级,,33035.0
杭州壹方堂中医诊所,91330105MADCRXKT37,,无等级,,34676.0
杭州壹西光合医疗美容诊所,91330108MA28UEWE8D,,无等级,,33471.0
杭州复生堂中医诊所（备案）,91330108589870956K,,无等级,,33278.0
杭州大参林大药房连锁有限公司新安江诊所,91330182MA27YFP539,,无等级,,39431.0
杭州大坤中医诊所,91330105MADEDBLM8D,,无等级,,34609.0
杭州大朴医疗诊所,91330105MAEFXFB23Q,,无等级,,34123.0
杭州大隐医疗咨询有限公司云起中心医疗美容诊所,91330106MAC19QGK51,,无等级,,37646.0
杭州天帆医疗管理有限公司微思白口腔诊所,91330105328140170P,,无等级,,34489.0
杭州天延堂健康管理有限公司萧山靖江路中医诊所,91330109MAEQPKA27Y,,无等级,,37885.0
杭州天德堂中医诊所,91330102MAEM4HNR8F,,无等级,,35902.0
杭州天歌健康管理有限公司大江东临江时代花苑诊所,91330100MA2B288W6B,,无等级,,33053.0
杭州天生乾健康管理有限公司萧山义桥诊所,91330109MA2AXA736T,,无等级,,38021.0
杭州天生乾健康管理有限公司萧山育才诊所,91330109MA2AYHD631,,无等级,,38571.0
杭州天生堂医药连锁有限公司萧山萧然南路诊所,91330108056721341D,,无等级,,38495.0
杭州天艺心医疗美容有限公司临平星河南路医疗美容诊所,91330113MAD6ABQM6L,,无等级,,35484.0
杭州天运堂健康管理有限公司余杭良渚中医诊所,91330110MA2CFR2778,,无等级,,39038.0
杭州太运堂中医诊所,91330102MA2KK9NT65,,无等级,,36459.0
杭州夷光上塘口腔诊所,91330105MA7BX36D28,,无等级,,34702.0
杭州奇志健康管理有限公司长河中医诊所,91330108MADEH19D26,,无等级,,33411.0
杭州奇恒中医诊所,91330102MADPHFYR4M,,无等级,,35998.0
杭州奇衡骨正中医诊所,91330105MADAPYL299,,无等级,,34651.0
杭州奈德医院管理有限公司相埠路西医诊所,91330104MA2CF6Y49B,,无等级,,36344.0
杭州奈德医院管理有限公司立业路内科诊所,TE3301083300501100,,无等级,,33456.0
杭州奎龙健康咨询服务有限责任公司萧山临浦劳动路口腔诊所,91330109MADP05E226,,无等级,,38342.0
杭州奕丰医疗投资管理有限公司余杭葛巷中医诊所,91330110MA2H238J1C,,无等级,,39045.0
杭州奕美医疗美容诊所,91330102MADQY3F702,,无等级,,36282.0
杭州奢颜医疗美容诊所,91330106MA2CEG9B9Q,,无等级,,37478.0
杭州奥杰健康管理有限公司湖墅南路口腔诊所,91330105MA7CT88A33,,无等级,,34150.0
杭州奥科口腔诊所（备案）,91330108MA2J2PNK7N,,无等级,,33473.0
杭州好利舒中医诊所,91330106MADG3PAU9T,,无等级,,37546.0
杭州好平口腔诊所,91330113MA8GG46B2E,,无等级,,35312.0
杭州好德口腔诊所,91330105MABRXKDE3L,,无等级,,34735.0
杭州好心情诊所,91330106MA7KDBDYX6,,无等级,,37530.0
杭州好漾医疗美容诊所,91330103MA2KDHCX2W,,无等级,,34118.0
杭州好漾宾江医疗美容诊所,91330108MA2KLHYG7K,,无等级,,33339.0
杭州好漾徕福士医疗美容诊所,91330104MA2KJ9M15P,,无等级,,36058.0
杭州好生之德健康管理有限公司萧山市心南路诊所,91330109MACN7PH39D,,无等级,,38500.0
杭州好生健康管理有限公司临平塘栖路妇科诊所,91330113MA7C75WX6B,,无等级,,35277.0
杭州如壹医疗管理有限公司银湖医疗美容诊所,91330183MADAJU873A,,无等级,,33842.0
杭州如颐堂中医诊所,91330102MA28R3388K,,无等级,,36745.0
杭州妍初蜜语健康管理有限公司萧山皓月路诊所,91330109MADA6CR237,,无等级,,38186.0
杭州妍慕轩医疗美容诊所,91330108MADKY8882F,,无等级,,33390.0
杭州妍络内科诊所,91330106MADLNN3U2K,,无等级,,37528.0
杭州妍络医疗美容诊所,91330106MADK2XCA8W,,无等级,,37562.0
杭州妍致医疗科技有限公司小河路医疗美容诊所,91330105MA2AYKYU1M,,无等级,,34872.0
杭州妍醍医疗美容诊所,91330106MA2KGBA42Y,,无等级,,37266.0
杭州妙回堂诊所,91330114MA8GF6MC2R,,无等级,,33061.0
杭州妙康医疗管理有限公司临平妙康中医诊所,91330110MA2AXEX085,,无等级,,35636.0
杭州妙建诊所,91330113MAEE2F8AXF,,无等级,,35430.0
杭州妙春健康管理有限公司临平新颜路内科诊所,91330110MA2AXE358N,,无等级,,35429.0
杭州妙济堂医疗管理有限公司河中路诊所,91330100MA7AU5UU22,,无等级,,33173.0
杭州妙通健康管理咨询有限公司萧山闻堰中医综合诊所,91330109MA2CCGJP6T,,无等级,,38567.0
杭州妙韵医疗健康管理有限公司乾南嘉苑诊所,91330113MACTTD0338,,无等级,,35206.0
杭州妙韵医疗健康管理有限公司臻品府诊所,91330113MADD3B279E,,无等级,,35537.0
杭州婵之媛医疗美容诊所,91330106MA27X39614,,无等级,,37656.0
杭州婷璐健康管理有限公司新宸悦府诊所,91330114MA8GFAP479,,无等级,,33209.0
杭州婷璐健康管理有限公司新湾诊所,91330114MA8GFAP8XH,,无等级,,33101.0
杭州媛荟医疗美容诊所,91330102MAG247UL14,,无等级,,35730.0
杭州嫚雯健康管理咨询有限公司听涛路口腔诊所,91330101MA2GP52WXQ,,无等级,,36964.0
杭州存真健康管理有限公司萧山江南星城中医诊所,91330109MA2GNJFT50,,无等级,,38487.0
杭州孙向荣口腔诊所,92330106MA28W6DX10,,无等级,,37251.0
杭州孙悟空医疗信息咨询有限公司建德洋安树家中医诊所,91330182MAE6TFYU93,,无等级,,39224.0
杭州孙济民牙科诊所,91330110MA2CFRGGX5,,无等级,,35634.0
杭州孝福健康管理有限公司嘉华公寓中医诊所,91330106MADW0FQL8X,,无等级,,37525.0
杭州季小白医疗美容诊所,91330108MA2AX31R58,,无等级,,33285.0
杭州学林诊所,TE3301903300437060,,无等级,,37027.0
杭州学苑医疗器械有限公司萧山新街诊所,91330109MA28XT4456,,无等级,,38515.0
杭州宁新健康管理有限公司萧山利华路诊所,91330109MA7B29UT34,,无等级,,38470.0
杭州宁皓口腔诊所,91330113MAEJD7MXXJ,,无等级,,35215.0
杭州宇东健康管理有限公司广业街口腔诊所,91330105MA27XUD28B,,无等级,,34453.0
杭州宇成健康管理有限公司三卫路中西医结合诊所,91330102MAC0077U8J,,无等级,,35868.0
杭州宇洁医疗管理有限公司萧山义桥口腔诊所,91330109MA28XL0Q82,,无等级,,38638.0
杭州宇驰龙逸健康管理有限公司余杭闲林上和路诊所,91330110MA27YJ7W09,,无等级,,39122.0
杭州守朴中医综合诊所,91330113MAEXEF2TXH,,无等级,,35247.0
杭州安一笙医疗美容诊所,91330102MAET6ND588,,无等级,,35973.0
杭州安之乔医疗美容诊所,91330106MADFT5XQ91,,无等级,,37270.0
杭州安仁健康管理有限公司润宇堂中医诊所,913301053418021324,,无等级,,34835.0
杭州安优诊所,91330114MA8GGK411G,,无等级,,36918.0
杭州安健健康管理有限公司祥运路内科诊所,91330105322889957M,,无等级,,34833.0
杭州安和健康管理有限公司余杭留和路中西医结合诊所,91330110MA2HYDX23A,,无等级,,39079.0
杭州安太健康管理有限公司萧山进化鹿鸣诊所,91330109MA2CDDHU1U,,无等级,,38637.0
杭州安希健康管理有限公司场口宜业路口腔诊所,TE3301833300508910,,无等级,,33913.0
杭州安幼眼科诊所,91330104MA2H2E005J,,无等级,,36658.0
杭州安民健康管理有限公司余杭中西医结合诊所,91330110MACHNA0230,,无等级,,38960.0
杭州安法医疗美容诊所,913301036706358655,,无等级,,34585.0
杭州安济坊健康管理有限公司刀茅巷中医诊所,91330105MADRFQC63T,,无等级,,34201.0
杭州安焯健康管理有限公司临平乔司南街诊所,91330110MA27YAWC19,,无等级,,35561.0
杭州安联实业有限公司安佑美医疗美容诊所,9133010609477660XT,,无等级,,37590.0
杭州安肯健康科技有限公司文苑风情诊所,91330100MA2KGUNA6J,,无等级,,36972.0
杭州安荣健康管理有限公司银海街诊所,91330101MA2GY1WU21,,无等级,,36862.0
杭州安逸健康管理有限公司萧山南阳潮都北路口腔诊所,91330109MA2CE3RR9F,,无等级,,38645.0
杭州安都健康管理有限公司萧山南秀路口腔诊所,91330109MA28MF1R6G,,无等级,,38086.0
杭州安霁健康管理有限公司云水苑诊所,91330101MA2GNPXQ1H,,无等级,,37001.0
杭州安馨医疗美容诊所,91330102MAD84FGB26,,无等级,,35981.0
杭州宋宏德诊所,9133010134194646XG,,无等级,,36902.0
杭州宋御堂中医诊所,91330102MA2B1M3U0E,,无等级,,36586.0
杭州宋杏春堂中医诊所,9133010235245601X6,,无等级,,36479.0
杭州宋氏中医骨科诊所,91330108MA2CG8MN9T,,无等级,,33506.0
杭州完璞医疗美容诊所,91330102MA27XQEX7Q,,无等级,,36661.0
杭州宏义健康管理有限公司河庄诊所,91330114MA8GFJPM9T,,无等级,,33201.0
杭州宏儒健康管理有限公司余杭良渚好运街中西医结合诊所,91330110MA2GMRLH1Y,,无等级,,39149.0
杭州宏凯健康管理有限公司临平保庆街内科诊所,91330110MA27WUNBX8,,无等级,,35601.0
杭州宏凯健康管理有限公司临平科卫路诊所,91330113MAD8D96W3A,,无等级,,35250.0
杭州宏博医疗管理有限公司英冠天地城诊所,91330114MA8GFNY314,,无等级,,33187.0
杭州宏晟健康管理有限公司临平崇贤大安诊所,91330110MA2B0X0E54,,无等级,,35672.0
杭州宏杏堂中医诊所,91330108MAD9G6AF93,,无等级,,33371.0
杭州宏远中医诊所,91330102MAD7LYYF3J,,无等级,,36513.0
杭州宏鹭健康管理有限公司临平世纪嘉园诊所,91330110MA2GKDBH9E,,无等级,,35661.0
杭州宗南堂健康管理有限公司钱塘新区义蓬诊所,91330100MA2HXD773B,,无等级,,33137.0
杭州宗喜健康管理有限公司萧山所前缪家诊所,91330109MA2GPAFY2Q,,无等级,,38465.0
杭州宗海堂中西医结合诊所,91330106MAEH5BNW3Y,,无等级,,37380.0
杭州宜家健康管理有限公司星悦湾中医诊所,91330114MA8GET3X0P,,无等级,,33006.0
杭州宜康健康管理有限公司萧山北干奥府诊所,91330109MABUFJ4Y17,,无等级,,38038.0
杭州宜高诊所,91330105MAD9WMHG24,,无等级,,34231.0
杭州宝仁健康管理有限公司宝宏堂中医诊所,91330108MA7G5PAT05,,无等级,,33282.0
杭州宝厚健康管理有限公司塘栖绿荫街中医诊所,TE3301103300471460,,无等级,,35404.0
杭州宝善堂中西医结合门诊部,12330100MB0T87691M,未定级,未定级,二级,34332.0
杭州宝欣堂中西医结合诊所,91330105MADW9FN577,,无等级,,34629.0
杭州宝益健康管理有限公司公平路西医诊所,91330106328231785T,,无等级,,37639.0
杭州宝粹堂中医诊所,91330106MAC5QEQ5XG,,无等级,,37475.0
杭州宝苓中医诊所,91330114MA8GFLTU54,,无等级,,36804.0
杭州宣明健康管理有限公司余杭凤新路中医诊所,91330110MA28NNJ4XA,,无等级,,39119.0
杭州宣明济生健康管理有限公司公望中医诊所,91330183MAD2UTXH4Q,,无等级,,33609.0
杭州宣齿医疗投资管理有限公司大江东河庄中西医结合诊所,91330100MA2AYPRW7H,,无等级,,33171.0
杭州宣齿医疗投资管理有限公司河庄口腔诊所,91330100MA27YW3H8Q,,无等级,,33143.0
杭州家宁健康管理有限公司萧山商业城诊所,91330109MAC5UWQH9N,,无等级,,38286.0
杭州家家健康医疗有限公司萧山拱秀路诊所,91330109MAE46LTL2W,,无等级,,38303.0
杭州家家健康医疗有限公司萧山通惠中路诊所,91330109MA8GHQ923Q,,无等级,,38287.0
杭州家庭医生健康产业有限公司江南诊所,91330108785322041Q,,无等级,,33436.0
杭州家庭医生健康产业有限公司飞云诊所,91330102785320070K,,无等级,,36677.0
杭州宸义轩中医诊所,91330102MAD7546E8Q,,无等级,,36542.0
杭州宸巍医疗科技有限公司丰登街中医诊所,91330105MA27X08N6A,,无等级,,34692.0
杭州宸新堂中医诊所,91330114MA8GFJ3E3F,,无等级,,37010.0
杭州宸欣诊所,91330102MADCQ7LC4F,,无等级,,36398.0
杭州宸诺臻品口腔诊所,91330105MABUU55894,,无等级,,34664.0
杭州宸风堂中医诊所,91330105MACUEX8B3L,,无等级,,34727.0
杭州寅力口腔诊所,91330102MA2KK8QG6Y,,无等级,,36023.0
杭州寅齐新健康管理有限公司义蓬义前街中医诊所,91330114MA8GG8AD5U,,无等级,,33007.0
杭州富兰克林投资管理有限公司大江东义蓬盛都苑中西医结合诊所,91330100MA2CC1A97K,,无等级,,33051.0
杭州富兰克林投资管理有限公司大江东河庄永丰中西医诊所,91330100MA28ULX923,,无等级,,33011.0
杭州富勇元堂中西医结合诊所,91330106MACBE8R17L,,无等级,,37265.0
杭州富程健康管理有限公司萧山樾滨府口腔诊所,91330109MADWTX0E2N,,无等级,,38230.0
杭州富阳丽康口腔诊所,91330183MA28XQ9140,,无等级,,33826.0
杭州富阳乐民诊所,91330183MACRJFD000,,无等级,,33875.0
杭州富阳仁心口腔诊所,92330183MACNRB1Q6M,,无等级,,33887.0
杭州富阳付菊梅口腔诊所,92330183MA2AD85G5H,,无等级,,33906.0
杭州富阳仲清健康管理有限公司康月路中医诊所,91330183MA2H1KEL7N,,无等级,,33527.0
杭州富阳俞建平口腔诊所,92330183MA28R599XD,,无等级,,33950.0
杭州富阳倪寨杰牙科诊所,TE3301833300423850,,无等级,,33975.0
杭州富阳值的佑钰医疗科技有限责任公司香槟路中医诊所,91330183MADN5R109R,,无等级,,33883.0
杭州富阳冠美口腔诊所,913301833112970599,,无等级,,33884.0
杭州富阳叶关仁牙科诊所,TE3301833300470980,,无等级,,33810.0
杭州富阳吕若佳妍口腔诊所,92330183MA8GJ0QQ8G,,无等级,,33658.0
杭州富阳君同中西医结合诊所有限公司,TE3301833300713000,,无等级,,33562.0
杭州富阳吴振球牙科诊所,TE3301833300238010,,无等级,,33935.0
杭州富阳吴文根中医内科诊所（有限公司）,TE3301833300218380,,无等级,,33928.0
杭州富阳周莲新口腔诊所,TE3301833300242700,,无等级,,33925.0
杭州富阳和庆健康管理有限公司新登中医诊所,91330183MA2B0D41XU,,无等级,,33881.0
杭州富阳品悦口腔诊所,91330183MA2BNL9B0J,,无等级,,33973.0
杭州富阳国康健康管理有限公司御生堂中医诊所,91330183MA2B0JHF3P,,无等级,,33985.0
杭州富阳国金牙科诊所,TE3301833300411550,,无等级,,33957.0
杭州富阳夏君诊所,92330183MA2BL812XF,,无等级,,33898.0
杭州富阳娄华牙科诊所,TE3301833300246390,,无等级,,33979.0
杭州富阳孙春花中医诊所,91330183MA28N08JXQ,,无等级,,33948.0
杭州富阳学明口腔诊所,92330183MABLL8XJ8W,,无等级,,33983.0
杭州富阳宏波牙科诊所,92330183MA2AD79R8K,,无等级,,33896.0
杭州富阳庆方中医诊所,91330183MADWYIUB9C,,无等级,,33864.0
杭州富阳康顺健康咨询有限公司恩波大道口腔诊所,91330183MA2GM9JQ35,,无等级,,33944.0
杭州富阳康顺健康咨询有限公司高富路口腔诊所,91330183MAEMWM9T12,,无等级,,33654.0
杭州富阳张敏中医诊所,92330183MAEDBG0D4B,,无等级,,33820.0
杭州富阳张明成西医外科诊所,TE3301833300241400,,无等级,,33871.0
杭州富阳张苏萍牙科诊所,TE3301833300426170,,无等级,,33919.0
杭州富阳徐建军口腔诊所,TE3301833300425960,,无等级,,33932.0
杭州富阳徐林国口腔诊所,TE3301833300474090,,无等级,,33959.0
杭州富阳徐福洪外科诊所,TE3301833300437880,,无等级,,33976.0
杭州富阳思泽健康管理有限公司东洲内科诊所,TE3301833300390990,,无等级,,33905.0
杭州富阳思泽健康管理有限公司彩虹路内科诊所,91330183MA2AXG708E,,无等级,,33960.0
杭州富阳振和健康管理有限公司场口中西医结合诊所,91330183MA2GL33QXD,,无等级,,33954.0
杭州富阳振大健康管理有限公司青云中医诊所,91330183MA2CDYARXQ,,无等级,,33968.0
杭州富阳昊天健康管理有限公司文教路牙科诊所,91330183MABRYBCX3B,,无等级,,33895.0
杭州富阳昌华健康咨询有限公司达夫路口腔诊所,91330183MACAKETJ5M,,无等级,,33901.0
杭州富阳星佳健康管理有限公司金桥南路口腔诊所,TE3301833300518080,,无等级,,33936.0
杭州富阳春仁堂健康管理有限公司红刚中医诊所,91330183MA2H0GDA40,,无等级,,33934.0
杭州富阳曹氏诊所,92330183MACYY8TCX4,,无等级,,33889.0
杭州富阳朗禾口腔诊所,91330183MAEMYCPC87,,无等级,,33598.0
杭州富阳朱荣华外科诊所,TE3301833300444160,,无等级,,33963.0
杭州富阳李勇强全科诊所,TE3301833300233130,,无等级,,33949.0
杭州富阳李学忠牙科诊所,91330183MA2BKA5B98,,无等级,,33952.0
杭州富阳李宝琴中医诊所,92330183MA28L39H7C,,无等级,,33951.0
杭州富阳李敏口腔诊所,TE3301833300439630,,无等级,,33943.0
杭州富阳永意大药房有限公司振元堂中医诊所,TE3301833300486930,,无等级,,33971.0
杭州富阳汪上和牙科诊所,92330183MA2BR77E66,,无等级,,33937.0
杭州富阳沈根炎牙科诊所,92330183MA2BQKED2F,,无等级,,33978.0
杭州富阳洞桥枫林诊所,52330111773579325F,,无等级,,33873.0
杭州富阳洞桥贤德诊所,523301117410150580,,无等级,,33538.0
杭州富阳浩铭健康管理有限公司秋丰口腔诊所,91330183MA2B0F9H86,,无等级,,33899.0
杭州富阳清雅口腔诊所,TE3301833300428950,,无等级,,33613.0
杭州富阳渌渚新浦诊所,52330111740540328P,,无等级,,33874.0
杭州富阳湘溪诊所,52330111740531069D,,无等级,,33877.0
杭州富阳溢泽健康管理有限公司临安高虹口腔诊所,91330185MA27YLNP0C,,无等级,,35162.0
杭州富阳爱和根中医诊所,91330183MA2HXKYFX9,,无等级,,33941.0
杭州富阳王大圣口腔诊所,TE3301833300522280,,无等级,,33940.0
杭州富阳王振和中医门诊部有限公司大源中医诊所,91330183MA27XR641G,,无等级,,33927.0
杭州富阳王振和中医门诊部有限公司常安中医诊所,TE3301833300457040,,无等级,,33893.0
杭州富阳王振和中医门诊部有限公司新登中医诊所,TE3301833300435420,,无等级,,33926.0
杭州富阳王振和中医门诊部有限公司银湖中医诊所,91330183MA27XR588L,,无等级,,33632.0
杭州富阳申屠孟瑛中西医结合诊所,92330183MA28RM4354,,无等级,,33892.0
杭州富阳白洋内科诊所,TE3301833300451540,,无等级,,33939.0
杭州富阳百鸣口腔诊所,92330183MAD8KR4Q9Q,,无等级,,33824.0
杭州富阳益笑堂中医诊所有限公司,92330183MA2BNXLF2C,,无等级,,33631.0
杭州富阳盛航烽内科诊所,TE3301833300486460,,无等级,,33938.0
杭州富阳研颂医疗美容诊所,91330183MAD4AKCG0R,,无等级,,33851.0
杭州富阳礼源诊所,TE3301833300198890,,无等级,,33634.0
杭州富阳福光诊所,52330111470332528Q,,无等级,,33876.0
杭州富阳福德健健康管理有限公司依江路中医诊所,91330183MADWXY3R2N,,无等级,,33866.0
杭州富阳立清健康管理有限公司三联内科诊所,TE3301833300463130,,无等级,,33920.0
杭州富阳章强中西医结合诊所,92330183MA28W6XL0Y,,无等级,,33931.0
杭州富阳笑佳口腔诊所,TE3301833300437900,,无等级,,33942.0
杭州富阳美伦健康管理有限公司桂花西路口腔诊所,91330183MA28L61D11,,无等级,,33915.0
杭州富阳胥口高坪诊所,523301117654863057,,无等级,,33588.0
杭州富阳茂华中医诊所,TE3301833300448630,,无等级,,33972.0
杭州富阳董罗明中医诊所,92330183MA28T9LB45,,无等级,,33965.0
杭州富阳蒋勤锋牙科诊所,92330183MA2BLD385T,,无等级,,33909.0
杭州富阳蒋婉婉中医诊所,TE3301833300203040,,无等级,,33900.0
杭州富阳袁岚西医内科诊所,TE3301833300439600,,无等级,,33961.0
杭州富阳裕杰口腔诊所,TE3301833300452640,,无等级,,33910.0
杭州富阳诺诚口腔诊所,92330183MAD58W8154,,无等级,,33840.0
杭州富阳远恒健康管理咨询有限公司东洲口腔诊所,TE3301833300446830,,无等级,,33921.0
杭州富阳远恒健康管理咨询有限公司迎春北苑口腔诊所,91330108MA2801T48Q,,无等级,,33467.0
杭州富阳金智健康管理有限公司湖后路口腔诊所,91330183MAECXEUY07,,无等级,,33801.0
杭州富阳铖浩口腔门诊部有限公司萧山楼塔口腔诊所,91330109MA28X3487A,,无等级,未定级,38473.0
杭州富阳阿秀牙科诊所,92330183MA2H2EB729,,无等级,,33964.0
杭州富阳陆定海中医诊所,TE3301833300225260,,无等级,,33904.0
杭州富阳陈彩霞中医伤科诊所,TE3301833300207630,,无等级,,33891.0
杭州富阳陈鸿华牙科诊所,92330183MA2BL6AR6L,,无等级,,33958.0
杭州富阳雅健口腔诊所,TE3301833300455740,,无等级,,33946.0
杭州富阳雅泽口腔诊所,TE3301833300713310,,无等级,,33535.0
杭州富阳雅美健康管理有限公司三桥口腔诊所,91330183MA2GNDD92T,,无等级,,33914.0
杭州富阳韩倬琦中医诊所,TE3301833300502550,,无等级,,33953.0
杭州富阳顺康和健康管理有限公司洞桥头中医诊所,TE3301833300484740,,无等级,,33970.0
杭州富阳颐济元中医诊所,91330183MAER8W2944,,无等级,,33644.0
杭州富阳高洪群诊所,92330183MA28WMEA35,,无等级,,33962.0
杭州富阳黄楚芮口腔诊所,TE3301833300435600,,无等级,,33947.0
杭州寻美医疗美容有限公司上城悦郡城医疗美容诊所,91330102MAD6CJ9D7E,,无等级,,36520.0
杭州寿安堂天华中医诊所,91330105MAD00H7W3X,,无等级,,34515.0
杭州寿满堂健康管理有限公司新湾复兴路中医诊所,91330100MA2HXP5A8T,,无等级,,33136.0
杭州封万林健康管理有限公司萧山瓜沥东灵路口腔诊所,91330109MA2GLBCD26,,无等级,,38589.0
杭州小乔医疗美容诊所,91330102MADP53JL1F,,无等级,,36442.0
杭州小氧医疗美容诊所,91330108MA2KGU518J,,无等级,,33440.0
杭州小白兔口腔诊所,91330106MAEW8K7JXD,,无等级,,37137.0
杭州小铭医疗美容诊所,91330105MAENQ94A7M,,无等级,,34022.0
杭州小鱼健康管理有限公司学源街口腔诊所,91330101MA2GNDEQ8R,,无等级,,36998.0
杭州小麦健康管理服务有限公司保健路中医诊所,91330110MA2H2K4747,,无等级,,35407.0
杭州尚佳健康管理有限公司紫花路口腔诊所,91330102341855066Y,,无等级,,36663.0
杭州尚恩口腔诊所,91330102MADNDYXY3W,,无等级,,36247.0
杭州尚悦医疗美容诊所,91330104MA2KF5F42B,,无等级,,36037.0
杭州尚维健康管理有限公司萧山枫香路口腔诊所,91330109MA2GNFPF36,,无等级,,37994.0
杭州尚进健康管理有限公司富阳东洲诊所,91330183MADETC1516,,无等级,,33638.0
杭州展宏中医诊所,91330114MA8GFHFT75,,无等级,,33115.0
杭州山澜堂中医诊所,91330102MAE7EPQX9N,,无等级,,36190.0
杭州山畔晟庭中西医结合诊所,91330105MAD20X0TXG,,无等级,,34624.0
杭州山益堂中医诊所,91330102MA27YK285C,,无等级,,36419.0
杭州屹佰堂健康管理有限公司明石路中医诊所,91330104MA2AX0D29L,,无等级,,36158.0
杭州岐伯中医诊所,91330106MAE7KFNA78,,无等级,,37471.0
杭州岐杏堂中医诊所,91330106MA2CFXNBX6,,无等级,,37556.0
杭州岚盛口腔诊所,TE3301083300515350,,无等级,,33497.0
杭州峥爱健康管理有限公司临平九漾华庭口腔诊所,91330110MA2H1NKU78,,无等级,,35685.0
杭州峰仁健康管理有限公司南苑世纪大道中西医结合诊所,91330110MA27Y3TG6Y,,无等级,,35609.0
杭州峰凯健康管理有限公司临平中西医结合诊所,91330113MA7ENCJM1N,,无等级,,35572.0
杭州峰凯健康管理有限公司临平临城路中西医结合诊所,91330113MADAPRGNXK,,无等级,,35586.0
杭州峰易健康管理有限公司临平嘉悦府中西医结合诊所,91330113MAC187XP7N,,无等级,,35610.0
杭州峰程健康管理有限公司临平南苑乔莫东路中西医结合诊所,91330110MA2CGCCF0D,,无等级,,35587.0
杭州峰程健康管理有限公司胜桑街诊所,91330113MACWKQ3M7N,,无等级,,35525.0
杭州峰达健康管理有限公司萧山益农红阳路口腔诊所,91330109MA2H09K75A,,无等级,,38498.0
杭州峻喆健康管理有限公司萧山博学玉府口腔诊所,91330109MA2GK6FY43,,无等级,,38579.0
杭州崇安诊所,91330113MADYT8NX8U,,无等级,,35334.0
杭州崇康健康管理有限公司临平金康诊所,91330110MA2B2N6R38,,无等级,,35642.0
杭州崇新健康管理有限公司白马庄街诊所,91330104MA2GKAWY3E,,无等级,,36572.0
杭州崇本堂健康管理有限公司三墩中医诊所,913301063113338577,,无等级,,37600.0
杭州崇本堂健康管理有限公司余杭良渚铭雅苑中医诊所,91330110MA27XA8T2H,,无等级,,39081.0
杭州崇贤聚贤堂中医诊所,91330110MA2KER5C9Y,,无等级,,35677.0
杭州州君安中医诊所,91330105MAE6G82U57,,无等级,,34329.0
杭州左梵医疗管理有限公司萧山汇金医疗美容诊所,91330109MADK30MJ01,,无等级,,38213.0
杭州巧妙健康管理有限公司天运路口腔诊所,91330104MA2AXYBP7H,,无等级,,36593.0
杭州巨久中西医结合诊所,91330105MA2GK1N89M,,无等级,,34848.0
杭州巨合中医诊所,91330106MAD2MKLG1R,,无等级,,37289.0
杭州巨好健康咨询管理有限公司萧山华鸿都会医疗美容诊所,91330109MACTJWBY4B,,无等级,,38310.0
杭州市丁蕙第二小学白鹤校区卫生站,12330104MB0T70398R,未定级,未定级,无级别,35573.0
杭州市上城区丁兰街道社区卫生服务中心,12330104470211128Q,未定级,未定级,无级别,35809.0
杭州市上城区九堡街道社区卫生服务中心钱塘智慧城社区卫生服务站,12330104470211988C,未定级,未定级,无级别,35756.0
杭州市上城区人民医院看守所卫生所,12330104470211064T,未定级,未定级,,35745.0
杭州市上城区四季青街道社区卫生服务中心钱景社区卫生服务站,12330104470211136K,未定级,未定级,无级别,35794.0
杭州市中医院广兴堂中医诊所,12330100470116681D,,无等级,三级,36313.0
杭州市临安区岛石镇银坑村卫生室.,12330185470362305K,未定级,未定级,二级,34881.0
杭州市临安区板桥镇三口村卫生室,12330185741030047H,未定级,未定级,无级别,34886.0
杭州市临安区潜川镇青山殿村卫生室,12330185470362268D,未定级,未定级,二级,34884.0
杭州市临安区锦城第二初级中学医务室,TE3301853300508490,,无等级,,34908.0
杭州市临安区锦城街道新民里社区卫生服务站,1233018547036225XD,未定级,未定级,三级,34915.0
杭州市临安区锦城街道社区卫生服务中心东门社区卫生服务站,12330185470364052W,一级,一级,未定级,34903.0
杭州市临平区中医院致和堂中医诊所,12330110470390664U,未定级,未定级,三级,35248.0
杭州市临平区南苑街道社区卫生服务中心翁梅社区卫生服务站,12330113MB1H91202Y,未定级,未定级,无级别,35217.0
杭州市临平区妇幼保健院,123301104703906561,三级,三级,未定级,35272.0
杭州市临平区第一人民医院,123301104703906486,三级,三级,未定级,35214.0
杭州市余杭区中泰街道社区卫生服务中心,123301105605558560,未定级,未定级,无级别,38832.0
杭州市余杭区五常街道社区卫生服务中心荆丰社区卫生服务站,12330110560554677J,未定级,未定级,无级别,38821.0
杭州市余杭区仓前街道社区卫生服务中心宋家山社区卫生服务站,12330110560569342T,无级别,无级别,未定级,38776.0
杭州市余杭区瓶窑镇社区卫生服务中心凤都村社区卫生服务站,12330110563043098C,未定级,未定级,无级别,38775.0
杭州市余杭区第三人民医院,12330110470390322G,二级,二级,无级别,38753.0
杭州市余杭区第二人民医院仓南广场中西医结合诊所,12330110470390330B,,无等级,未定级,38747.0
杭州市余杭区良渚街道社区卫生服务中心白洋里社区卫生服务站,12330110566069242D,未定级,未定级,无级别,38800.0
杭州市公安局上城区分局诊所,113301020024941552,,无等级,,36496.0
杭州市安吉路实验学校武林校部卫生站,12330103470180130Y,未定级,未定级,无级别,34274.0
杭州市富阳区东洲街道社区卫生服务中心,1233018374054672X8,未定级,未定级,无级别,33597.0
杭州市富阳区富春街道后亭子社区卫生服务站,12330183571474867R,未定级,未定级,无级别,33680.0
杭州市富阳区第三人民医院,12330183470332499T,未定级,未定级,,33809.0
杭州市拱墅区人民中西医结合医院,1233010347024048XJ,二级,二级,,34130.0
杭州市拱墅区大关上塘街道社区卫生服务中心,12330105470240498F,未定级,未定级,无级别,34111.0
杭州市红十字会医院老干部大学医务室,12330100470116657W,无级别,无级别,三级,34132.0
杭州市萧山区义桥镇社区卫生服务中心,123301094704524746,未定级,未定级,无级别,37827.0
杭州市萧山区北干街道社区卫生服务中心,12330109470452204K,未定级,未定级,无级别,37674.0
杭州市萧山区城厢街道社区卫生服务中心,123301094704522209,未定级,未定级,无级别,37670.0
杭州市萧山区瓜沥镇坎山社区卫生服务中心,12330109MB1R71171R,未定级,未定级,无级别,37702.0
杭州市萧山区第一人民医院,12330109470453493C,三级,三级,未定级,37695.0
杭州市西溪医院,123301005898869669,三级,三级,未定级,37058.0
杭州市长寿桥小学凤起校区卫生站,123301034701806599,未定级,未定级,无级别,34358.0
杭州布菲健康管理有限公司田园山水里口腔诊所,91330105MABPK2207N,,无等级,,34806.0
杭州布菲健康管理有限公司田园牧歌口腔诊所,91330105MA28RWFG93,,无等级,,34761.0
杭州帅民健康管理有限公司桃安路内科诊所,913301103281559970,,无等级,,35660.0
杭州师范大学东城实验学校卫生站,1233010447021242X2,未定级,未定级,无级别,35796.0
杭州师范大学玉皇山校区医务室,12330100470103303W,无级别,无级别,未定级,37138.0
杭州希伯仑医疗投资管理有限公司大江东义和诊所,91330100MA2CC7CA42,,无等级,,33162.0
杭州希伯仑医疗投资管理有限公司大江东金蜂诊所,91330100MA2B2TTEXC,,无等级,,33163.0
杭州希洛缇医疗美容有限公司河庄医疗美容诊所,91330114MA8GH07703,,无等级,,33146.0
杭州帝玛尔中医诊所,91330102MACC50X66N,,无等级,,36321.0
杭州常阅健康管理有限公司萧山义桥南坞中西医结合诊所,91330109MADAMKUB5Q,,无等级,,38439.0
杭州幂儿企业管理有限公司萧山金城路医疗美容诊所,91330109MA2KK03M7B,,无等级,,38452.0
杭州平气中医诊所,91330105MA7L45XUX1,,无等级,,34572.0
杭州平浩中医诊所,91330102MA7LNGM754,,无等级,,36294.0
杭州平芬健康管理有限公司广业街中医诊所,91330105MA2KK3AT74,,无等级,,34694.0
杭州年轮浮想国医疗美容诊所,91330102MABLT7XQ6W,,无等级,,36717.0
杭州幸民健康管理有限公司萧山前孔诊所,91330109MAE35YDAXA,,无等级,,38210.0
杭州幼泡医疗美容诊所,91330108MABWWQRY1J,,无等级,,33336.0
杭州幽兰医疗美容诊所,91330105MA7AWJJL88,,无等级,,34745.0
杭州广业轩中医诊所,91330105MACRDJXL88,,无等级,,34725.0
杭州广云内科诊所,91330108MA2GPM2B4J,,无等级,,33447.0
杭州广众中医诊所,91330104MA2KFTDC0R,,无等级,,36656.0
杭州广和寿健康管理有限公司南苑中西医结合诊所,91330113MAEJ9TDU66,,无等级,,35327.0
杭州广富兴健康管理有限公司大江东河庄河中路口腔诊所,91330100MA2CCQ710T,,无等级,,33047.0
杭州广康中医诊所,91330102MADKDBF80C,,无等级,,36389.0
杭州广康医疗管理有限公司运河中西医结合诊所,91330113MAEKCN535R,,无等级,,35409.0
杭州广御诊所,91330114MA8GFL5R84,,无等级,,33116.0
杭州广旺堂中医诊所有限公司十号大街中医诊所,91330114MA2KLCT43M,,无等级,,36819.0
杭州广杏林健康管理有限公司春秋北路中医诊所,91330183MA2H133J49,,无等级,,33890.0
杭州广福源中医诊所,91330105MADGNJRQ77,,无等级,,34243.0
杭州广药健康管理有限公司江东金座中医诊所,91330114MA8GELPX9R,,无等级,,33183.0
杭州广誉远中医诊所,91330110MA27W0853Y,,无等级,,35627.0
杭州广誉远文化创意有限公司世纪大道中医综合诊所,91330113MAENHH9W18,,无等级,,35325.0
杭州广铭诊所,TE3301903300701120,,无等级,,36850.0
杭州广阔健康管理有限公司余杭仁和中西医结合诊所,91330110MA27YA8M0X,,无等级,,38768.0
杭州广阔健康管理有限公司余杭良渚通运路中西医结合诊所,91330110MA2804HW93,,无等级,,39110.0
杭州庄人堂中医诊所,91330106MA2AYUMR8E,,无等级,,37651.0
杭州庄氏健康管理有限公司萧山井岭路内科诊所,91330109MA2CDTQJ2B,,无等级,,38613.0
杭州庆康健康管理有限公司横塘中西医结合诊所,91330104MA2KCLH50N,,无等级,,36469.0
杭州庆康健康管理有限公司笕丁路中西医结合诊所,91330102MACF540U6C,,无等级,,36588.0
杭州庆毓堂中西医结合诊所,91330102MA7CTA9R4E,,无等级,,36521.0
杭州庆英中医诊所,91330105MA7KNJNK5D,,无等级,,34164.0
杭州庆鹤健康管理有限公司瑞庆中医诊所,TE3301833300508040,,无等级,,33967.0
杭州康丰健康管理有限公司萧山宁牧内科诊所,91330109MA2H1UFU4Y,,无等级,,38328.0
杭州康久天颐中西医结合诊所,91330105MA2KH3EQ1N,,无等级,,34631.0
杭州康仁中西医结合诊所,91330102MAD40GGR0C,,无等级,,36386.0
杭州康仁健康管理有限公司杭仁堂中医诊所,TE3301833300497730,,无等级,,33980.0
杭州康伟健康管理有限公司春江诊所,91330183MA2HXGK15C,,无等级,,33918.0
杭州康俊健康管理有限公司临平康民诊所,91330110MA2KDWC54X,,无等级,,35346.0
杭州康信诊所有限公司石塘东路诊所,91330113MADY1FJ5XE,,无等级,,35529.0
杭州康健佳医疗服务管理有限公司临江佳苑诊所,91330100MA27Y1FL2A,,无等级,,33063.0
杭州康健佳医疗服务管理有限公司润东府诊所,91330100MA2H1Y3G43,,无等级,,33087.0
杭州康先中西医结合诊所,91330105MACPY9RA5B,,无等级,,34255.0
杭州康兴健康管理有限责任公司杨村桥口腔诊所,91300182MA2CFGRN7J,,无等级,,39247.0
杭州康凯健康管理有限公司临平南苑九漾华庭诊所,91330110MA27XU009R,,无等级,,35597.0
杭州康华中医诊所,91330114MA8GFKCB99,,无等级,,36921.0
杭州康原堂医疗投资管理有限公司余杭凤凰山路中医诊所,91330110MA27XCJT8B,,无等级,,39104.0
杭州康和堂中医诊所,91330102MADXF53X5B,,无等级,,36447.0
杭州康善健康管理有限公司临平南苑街诊所,91330110MA2800GY8F,,无等级,,35596.0
杭州康宇生物科技有限公司临平天荷路诊所,91330110MA2AYJM154,,无等级,,35687.0
杭州康寿堂中医诊所,91330102MADAD5AG9H,,无等级,,36068.0
杭州康川健康管理有限公司丁兰中西医结合诊所,91330102MAD90RWX65,,无等级,,36534.0
杭州康庄健康管理有限公司崇贤中西医结合诊所,91330113MA2KKW2LXI,,无等级,,35620.0
杭州康弛口腔诊所,91330104MA2B21QT7E,,无等级,,36750.0
杭州康得健康管理有限公司临平南苑逸仙路中西医结合诊所,91330110MA2GP3050E,,无等级,,35570.0
杭州康悦中医诊所,91330102MADYPCY588,,无等级,,35881.0
杭州康惠中西医结合诊所,91330104328254872E,,无等级,,36712.0
杭州康捷健康管理有限公司大关口腔诊所,91330105341917618F,,无等级,,34695.0
杭州康昂健康咨询有限公司仁爱路诊所,91330104MA27W7F06P,,无等级,,36583.0
杭州康昂健康咨询有限公司普仁诊所,91330104084575548W,,无等级,,36541.0
杭州康杰中医诊所,91330102MAE376JN92,,无等级,,36383.0
杭州康桃健康管理有限公司临平龙腾街诊所,91330113MADJEBB8XJ,,无等级,,35563.0
杭州康民健康管理有限公司临平运河湖潭诊所,91330110MA28W3HL0G,,无等级,,35663.0
杭州康民医疗管理有限公司萧山桥南沈诊所,91330109MA2HXGJE5Y,,无等级,,38055.0
杭州康泓医疗健康有限公司景溪北苑中西医结合诊所,91330106MAE8LHGR32,,无等级,,37136.0
杭州康泽健康管理有限公司回龙路口腔诊所,91330103MA27WPQY3M,,无等级,,34129.0
杭州康济健康管理有限公司文居街中医诊所,91330183MAE8X8R2X3,,无等级,,33845.0
杭州康源医疗管理有限公司祥符路中西医结合诊所,91330105MA2CEEG83X,,无等级,,34866.0
杭州康源堂中医诊所,91330102MA2KDD304N,,无等级,,36481.0
杭州康源堂医药科技有限公司金隅金座中医诊所,91330114MA8GGMNXXQ,,无等级,,36962.0
杭州康满健康管理有限公司萧山飞虹路诊所,91330109MAEGL29Y20,,无等级,,37839.0
杭州康燕健康管理有限公司萧山生兴路内科诊所,91330109MAD1F41M0X,,无等级,,38427.0
杭州康疗源中医诊所,91330114MA8GGQ0D07,,无等级,,33126.0
杭州康睦中医诊所,91330102MADLKU2U9N,,无等级,,35940.0
杭州康祥健康管理有限公司萧山里士湖路中西医结合诊所,91330109MADPD9YH48,,无等级,,38381.0
杭州康立得健康管理有限公司萧山晨晖路诊所,91330109MA2GL19W19,,无等级,,38300.0
杭州康视眼科诊所,91330102MACRGRTC7A,,无等级,,36463.0
杭州康誉健康管理有限公司临平汀雨路口腔诊所,91330110MA2CE7DT7G,,无等级,,35591.0
杭州康诚中西医结合诊所,91330102MADW52QQ08,,无等级,,36444.0
杭州康跃诊所,91330108MAD910PF64,,无等级,,33375.0
杭州康达盛中西医结合诊所,91330102MAC2G9E1X0,,无等级,,35997.0
杭州康进广健康管理有限公司环丁路口腔诊所,91330104328186865R,,无等级,,36394.0
杭州康邻健康管理有限公司余杭良渚赞之城中西医结合诊所,91330110MA2B2941XN,,无等级,,39142.0
杭州康部医疗投资管理有限公司紫霞街中西医结合诊所,91330106MA28X3RT5J,,无等级,,37288.0
杭州康顺堂中医诊所,91330102MADXRUAA5U,,无等级,,36435.0
杭州康鹏健康管理有限公司余杭瓶窑下金诊所,91330110MA2B1P3R4R,,无等级,,39084.0
杭州康齐健康管理有限公司萧山名望府中西医结合诊所,91330109MAC50PJX26,,无等级,,38377.0
杭州康齿乐健康管理有限公司萧山北干口腔诊所,91330109MA2B01YL1G,,无等级,,37902.0
杭州延熙健康管理有限公司明慧苑中医诊所,91330106MA2KKTU08H,,无等级,,37606.0
杭州延龄堂中医诊所,91330103MA2CDMJ38H,,无等级,,34611.0
杭州建富健康管理有限公司临平永宁路诊所,91330110MA27XXKG58,,无等级,,35378.0
杭州建德巴美健康管理有限公司美好广场口腔诊所,91330182MA2GNUT58R,,无等级,,39391.0
杭州建标中医诊所,91330108MACA7FBX7Q,,无等级,,33403.0
杭州开乐口腔诊所,91330106MA2GP5NL3R,,无等级,,37621.0
杭州开颜美原子医疗美容诊所,91330102MACM330M3M,,无等级,,35863.0
杭州开颜致臻诊所,91330102MAEPUKJQ7A,,无等级,,35870.0
杭州弗艾弗凤起医疗美容诊所,91330102MAD7P68HX2,,无等级,,36153.0
杭州弘景健康管理有限公司天城路中医诊所,91330104MA28RER729,,无等级,,36676.0
杭州弘泽健康管理有限公司夏意苑中医诊所,91330105MA2CG35T6B,,无等级,,34480.0
杭州弘盛中医诊所,91330102MA2KMBNF8X,,无等级,,36453.0
杭州弘轩堂中医诊所,91330105MACJ46522C,,无等级,,34773.0
杭州张智龙诊所,92330100MA28NMMA5D,,无等级,,33118.0
杭州张氏健康管理有限公司临平新颜路口腔诊所,91330110MA27W9AG0D,,无等级,,35676.0
杭州张田健康管理有限公司新湾路中医诊所,91330114MA8GFGXR2W,,无等级,,33005.0
杭州归壶轩健康管理有限公司江东金座中医诊所,91330114MA8GGER11K,,无等级,,33181.0
杭州彦恩医疗美容诊所,91330108MACKANQBX5,,无等级,,33280.0
杭州彭华光口腔诊所,91330105MA27YN7D62,,无等级,,34801.0
杭州彭生健康管理有限公司萧山东灵路诊所,91330109MACR9Y101G,,无等级,,38476.0
杭州征文健康管理有限公司建塘路口腔诊所,91330104MA2CEQ5K4P,,无等级,,36579.0
杭州徐曾健康管理有限公司临平崇贤众望街内科诊所,91330110MA27YA8Y93,,无等级,,35670.0
杭州得安中西医结合诊所,91330113MADWU5BB7L,,无等级,,35464.0
杭州得美健康管理有限公司临安金冠口腔诊所,91330185MA2GPP0BXK,,无等级,,35119.0
杭州得道健康管理有限公司河庄商业街诊所,91330100MA2KDKYW25,,无等级,,33145.0
杭州御喆健康管理有限公司萧山嘉裕天城诊所,91330109MADLYHBE65,,无等级,,38329.0
杭州御守堂商业运营管理有限公司大江东经五路诊所,91330100MA2GN9DG9k,,无等级,,33060.0
杭州御康中医诊所,91330102MAD4NFWP9D,,无等级,,35750.0
杭州御康健康管理有限责任公司萧山西陵路诊所,91330109MA2CCU8Y8Y,,无等级,,37921.0
杭州御方堂康合中医诊所,91330105MA2AY3X54Y,,无等级,,34596.0
杭州御方堂建合中医诊所,91330103MA2B154N33,,无等级,,34839.0
杭州御潮中医诊所,91330102MA8GFHR491,,无等级,,36567.0
杭州御瑞隆中医诊所,91330104MA28XERD4L,,无等级,,35759.0
杭州御盛健康管理有限公司萧山瓜沥人民路西内科诊所,91330109MA2CG2JU06,,无等级,,38688.0
杭州御福堂中医诊所,91330105MAETWQRN4M,,无等级,,34145.0
杭州御草堂中医诊所,91330106MADLGK7D2P,,无等级,,37515.0
杭州御药堂中医诊所,91330104MA2KEB320J,,无等级,,36260.0
杭州御跸口腔诊所,9133010378828102XC,,无等级,,34753.0
杭州御龙堂医疗管理有限公司临安锦城中医诊所,91330185MAEE6HYY9R,,无等级,,35001.0
杭州微甲精管健康管理有限公司富阳公望诊所,91330183MAC2BP9C4A,,无等级,,33984.0
杭州德乾医疗有限公司尚堂府诊所,91330105MADBR8H91R,,无等级,,34649.0
杭州德医堂健康管理有限公司长阳路中医诊所,91330105322884988P,,无等级,,34724.0
杭州德嘉堂健康管理有限公司余杭塘路中医诊所,91330106MA2GMU3M6P,,无等级,,37554.0
杭州德奥健康管理有限公司余杭凤新路口腔诊所,91330110MA27YT3Q3H,,无等级,,39026.0
杭州德奥健康管理有限公司昊轩口腔诊所,91330108MA2GMRPWX6,,无等级,,33498.0
杭州德康堂健康管理有限公司灯彩街中医诊所,91330106MA2CDJBQ72,,无等级,,37605.0
杭州德康诊所,91330110328217983L,,无等级,,35639.0
杭州德慈航健康管理有限公司星都路中西医结合诊所,91330113MADKABA90P,,无等级,,35255.0
杭州德承堂中医诊所,91330102MADRQN6B89,,无等级,,36426.0
杭州德斯医疗科技有限公司城西银泰医疗美容诊所,91330105MA27YWRU75,,无等级,,34749.0
杭州德曼菲亚医疗美容诊所,91330108MAC1YBKX2L,,无等级,,33512.0
杭州德民健康管理有限公司半山路中西医结合诊所,913301053418997207,,无等级,,34856.0
杭州德源堂中医诊所,91330105MADQCF713E,,无等级,,34630.0
杭州德益健康管理有限公司田园秋韵诊所,91330105MAD8W5RC6K,,无等级,,34677.0
杭州德盛堂健康管理有限责任公司双港路中医诊所,91330106MA2B06699E,,无等级,,37594.0
杭州德真健康管理有限公司月雅城诊所,91330101MA27XJ5C96,,无等级,,36992.0
杭州德缘健康管理有限公司文渊路诊所,91330101MA2H04WK4Y,,无等级,,36858.0
杭州德美医院管理有限公司萧山兴五路诊所,91330109MAE3LD9M2L,,无等级,,38121.0
杭州德聚顺健康管理有限公司临平南苑藕花洲大街诊所,91330110MA280W6Y1B,,无等级,,35239.0
杭州德胜中西医结合诊所,913301037966765587,,无等级,,34778.0
杭州德道中医健康管理有限公司和春堂中医诊所,91330108MA28XPYD9B,,无等级,,33432.0
杭州德鹏健康管理有限公司宝华路诊所,91330101MA2CGR3U79,,无等级,,36940.0
杭州心悦诊所,91330102MA2807R337,,无等级,,36609.0
杭州心意堂诊所（备案）,91330108MA2KHHNC2B,,无等级,,33405.0
杭州心新健康管理有限公司河庄商业街诊所,91330100MA2B0P4D0F,,无等级,,33158.0
杭州心晴花园诊所,91330108MACBQMHP3R,,无等级,,33438.0
杭州心漾悦容医疗美容诊所,91330105MADM3RMG12,,无等级,,34280.0
杭州心追医疗美容诊所,91330108MACHNRM03M,,无等级,,33455.0
杭州念康医疗管理有限公司萧山建业银座诊所,91330109MADH7APW2Y,,无等级,,38383.0
杭州思丽美医疗美容诊所,91330105MAD9R60297,,无等级,,34659.0
杭州思力普诊所,91330106MA2B072538,,无等级,,37094.0
杭州思康中西医结合诊所,91330102MADLKU3J5N,,无等级,,36492.0
杭州思敏健康管理有限公司临安夏禹桥口腔诊所,91330185MA2GNTM18D,,无等级,,35195.0
杭州思达芮医疗美容诊所,91330102MACGDXYXOB,,无等级,,36628.0
杭州思邈文澜阁中医诊所,91330105MACXQ6WL2Q,,无等级,,34719.0
杭州思雅妍医疗美容诊所,91330105MA7C14YP8E,,无等级,,34689.0
杭州怡丽健康管理有限公司颜三路口腔诊所,91330103MAZCCE0A75,,无等级,,34793.0
杭州怡乐口腔诊所,9133010476822647X8,,无等级,,36684.0
杭州怡亚医疗管理有限公司金蜂一路中医诊所,91330114MA8GG4HR3W,,无等级,,33120.0
杭州怡亮口腔医疗有限公司金沙学府口腔诊所,91330101MA280X8H85,,无等级,,36944.0
杭州怡方堂医疗管理有限公司新湾诊所,91330114MA8GFBBH7R,,无等级,,33022.0
杭州怡琳健康管理有限公司萧山姚江岸诊所,91330109MA2CC45F2M,,无等级,,38330.0
杭州恒一健康管理有限公司临安昌化滨江路口腔诊所,91330185MA2GLT4M4M,,无等级,,35110.0
杭州恒一健康管理有限公司临安锦城口腔诊所,91330185MA28TF2BXP,,无等级,,35109.0
杭州恒呀健康管理有限公司余杭未来口腔诊所,91330110MA2COBWT3T,,无等级,,39032.0
杭州恒品健康管理有限公司新怡家园口腔诊所,91330101MA27Y4UH3J,,无等级,,36963.0
杭州恒思健康管理有限公司萧山吕才庄口腔诊所,91330109MA2CFH4L7R,,无等级,,38494.0
杭州恒朴中医诊所,91330106MAEG6LC70D,,无等级,,37269.0
杭州恒瑜健康管理有限公司余杭北宸之光西医内科诊所,91330110MA2AY0DJ30,,无等级,,39151.0
杭州恒瑜健康管理有限公司余杭好运路诊所,91330110MA2CG71L6J,,无等级,,39095.0
杭州恒瑜健康管理有限公司广泰路诊所,91330101MA2AXWN97P,,无等级,,36911.0
杭州恒直健康管理有限公司听涛路口腔诊所,91330100MA2HXY2X1A,,无等级,,36990.0
杭州恒睿医疗美容诊所,91330113MA7MXE7Y05,,无等级,,35613.0
杭州恒秀健康管理有限公司临平崇贤内科诊所,91330110MA28RRGF3N,,无等级,,35488.0
杭州恒约医疗管理有限公司南沙路诊所,91330114MA8GGM185H,,无等级,,33027.0
杭州恩妍医疗美容诊所,91330110MA280YDX3K,,无等级,,35574.0
杭州恩惠中医诊所,91330113MAEHLQLC5F,,无等级,,35385.0
杭州恩济诊所,91330105MAD6K1H14W,,无等级,,34678.0
杭州恩莹医疗管理有限公司南沙新苑诊所,91330100MA2J1TQ75R,,无等级,,33025.0
杭州恩贝方中医诊所,91330106MAE4XM671Q,,无等级,,37509.0
杭州恩邦健康管理有限公司海通街诊所,91330101MA2CF2B41E,,无等级,,36806.0
杭州恩雅医疗美容诊所,91330105MA2KK40M9K,,无等级,,34379.0
杭州悦丽美科医疗美容诊所,91330103MA2B2FQ67G,,无等级,,34612.0
杭州悦享中医诊所,91330102MAE5QA7X0L,,无等级,,36333.0
杭州悦俐医疗美容诊所,91330102MAC03DTK9U,,无等级,,33452.0
杭州悦励诊所,91330104MA2KHE8W2W,,无等级,,36587.0
杭州悦可医疗美容诊所,913301033282942769,,无等级,,34789.0
杭州悦己越己健康科技有限公司城星路医疗美容诊所,91330104MA27WR9A4U,,无等级,,36474.0
杭州悦心堂中医诊所,92330102MADNLXDK2F,,无等级,,36458.0
杭州悦民健康管理有限公司临平汀雨路中西医结合诊所,91330110MA2CFEE94M,,无等级,,35501.0
杭州悦民健康管理有限公司余杭栅庄桥中西医结合诊所,91330110MA2GPW2P6K,,无等级,,39109.0
杭州悦源医疗美容诊所,91330106MA2KG03K9W,,无等级,,37479.0
杭州悦球医疗美容诊所,91330105MA2KKU0A1M,,无等级,,36033.0
杭州悦艺美医疗美容诊所,91330103MA2J22JY3Y,,无等级,,34854.0
杭州悦芽口腔诊所,91330108MA2KKWLP3D,,无等级,,33509.0
杭州悦荣湾口腔诊所,91330102MADQPXH25D,,无等级,,35815.0
杭州悦诚健康咨询有限公司余杭良渚通信桥西医内科诊所,TE3301103300471450,,无等级,,39112.0
杭州悦豪健康管理有限公司丁群街中西医结合诊所,91330104MA2KDWX4X5,,无等级,,35874.0
杭州悦霖诊所,91330102MADA71A639,,无等级,,35999.0
杭州惠众中医综合诊所,91330113MAEJM02K6G,,无等级,,35323.0
杭州惠媛健康管理有限公司义蓬钱汇名座医疗美容诊所,91330114MA8GH77R3H,,无等级,,33064.0
杭州惠宁健康管理有限公司新天地街诊所,91330103MA28L6R35F,,无等级,,34780.0
杭州惠雅口腔诊所,91330104328283622X,,无等级,,36668.0
杭州慈孝堂科技有限公司萧山楼塔洲口路诊所,91330109MA2KCGQ89Q,,无等级,,38273.0
杭州慈安堂中医诊所,91330105MADXGWW5X4,,无等级,,34626.0
杭州慈针堂健康管理有限公司建国北路中医诊所,91330105MACUYQ66XC,,无等级,,34210.0
杭州慈隐中医诊所,91330106MAEHQY0D9H,,无等级,,37342.0
杭州慧忛健康管理有限公司余杭尚冠口腔诊所,91330110MA2CC04R3X,,无等级,,39044.0
杭州慧慈中医诊所,91330105MABU5JWD3W,,无等级,,34638.0
杭州慧溪谷医疗美容诊所,91330102MA2KH7GU8C,,无等级,,35824.0
杭州慧通健康管理有限公司萧山南虹路内科诊所,91330109MAEUCRND1R,,无等级,,37798.0
杭州成全口腔医疗有限公司花园岗街口腔诊所,91330105MA27WYQQ2U,,无等级,,34586.0
杭州手拉手健康管理有限公司备塘路口腔诊所,91330104MA280MWJ76,,无等级,,36549.0
杭州扬嘉春晓综合诊所,9133010377929577X2,,无等级,,34705.0
杭州扶阳堂健康管理咨询有限公司月明路中医诊所,TE3301083300463630,,无等级,,33297.0
杭州扶阳堂健康管理咨询有限公司江晖中医诊所,91330108MA27WRCCX6,,无等级,,33296.0
杭州承平堂中医诊所,91330105MAC5TEC49E,,无等级,,34672.0
杭州承庆堂中医诊所,91330104MA2GNRT33T,,无等级,,36689.0
杭州承枢中医诊所,91330106MA28LFL82B,,无等级,,37591.0
杭州承泰中医诊所,913301043281731403,,无等级,,36636.0
杭州承泽诊所,92330110MA2BQE342U,,无等级,,35532.0
杭州承源堂中西医结合诊所,91330102MAC3F4FC8N,,无等级,,36735.0
杭州承珺堂中医诊所,91330104MA2KC89N17,,无等级,,36582.0
杭州承益堂中西医结合诊所,91330102MAEN2TFC7B,,无等级,,35941.0
杭州承臻堂中医诊所,91330105MA2KG1850P,,无等级,,34838.0
杭州护民医疗管理有限公司钱塘新区永宏叠家中医诊所,91330100MA2KDY0R3A,,无等级,,33189.0
杭州抱一堂中医诊所,91330105MAEB43Q59M,,无等级,,34504.0
杭州拓医堂健康管理有限公司余杭闲林诊所,91330110MA2J0M2L2L,,无等级,,39092.0
杭州拱墅侨盛口腔诊所,91330105397776914M,,无等级,,34765.0
杭州拱墅俞永芳口腔诊所,92330105MA28UWP089,,无等级,,34743.0
杭州拱墅厉叶品口腔诊所,92330105MA28R63946,,无等级,,34680.0
杭州拱墅吴军伟口腔诊所,92330105MA28MDY0X7,,无等级,,34623.0
杭州拱墅夏德明内科诊所,92330105MA2BJUJD3M,,无等级,,34814.0
杭州拱墅姚信法口腔诊所,92330105MA2BJN7NXW,,无等级,,34748.0
杭州拱墅张晓媛口腔诊所,92330105MA2BPTKW5G,,无等级,,34602.0
杭州拱墅汪玉琴中医诊所,92330105MA2BQAGL35,,无等级,,34754.0
杭州拱墅潘光荣口腔诊所,92330105MA28UWGB04,,无等级,,34490.0
杭州拱墅王金花口腔诊所,92330105MA2AY71K48,,无等级,,34826.0
杭州拱墅郭峻口腔诊所,92330105MA28LA384B,,无等级,,34855.0
杭州拱墅陈江丽口腔诊所,92330105MA2ADPKT3J,,无等级,,34766.0
杭州拱墅陈玉珍口腔诊所,92330105MA2BPEA92R,,无等级,,34820.0
杭州拱墅陈红莹口腔诊所,92330105MA28NFGB62,,无等级,,34853.0
杭州拱墅黄丽芳口腔诊所,92330105MA28MF2790,,无等级,,34852.0
杭州拱墅黄国先口腔诊所,92330105MA28RDGL4X,,无等级,,34837.0
杭州振拓健康管理有限公司余杭五常中西医结合诊所,91330110MADAK9Q254,,无等级,,38896.0
杭州振涵医疗投资管理有限公司临平北沙西路口腔诊所,91330110MA27XJEWX3,,无等级,,35521.0
杭州振涵医疗投资管理有限公司崇杭街口腔诊所,91330110MA27W4BL4F,,无等级,,35653.0
杭州捷宁港诊所,91330102MA7HDBGAXK,,无等级,,35760.0
杭州整艺医疗美容诊所,91330106MA2GYJKR0Q,,无等级,,37618.0
杭州文兴口腔诊所,9133010476822639XL,,无等级,,36590.0
杭州文澜健康管理有限公司富阳华康诊所,91330183MA2BWW739E,,无等级,,33537.0
杭州文澜健康管理有限公司富阳新城北诊所,91330183MA2CG0MY7N,,无等级,,33912.0
杭州斯荣健康管理有限公司余杭良渚管家塘诊所,91330110MA27X1DD95,,无等级,,38787.0
杭州新像医疗管理有限公司相埠路诊所,91330104MA27YFAM7D,,无等级,,36539.0
杭州新德口腔诊所,91330108MADGB7Y6XU,,无等级,,33435.0
杭州新怡诊所,91330114MA8GFQ1A7P,,无等级,,37017.0
杭州新杨堂医药科技有限公司严家弄中医诊所,913301043418192098,,无等级,,36695.0
杭州新氧青春叁陆医疗美容诊所,91330105MAEQXDUL42,,无等级,,34187.0
杭州新漾医疗美容诊所,91330110MA2GLJM79Q,,无等级,,35626.0
杭州新状态健康管理有限公司萧山临浦诊所,91330109MA2CC0J326,,无等级,,37982.0
杭州新玉康医疗管理有限公司大江东前新福苑诊所,91330100MA2GKH3R0T,,无等级,,33148.0
杭州新玉康医疗管理有限公司大江东新湾路中医诊所,91330100MA2CDTHQ2P,,无等级,,33149.0
杭州新生命诊所,91330104MA2GN28580,,无等级,,36739.0
杭州新芽医疗美容诊所,91330108MA2B00XR1A,,无等级,,33464.0
杭州新苑健康管理有限公司南沙中医诊所,91330100MA2J27CE9P,,无等级,,33150.0
杭州新荷诊所,91330102MADX57QJ8H,,无等级,,35970.0
杭州新阳诊所,91330102MADKJKF61X,,无等级,,35983.0
杭州新雨中医诊所,91330106MACBE8YT05,,无等级,,37416.0
杭州新风阅美医疗美容诊所,91330104MA2B0AAU7H,,无等级,,36650.0
杭州方元堂中医诊所,91330105MA2CDAGJ70,,无等级,,34100.0
杭州方回春堂集团有限公司定安爱警诊所,91330102MA2B2EFL76,,无等级,,36702.0
杭州方愈堂中医诊所,91330106MAEY1EER73,,无等级,,37135.0
杭州方荣诊所,91330106MAEB5E85XE,,无等级,,37470.0
杭州方诺中医诊所,91330106MA2KCU8314,,无等级,,37537.0
杭州施同春商贸有限公司崇贤前村街中医诊所,91330110MA28LNQ94L,,无等级,,35469.0
杭州施昂奋中医诊所,91330114MA8GJAMW94,,无等级,,33067.0
杭州旌驰健康管理有限公司翁乔路中医综合诊所,91330113MAD3CWR243,,无等级,,35309.0
杭州旗鼓口腔诊所,91330104765464253D,,无等级,,36548.0
杭州无亏诊所,91330102MAE3K7HQ43,,无等级,,36127.0
杭州无相健康管理有限公司萧山闻堰闻兴路诊所,91330109MA2CDE5E74,,无等级,,38350.0
杭州旨行诊所,92330100MA28UKU66N,,无等级,,33112.0
杭州旭奥诊所,91330108MADE58PW3X,,无等级,,33298.0
杭州旭康中医诊所,92330102MAD91CTA3K,,无等级,,35771.0
杭州旭瑞诊所,91330105MACEY9132B,,无等级,,34701.0
杭州时康健康管理有限公司崇杭街中西医结合诊所,91330113MAD9G3RF9R,,无等级,,35581.0
杭州昀瑞健康投资管理有限公司明珠街诊所,91330104MA2B1FCX3E,,无等级,,36639.0
杭州昆仑府中医诊所,91330102MAE2D67KXA,,无等级,,36382.0
杭州昇笙健康管理有限公司萧山丰安巷诊所,91330109MADMTEJD4K,,无等级,,38348.0
杭州昊屹健康咨询管理有限公司文一西路中医（综合）诊所,91330106MA2GL0M500,,无等级,,37485.0
杭州昊康健康管理有限公司环山中医诊所,91330183MA2CC4825P,,无等级,,33586.0
杭州昊康健康管理有限公司银湖中医诊所,TE3301833300513150,,无等级,,33559.0
杭州昊德健康管理有限公司萧山新康路口腔诊所,91330109MACL4M9J2Y,,无等级,,38296.0
杭州昊淼健康管理有限公司余杭良渚勾庄中西医结合诊所,91330110MA2CEY0R19,,无等级,,39061.0
杭州昊珺中医诊所,9133010435250857X0,,无等级,,36709.0
杭州昌乔健康管理有限公司萧山道源路口腔诊所,91330109MADU6CJ982,,无等级,,38316.0
杭州昌秀健康管理有限公司滨康路口腔诊所,91330108063956333J,,无等级,,33468.0
杭州昌荣健康管理有限公司紫萱路口腔诊所,91330106MA2CF3H348,,无等级,,37415.0
杭州昌裕医疗投资管理有限公司萧山临浦口腔诊所,91330109MA27XYE332,,无等级,,38655.0
杭州明亿健康管理有限公司萧山御景蓝湾中西医结合诊所,91330109MA2KDYYN70,,无等级,,37698.0
杭州明兰健康管理有限公司萧山郁金香岸内科诊所,91330109MACR04F34T,,无等级,,38550.0
杭州明冠健康管理有限公司宏达路口腔诊所,91330110MA27XN798K,,无等级,,35614.0
杭州明冠健康管理有限公司蓝庭口腔诊所,91330106328257782C,,无等级,,35540.0
杭州明喆健康管理有限公司萧山盛虹路诊所,91330109MA2GY9QU64,,无等级,,38631.0
杭州明壹堂中医诊所,91330102MAD5LN8112,,无等级,,36577.0
杭州明德健康管理有限公司萧山新农都口腔诊所,91330109MA27XKD04W,,无等级,,38654.0
杭州明德口腔管理有限公司萧山涝湖口腔诊所,91330109MADCJ47Y9Q,,无等级,,38359.0
杭州明德堂中医诊所,91330113MAEE3KX73P,,无等级,,35408.0
杭州明眸视康眼科诊所,91330183MADM2XCC6E,,无等级,,33821.0
杭州明石口腔诊所,91330102MA7D1G9T5Y,,无等级,,36728.0
杭州明福健康管理有限公司余杭西溪北苑中西医结合诊所,91330110MA2KH62356,,无等级,,39134.0
杭州明蕊浙新诊所,91330108MADMC5472U,,无等级,,33427.0
杭州明锆医疗投资管理有限公司大江东新湾口腔诊所,91330100MA2CD3X94C,,无等级,,33028.0
杭州明镜诊所,91330105MAC38LDPXG,,无等级,,34642.0
杭州明阳堂中西医结合诊所,92330102MA28XWE71U,,无等级,,36682.0
杭州易中堂中医诊所,91330106MAELC88P4M,,无等级,,37339.0
杭州易仁医疗管理有限公司星韵路中医诊所,91330110MA2GNEX925,,无等级,,35274.0
杭州易健深蓝中医诊所,91330103MA2J1QTX95,,无等级,,34674.0
杭州易安堂中医诊所,91330105MAEANQX833,,无等级,,34552.0
杭州易岐轩中医诊所,91330103095197888F,,无等级,,34809.0
杭州易康堂中医诊所,91330102MA2AXDAU4Y,,无等级,,36571.0
杭州易春堂中医诊所,913301023418529734,,无等级,,36446.0
杭州易民健康管理有限公司临平龙船坞路中西医结合诊所,91330113MAC0AU3392,,无等级,,35294.0
杭州易生堂中医诊所,91330102MA2J1Y946E,,无等级,,35942.0
杭州易荣健康管理有限公司永固巷中医诊所,91330105MAC1PDP004,,无等级,,34873.0
杭州昕宝健康管理有限公司永清路中医诊所,91330105MACDL6722N,,无等级,,34655.0
杭州昕望健康管理有限公司民康街口腔诊所,91330183MAEXJKME5Y,,无等级,,33600.0
杭州星丽仁健康咨询有限公司医疗美容诊所,91330182MAD6ALD27L,,无等级,,39175.0
杭州星之恒健康管理有限公司萧山宁东诊所,91330109MA2CG7KA74,,无等级,,38502.0
杭州星拾光医疗美容诊所,91330104341893142K,,无等级,,36365.0
杭州星曼芸医疗器械有限公司萧山利丰路医疗美容诊所,91330109MA2KF0AP9C,,无等级,,38182.0
杭州星曼芸医疗器械有限公司萧山利盈内科诊所,91330109MAEA0EQ13N,,无等级,,38244.0
杭州星汇医疗美容诊所,91330102MAC24FG214,,无等级,,35962.0
杭州星眸医疗美容诊所,91330105MADGE7H76P,,无等级,,34144.0
杭州星禾美医疗美容诊所,91330105MADYXU3108,,无等级,,35485.0
杭州星禾美容管理有限公司萧山市心北路医疗美容诊所,91330109MA2AYPA237,,无等级,,37668.0
杭州星秀科美生物科技有限公司萧山民和路医疗美容诊所,91330109MAD3F0DR9A,,无等级,,38319.0
杭州星纪熹一乐医疗美容诊所,91330105MA2KHKRX8K,,无等级,,34419.0
杭州星缇生物科技有限公司萧山宁围民和路医疗美容诊所,91330109MA2KE0CR2C,,无等级,,38033.0
杭州星耀上正医疗美容诊所,91330108MAD411WC4H,,无等级,,33281.0
杭州星辰医疗美容诊所,TE3301063300504640,,无等级,,37462.0
杭州春之堂健康管理有限公司萧山文化路诊所,91330109MADNWD2T1P,,无等级,,38353.0
杭州春和永霖中医诊所,91330106MADFJHDG8K,,无等级,,37513.0
杭州春尚医疗美容诊所,91330102MA2J15TJ7U,,无等级,,35851.0
杭州春建健康管理有限公司经五路诊所,91330114MA2KMKRH4T,,无等级,,33222.0
杭州春悦医疗美容诊所,913301043525049159,,无等级,,36515.0
杭州春来健康管理有限公司滨江连园中医诊所,91330108MABUT5R596,,无等级,,33340.0
杭州春栀皮肤管理有限公司义蓬医疗美容皮肤诊所,91330114MA8GEG84XU,,无等级,,33221.0
杭州春泽堂中医诊所,91330102MAE3N6E57P,,无等级,,36378.0
杭州春洪医疗健康管理有限公司星桥星源北路诊所,91330110MA27XPL847,,无等级,,35577.0
杭州春疆花月中医诊所,91330102MAEG7GJ26X,,无等级,,36116.0
杭州春草堂中西医结合诊所,91330104MA280UXP43,,无等级,,36074.0
杭州春草堂城西中医诊所,91330106MAEQ91CUXE,,无等级,,37223.0
杭州昭霞健康管理有限公司萧山衙前口腔诊所,91330109MA28MQWQ5N,,无等级,,38397.0
杭州昱凯健康管理有限公司萧山衙前中纺城口腔诊所,91330109MA27WTCR88,,无等级,,38686.0
杭州昱康医疗科技有限公司丹茂街诊所,91330114MA2KMNXH0T,,无等级,,33034.0
杭州昱康医疗科技有限公司鹭江园诊所,91330114MA2KMXC05T,,无等级,,36857.0
杭州晓亮健康管理有限公司萧山塘里陈诊所,91330109MAEBGMBE4E,,无等级,,38259.0
杭州晖邦智美医疗美容诊所,91330104MA2KGBB14T,,无等级,,36284.0
杭州晟世中西医结合诊所,91330102MA8GGTBJ8M,,无等级,,36423.0
杭州晟华中医诊所,91330102MAC3NKC594,,无等级,,36738.0
杭州晨伟医疗管理有限公司大江东义蓬盛都苑诊所,91330100MA2CE5AA71,,无等级,,33184.0
杭州晨徐健康管理有限公司临平北沙东路诊所,91330110MA27W26D14,,无等级,,35481.0
杭州晨徐健康管理有限公司翁梅新苑中西医结合诊所,91330113MACDJL562P,,无等级,,35506.0
杭州晨曦云海诊所,91330104MA2KJ9U40D,,无等级,,36608.0
杭州晨鹤健康管理有限公司萧山市场北路中西医结合诊所,91330109MADMCD5388,,无等级,,38134.0
杭州普利复健诊所,91330104MA2GPHDL2D,,无等级,,36007.0
杭州普康堂健康医疗科技有限公司何家村中西医结合诊所,91330106MACP946K3A,,无等级,,37461.0
杭州普得中西医结合诊所,91330102MADL46L79C,,无等级,,36187.0
杭州普济内科诊所,913301080609793537,,无等级,,33490.0
杭州普济堂医疗科技有限公司滨江诊所,91330108MACKLXQP1T,,无等级,,33388.0
杭州普照堂中医诊所,91330106MAD55QCA16,,无等级,,37588.0
杭州景元堂滨汇中医诊所,91330108MAET0PW00Y,,无等级,,33318.0
杭州景园中西医结合诊所,91330102MAD8NY7Y94,,无等级,,36248.0
杭州景宣健康管理有限公司萧山高桥路口腔诊所,91330109MA2H02685Y,,无等级,,38648.0
杭州景岳健康管理有限公司春秋北路中医诊所,TE3301833300504800,,无等级,,33930.0
杭州景帆健康管理有限公司临平顺风路中西医结合诊所,91330110MA2GN7DK6E,,无等级,,35582.0
杭州景波健康管理有限公司余杭塘路口腔诊所,91330110MA2GN2399G,,无等级,,38889.0
杭州景焕健康管理有限公司浦沿中医诊所,91330108MA2CDBFY66,,无等级,,33496.0
杭州景皓名协诊所,91330108MAD3G1X54H,,无等级,,33446.0
杭州景睿健康管理有限公司茂悦府中医诊所,91330104MA2CFYEX5B,,无等级,,36589.0
杭州景秀医疗科技有限公司景昙中医诊所,91330104MA2B26AJ7T,,无等级,,35852.0
杭州景胜医疗投资管理有限公司大江东义蓬口腔诊所,91330100MA28XCEA1H,,无等级,,33140.0
杭州景胜口腔门诊有限公司二十四号街口腔诊所,91330114MA8GER8D3M,,无等级,,36991.0
杭州景苑中医诊所,91330105MACA7RKR82,,无等级,,34870.0
杭州晶琦口腔医疗管理有限公司大同口腔诊所(备案）,91330108MA2H2REL1K,,无等级,,33466.0
杭州智圆衡大健康发展有限公司西溪中医诊所,91330106MA2GN62N89,,无等级,,37561.0
杭州智慧堂中医诊所,91330102MAD80D118U,,无等级,,36385.0
杭州智格诊所,TE3301903300489560,,无等级,,36978.0
杭州智美医疗美容诊所,91330106MA2B0XEN8C,,无等级,,37550.0
杭州暨阳堂健康管理有限公司萧山北干萧邮路诊所,91330109MA2GN20W8J,,无等级,,38678.0
杭州曜众健康管理有限公司十二号大街诊所,TE3301903300511320,,无等级,,36996.0
杭州曜众健康管理有限公司学正街诊所,TE3301903300524790,,无等级,,36995.0
杭州月恒医疗管理有限公司萧山南阳诊所,91330109MA2AYQRP26,,无等级,,38662.0
杭州月恒医疗管理有限公司萧山潮都北路诊所,91330109MADE8MUR9P,,无等级,,38425.0
杭州有为中医诊所,91330105MACGDFLD5P,,无等级,,34774.0
杭州朋康健康管理有限公司临平乔司兴市路内科诊所,91330110MA27XYYL8B,,无等级,,35283.0
杭州朗迅健康管理有限公司余杭良渚通运街口腔诊所,91330110MA2GMP9275,,无等级,,39088.0
杭州朗迅健康管理有限公司铭雅苑口腔诊所,91330110352461134N,,无等级,,38802.0
杭州望宸口腔诊所,91330105MAD2L7C7XW,,无等级,,34661.0
杭州望海阁中医诊所,91330102MADHUJM013,,无等级,,36493.0
杭州木棉花诊所,91330102MAD3JQFG4C,,无等级,,36417.0
杭州木源堂中医诊所,91330106MAETHBAM5X,,无等级,,37157.0
杭州木青堂中医诊所,91330106MA2GY6G84U,,无等级,,37474.0
杭州未名园中医诊所,91330114MA8GH1APXM,,无等级,,36881.0
杭州未来一美医疗美容诊所,91330105MACQ3XEC64,,无等级,,34234.0
杭州未莱医古墩中医诊所,91330106MAD1NM6H48,,无等级,,37489.0
杭州本原中医诊所,91330102MA2KMRNH85,,无等级,,37468.0
杭州本源世医中医诊所,91330102MADFYR3D9P,,无等级,,36472.0
杭州朱养心中医诊所,913301025579171312,,无等级,,36698.0
杭州朱家角益民诊所,91330113MADFBP5D0K,,无等级,,35565.0
杭州朵希妍医疗美容诊所,91330104MA2KH72Q6G,,无等级,,35804.0
杭州机神誉福堂中医诊所,91330102MADC10K20E,,无等级,,36036.0
杭州李丁医疗管理有限公司临江诊所,91330114MA8GEB1U4A,,无等级,,32954.0
杭州李丁医疗管理有限公司全民路中医诊所,91330100MA2B0UC25X,,无等级,,33093.0
杭州李丁医疗管理有限公司宏景街诊所,91330114MA2KLQEW57,,无等级,,33012.0
杭州李丁医疗管理有限公司江东府中医诊所,91330100MA2B0UBY0M,,无等级,,33152.0
杭州李君健康管理有限公司新宏路诊所,91330114MA8GFDL66W,,无等级,,33133.0
杭州李君健康管理有限公司紫瑞华庭诊所,91330100MA2KD14160,,无等级,,32996.0
杭州李肤记医疗美容诊所,91330105MA2HXG5363,,无等级,,34768.0
杭州杏岐堂三墩中医（综合）诊所,91330106MACAD3N2XA,,无等级,,37187.0
杭州杏岐堂中医诊所,91330106MA28UCQD64,,无等级,,37643.0
杭州杏岐堂古荡中医诊所,91330106MAE2MRX16E,,无等级,,37154.0
杭州杏林口腔诊所,91330108MA28U2XT4C,,无等级,,33510.0
杭州杏灵秀美健康管理有限公司萧山启迪路诊所,91330109MA2J1GRM94,,无等级,,38327.0
杭州杜祖成口腔诊所,91330104785302905T,,无等级,,36706.0
杭州杜秋健康管理有限公司隐秀路口腔诊所,91330105MA28LUGX6Y,,无等级,,34690.0
杭州来圣堂中医诊所,91330102MADQL1FR8H,,无等级,,36440.0
杭州来灵健康管理有限公司府东路诊所,91330100MA2KK86U3X,,无等级,,33169.0
杭州来益医疗管理有限公司环丁路中医诊所,91330104MA2AY476X9,,无等级,,36751.0
杭州杭冰美至优美医疗美容诊所,91330102MAEK7N1325,,无等级,,35728.0
杭州杭嘉健康管理有限公司萧山香格名苑口腔诊所,91330109MA27YX3X1Q,,无等级,,38501.0
杭州杭嘉医疗咨询有限公司滨江杭嘉口腔诊所,91330108MA8GFAJH5E,,无等级,,33454.0
杭州杭城童颜医疗美容诊所,91330105MADLDKXL7M,,无等级,,34266.0
杭州杭航健康管理有限公司杭行口腔诊所,913301053218797657,,无等级,,34805.0
杭州杭西小氧医疗美容诊所,91330105MAC4CLH54Q,,无等级,,34644.0
杭州杰健中医诊所,91330102MADYHR913W,,无等级,,36276.0
杭州杰琼健康管理有限公司宏创路中医诊所,91330114MA8GFAKM2L,,无等级,,33050.0
杭州松合诊所,91330114MA8GFHN867,,无等级,,37019.0
杭州松松堂健康管理有限公司新庙址路中医诊所,91330183MA2GKRJ5X6,,无等级,,33894.0
杭州松柏堂中医诊所,91330104MA2GPCP976,,无等级,,36681.0
杭州极光医疗美容诊所,91330103MA2B208D9N,,无等级,,34706.0
杭州林上富西医内科诊所,91330105070958986M,,无等级,,34850.0
杭州林之堂健康管理有限公司拱墅祥宏路中西医结合诊所,91330105MAE6C03Q51,,无等级,,34192.0
杭州林易健康管理有限公司萧山瓜沥诊所,91330109MA2AXQG88E,,无等级,,38486.0
杭州枝世医疗科技有限公司萧山海清路医疗美容诊所,91330109MACTCMRK6L,,无等级,,38363.0
杭州枝耕诊所,91330113MAE4KYL87K,,无等级,,35229.0
杭州枢源堂中医诊所,91330114MA8GHDX98Q,,无等级,,36809.0
杭州枢经堂中医诊所,91330105MA2CGDG067,,无等级,,34831.0
杭州枢络堂中医诊所,91330103MA2KG9HGXW,,无等级,,34764.0
杭州柏俪颜医疗美容诊所,91330103MA2B235X13,,无等级,,34771.0
杭州柏嘉医疗美容诊所,91330102MACRFQHE9G,,无等级,,36452.0
杭州柏屹慧齿美口腔医院管理有限公司萧山东藩中路口腔诊所,91330109MA2CE8A625,,无等级,,37812.0
杭州柏思悦医疗美容有限公司萧山利一路医疗美容诊所,91330109MAE6NUUD2Y,,无等级,,38282.0
杭州柏思颜极致医疗美容诊所,91330102MACJ9TPY18,,无等级,,36632.0
杭州柏朗未来诊所,91330108MAECJ93190,,无等级,,33320.0
杭州柏荟医院管理有限公司新塘路医疗美容诊所,91330104MA28N598XT,,无等级,,36465.0
杭州柏锐诊所,91330108MA2GMGQL6B,,无等级,,33303.0
杭州柒月中医诊所,91330102MAD60CC3X1,,无等级,,36507.0
杭州柚熹诊所,91330102MADUYY5P2T,,无等级,,36451.0
杭州柯威健康管理有限公司临平乔司泥桥村口腔诊所,91330110MA27X3TH9H,,无等级,,35519.0
杭州柯威健康管理有限公司大江东纬六路临江口腔诊所,91330100MA28X7TP6E,,无等级,,33089.0
杭州柯威健康管理有限公司钱塘新区江东一路口腔诊所,91330100MA2KEW6Y9D,,无等级,,33141.0
杭州柯榛堂中医诊所,91330105MA2J02CJ54,,无等级,,34726.0
杭州柳济方堂健康管理有限公司莫干山路中医诊所,91330105MABPEWE966,,无等级,,34168.0
杭州标卓投资管理有限公司长阳路中医诊所,91330105067898206B,,无等级,,34861.0
杭州树兰风景中西医结合诊所,91330105MA2B10CP7N,,无等级,,34746.0
杭州根志堂祥润中医诊所,91330105MA7FFJYJ9M,,无等级,,34670.0
杭州根根发医疗美容诊所,91330105MACEHWL720,,无等级,,34733.0
杭州格畈医院管理有限公司南苑九排诊所,913301043112661217,,无等级,,35848.0
杭州桂栀医疗管理有限公司河庄春意江南名邸中医诊所,91330114MA8GFJ296X,,无等级,,33094.0
杭州桓桓健康管理有限公司余杭良渚储运路中西医结合诊所,91330110MA7FQN2N9L,,无等级,,39018.0
杭州桥岭健康管理有限公司上塘路口腔诊所,91330105MA27WX3E5C,,无等级,,34615.0
杭州桦枫中西医结合诊所,91330103341871613K,,无等级,,34666.0
杭州梁济春中医诊所,91330105MACCK1RC1M,,无等级,,34564.0
杭州梅荣健康管理有限公司兴起路内科诊所,91330110MA280N8L37,,无等级,,35552.0
杭州梓清医疗美容诊所,91330106MA2B1H4K1U,,无等级,,37306.0
杭州梦娇健康管理有限公司萧山群围口腔诊所,91330109MA2J022493,,无等级,,38618.0
杭州梦香健康管理有限公司萧山工人路诊所,91330109MA2GPUKP5C,,无等级,,38388.0
杭州梧曦堂中医诊所,91330105MAELCNKA9W,,无等级,,34258.0
杭州梵丝盈医疗美容诊所,91330104MA2KCYM31N,,无等级,,36653.0
杭州棋屹健康管理有限公司棋医堂中医诊所,91330105MA2B1XGLX0,,无等级,,34762.0
杭州棕树中西医结合诊所,91330102MADK4GDR8R,,无等级,,36432.0
杭州棠棣中医诊所,91330102MACF5UPT8A,,无等级,,36512.0
杭州棠润轩中医诊所,91330105MADXKRTE20,,无等级,,34625.0
杭州森友口腔医院管理有限公司萧山潘水苑口腔诊所,91330109MA27X2HX0A,,无等级,,38302.0
杭州森友口腔医院管理有限公司萧山瓜沥口腔诊所,91330109MA28XANK58,,无等级,,38284.0
杭州森友口腔医院管理有限公司萧山闻堰口腔诊所,91330109MA27YE8E6Q,,无等级,,38305.0
杭州森媛健康管理有限公司保元泽第花苑医疗美容诊所,91330113MAE187Y967,,无等级,,35391.0
杭州楠婧健康管理有限公司恩波中医诊所,91330183MA2H2FED3X,,无等级,,33974.0
杭州楠康堂中医诊所,91330102MACT6HRKXB,,无等级,,35977.0
杭州榕树家中医诊所,91330106MA7CX6R25Q,,无等级,,37553.0
杭州榕树家启智中医诊所,91330108MAEBMX5E9X,,无等级,,33401.0
杭州橘井健康管理有限公司余杭易康中医诊所,91330110MA2KKQYM59,,无等级,,39121.0
杭州橙匠医疗美容诊所,91330104MA2GND612D,,无等级,,36519.0
杭州橙匠阿尔法医疗美容诊所,91330106MA2J0XWQ4K,,无等级,,37543.0
杭州橙子健康管理有限公司萧山戴村口腔诊所,91330109MA2AYGE08Q,,无等级,,38299.0
杭州橙芯肌因医疗美容诊所,91330108MAD7TM4Q3C,,无等级,,33395.0
杭州次世代儒广诊所,91330102MAE0086Y0T,,无等级,,36295.0
杭州次世代宇运诊所,91330105MAE2MTNW1U,,无等级,,34569.0
杭州次世代康迪诊所,91330105MADJW9B15C,,无等级,,34634.0
杭州次世代程开诊所,91330102MADKRXU15P,,无等级,,36461.0
杭州次世代竞元诊所,91330106MAE2BTDKX7,,无等级,,37504.0
杭州欢康健康管理有限公司天都路口腔诊所,91330104MA2B2HTQ55,,无等级,,36597.0
杭州欢康健康管理有限公司解放东路口腔诊所,91330104MA28MNBF30,,无等级,,36700.0
杭州欣宜健康管理有限公司四号大街诊所,91330101MA2GPMNK1X,,无等级,,36860.0
杭州欣弯诊所,91330114MA8GF5XYX6,,无等级,,33167.0
杭州欣普健康管理咨询有限公司百善堂中医诊所,TE3301833300442750,,无等级,,33929.0
杭州欣林中医诊所,91330104MA2GPD883T,,无等级,,36607.0
杭州欣歆口腔诊所,91330113MAD2Q21D2E,,无等级,,35567.0
杭州欣锐健康管理有限公司绿园弄诊所,91330104MA2GPJ9L2X,,无等级,,36522.0
杭州欧思芮医疗美容诊所,91330102MAD5RPGY08,,无等级,,35846.0
杭州正中脊中医诊所,91330105MA2J029C99,,无等级,,34183.0
杭州正中脊汇滨医疗诊所（备案）,91330108MA2KKRW80C,,无等级,,33410.0
杭州正久堂中医诊所,91330105MADJHCML59,,无等级,,34636.0
杭州正义健康管理有限公司银沙路诊所,91330100MA2KDQJ36P,,无等级,,36884.0
杭州正冉诊所,91330102MAE5WKHY2L,,无等级,,36310.0
杭州正医堂中西医结合诊所,92330110MA2BL4M49G,,无等级,,35557.0
杭州正多健康管理有限公司萧山鸿宁路内科诊所,91330109MA2H39NT0N,,无等级,,38403.0
杭州正格口腔诊所,91330102MAE28H4Y8C,,无等级,,35979.0
杭州正源中西医结合诊所,91330106MAEQGBAD3J,,无等级,,37218.0
杭州正牙健康管理有限公司富阳虞氏口腔诊所,91330183MA7KW4J98X,,无等级,,33945.0
杭州正益堂中医诊所,91330105MA2GY0RE7L,,无等级,,34823.0
杭州正诚中医诊所,91330104MA2CGJ8M1M,,无等级,,36664.0
杭州此刻口腔诊所,91330102MAC126NK77,,无等级,,36540.0
杭州殳康健康管理咨询有限公司六号大街中医诊所,91330101MA2CEF0E3N,,无等级,,37022.0
杭州毅恒健康管理有限公司海名雅苑口腔诊所,91330114MA2KLJUN4C,,无等级,,33185.0
杭州毓舫兴元诊所,91330113MADM3FN98G,,无等级,,35441.0
杭州民仁健康管理有限公司临平乔司石塘东路内科诊所,91330110MA28UFFY61,,无等级,,35306.0
杭州民利健康管理有限公司新塘路口腔诊所,91330104321877364G,,无等级,,36566.0
杭州民安中医诊所,91330102MADKB6E47L,,无等级,,36061.0
杭州民康诊所,91330113MACX6AEU3P,,无等级,,35223.0
杭州民祥健康管理有限公司临平乔司汀兰街中西医结合诊所,91330110MA2KEYLB1E,,无等级,,35300.0
杭州民顺古健康管理有限公司天城东路中医诊所,91330114MA2KMYF747,,无等级,,37029.0
杭州水兰健康管理有限责任公司义蓬青兴路诊所,91330100MA2GNK670Y,,无等级,,33135.0
杭州永岛医疗美容诊所,91330102MACQ5D2Q0A,,无等级,,36255.0
杭州永扬健康管理有限公司大江东义府大街口腔诊所,91330100MA28WBB960,,无等级,,33153.0
杭州永爱医疗美容诊所,91330106MA7H4C0H9D,,无等级,,37628.0
杭州永玲健康管理有限公司崇超路口腔诊所,91330113MADG186HX0,,无等级,,35531.0
杭州永禾健康管理有限公司萧山建设四路口腔诊所,91330109MAEBYMHE0G,,无等级,,38155.0
杭州永笙花医疗美容诊所,91330108MAE3LWM4XQ,,无等级,,33294.0
杭州汀兰中医诊所,91330113MA2KKQJMXT,,无等级,,35512.0
杭州汀江健康管理有限公司临平振兴口腔诊所,91330110MA27WMQD3R,,无等级,,35460.0
杭州求本山澜大健康管理有限公司萧山机场中医诊所,91330109MAK1QP709A,,无等级,,37829.0
杭州汇明健康管理有限公司萧山蜀山口腔诊所,91330109MA2808N309,,无等级,,38399.0
杭州汇春摄生生物科技有限公司余杭中医诊所,91330110MA2H0KM6XL,,无等级,,39125.0
杭州汇林口腔诊所,91330105MABP9J5Y07,,无等级,,34794.0
杭州汇眸健康管理有限公司萧山东藩中路眼科诊所,91330109MA8GHL3J01,,无等级,,38289.0
杭州汉传针方中医诊所,91330110MADWM7LR3E,,无等级,,34632.0
杭州汉医赋健康管理有限公司金沙世纪诊所,91330114MA8GGU4A2N,,无等级,,36958.0
杭州汉娜健康管理有限公司萧山恒隆广场医疗美容诊所,91330109MA2HY8B2X3,,无等级,,38436.0
杭州江仔口腔诊所,91330103MA2GL9F50K,,无等级,,34807.0
杭州江干宋氏口腔诊所,92330104MA2BL93928,,无等级,,36710.0
杭州江干徐臣长中医诊所,92330104MA28UD9G56,,无等级,,36673.0
杭州江干曹美萍口腔诊所,92330104MA28R5C138,,无等级,,36642.0
杭州江干李志元口腔诊所,91330104785334261J,,无等级,,36703.0
杭州江干李玉良口腔诊所,92330104MA28TYMRX1,,无等级,,35988.0
杭州江干杏林堂中医诊所,92330104MA28MRF31N,,无等级,,36581.0
杭州江干潘明敏口腔诊所,92330104MA28WY2E2M,,无等级,,36727.0
杭州江干罗江华口腔诊所,92330104MA2BNEJQ83,,无等级,,36621.0
杭州江干陈有根口腔诊所,92330104MA2ACPY939,,无等级,,36645.0
杭州江干马红中医诊所,92330104MA2BPLYX0N,,无等级,,36643.0
杭州江干骆晓晓口腔诊所,92330104MA2BQ9JT57,,无等级,,36687.0
杭州江新堂健康管理有限公司义蓬诊所,91330114MA8GEN2B8B,,无等级,,33198.0
杭州江辉诊所,91330108MAC2GY6T6K,,无等级,,33457.0
杭州沁柏源中医诊所,91330106MACX41XJ9H,,无等级,,37541.0
杭州沁禾美医疗美容诊所,91330102MA2HYYKU70,,无等级,,33310.0
杭州沁骨堂中医诊所,91330102MAEUPNYA71,,无等级,,35806.0
杭州沈君医疗管理有限公司义蓬诊所,91330114MA8GGUUB6N,,无等级,,33132.0
杭州沈达口腔诊所,91330103589853806N,,无等级,,34786.0
杭州沐元堂诊所,91330113MADH4NUP65,,无等级,,35559.0
杭州治未堂中医诊所,92330105MA2H2Y253U,,无等级,,34257.0
杭州沿江健康管理有限公司十号街诊所,91330101MA28N7U709,,无等级,,37000.0
杭州沿江健康管理有限公司萧山振宁路诊所,91330109MA2GLHUT4A,,无等级,,38577.0
杭州泉锐健康管理有限公司萧山东藩中路内科诊所,91330109MADNBHA28B,,无等级,,37764.0
杭州泊林中西医结合诊所,91330102MAD6LMBP5H,,无等级,,36381.0
杭州泓沥医疗投资管理有限公司萧山瓜沥口腔诊所,91330109MA2AXJ9C7C,,无等级,,38418.0
杭州泓逸医疗美容诊所,91330102MAENCP170Q,,无等级,,35890.0
杭州泛康健康管理有限公司萧山晨晖路诊所,91330109MAC0AKAA3U,,无等级,,38636.0
杭州波华健康管理有限责任公司临平天都诊所,91330110MA2B0T3921,,无等级,,35680.0
杭州泰佑健康管理有限公司二十四号大街诊所,91330100MA2J206B7R,,无等级,,36937.0
杭州泰元堂中医诊所,91330102MAD0T3PA8E,,无等级,,36196.0
杭州泰同中医诊所,91330103MA28UDAK4G,,无等级,,34840.0
杭州泰来堂中医诊所,91330102MA2AY97W60,,无等级,,36638.0
杭州泰美医疗美容有限公司义蓬医疗美容诊所,91330100MA2KHNK79B,,无等级,,33044.0
杭州泽宇健康管理有限责任公司萧山宁围口腔诊所,91330109MA2AXC0E70,,无等级,,38667.0
杭州泽康中西医结合诊所,91330102MAC6688C8X,,无等级,,35853.0
杭州泽恩口腔诊所,91330103MA2HX28E7G,,无等级,,34709.0
杭州泽熹诊所,91330102MAG0YLWY03,,无等级,,35801.0
杭州泽苍健康管理有限公司德鑫堂诊所,91330101MA2B1ELX8Q,,无等级,,36941.0
杭州泽蕊健康管理有限公司萧山金惠路诊所,91330109MACD1AWQXU,,无等级,,38620.0
杭州泽邻健康管理有限公司下沙江滨诊所,TE3301903300489530,,无等级,,36974.0
杭州泽邻健康管理有限公司六号大街诊所,91330101MA28RDCE11,,无等级,,36975.0
杭州泽邻健康管理有限公司听涛路诊所,91330101MA2GK0LF0L,,无等级,,36924.0
杭州泽雅医疗美容诊所,91330102MAE34W40XH,,无等级,,36017.0
杭州洁白健康管理有限公司机场路口腔诊所,913301043113909907,,无等级,,36731.0
杭州洁雅口腔诊所,92330105MA28MPKF69,,无等级,,34817.0
杭州洛娃医疗美容诊所,91330102MACR03386M,,无等级,,36396.0
杭州济之堂健康管理有限公司通围路中医诊所,91330100MA2KCA7U1M,,无等级,,33097.0
杭州济含堂健康管理咨询有限公司余杭和旺街中西医结合诊所,91330110MA2KD7L7X3,,无等级,,38961.0
杭州济泽健康管理有限公司临平乔司乔笕路中西医结合诊所,91330110MA27W1T17L,,无等级,,35453.0
杭州济良诊所,91330104MA2GKH027H,,无等级,,36043.0
杭州济艾堂健康管理有限公司绿园弄中医诊所,91330104MA2CGXH23T,,无等级,,36631.0
杭州济邻健康管理有限公司湖畔花园门诊部,91330106MA2AY8TNXF,,无等级,,37111.0
杭州济顺健康管理有限公司运河丽园诊所,91330113MA7LCHW98Y,,无等级,,35279.0
杭州浙齿口腔医院管理有限公司萧山碧苑路口腔诊所,91330109MA28RTDW9F,,无等级,,38462.0
杭州海丽健康管理有限公司萧山崇化路诊所,91330109MA8GGT6783,,无等级,,38347.0
杭州海奇健康管理有限公司冠山中西医结合诊所（备案）,91330108MA7JK17G4Q,,无等级,,33396.0
杭州海娜健康管理有限公司九龙仓中医诊所,91330183MA2GL7CQ8C,,无等级,,33870.0
杭州海娜健康管理有限公司杏林堂中医诊所,TE3301833300210160,,无等级,,33933.0
杭州海昕健康管理有限责任公司富阳新登新兴路内科诊所,91330183MAE3945W9R,,无等级,,33861.0
杭州海桦健康管理有限公司通盛路中医诊所,91330102MACDAQ2B9J,,无等级,,36544.0
杭州海济健康管理有限公司海慈中西医结合诊所,91330106060954105C,,无等级,,37597.0
杭州海美高健康咨询有限公司万象汇医疗美容诊所,91330104MA27WD3N4F,,无等级,,36202.0
杭州海美高生物科技有限公司五常港路医疗美容诊所,91330106MA2GK5NY22,,无等级,,37632.0
杭州海铭健康管理有限公司萧山南阳永里路中西医结合诊所,91330109MA2KH2LY9A,,无等级,,38634.0
杭州涂晱口腔诊所,91330106MAD1H5PR83,,无等级,,37577.0
杭州涌潮中西医结合诊所,91330105MACFWF9993,,无等级,,34675.0
杭州涛瑜健康管理有限公司萧山恒达路诊所,91330109MAK1HJLE72,,无等级,,37834.0
杭州润华中医诊所,91330102MA8GH1DB4G,,无等级,,36437.0
杭州润和中西医结合诊所,91330110MA2GNQTE0B,,无等级,,35280.0
杭州润妍美医疗美容诊所,91330102MACHEJ1A0X,,无等级,,36117.0
杭州润安和诊所,91330102MAEPACPNXJ,,无等级,,35894.0
杭州润新府中西医结合诊所,91330102MADCD6MT6D,,无等级,,36528.0
杭州润林堂中西医结合诊所,91330102MAEG2P9P8J,,无等级,,36147.0
杭州润清健康管理有限公司水云街诊所,91330114MA8GFQ1T2Q,,无等级,,37015.0
杭州润生堂中医诊所,91330106MAK19N6E9C,,无等级,,37146.0
杭州润益堂中医诊所,91330102MADRPRHDXQ,,无等级,,36454.0
杭州润程堂中医诊所,91330102MACG0C8FXA,,无等级,,36602.0
杭州润莲堂中医诊所,91330102MAEK280C1R,,无等级,,35900.0
杭州润锦康中西医结合诊所,91330106MAEDCW509T,,无等级,,37393.0
杭州涵溪医疗科技有限公司西溪路中西医结合诊所,91330106MADCH8W34E,,无等级,,37545.0
杭州深润颜医疗美容诊所,91330102MABWTYCK75,,无等级,,36286.0
杭州深渡医疗美容诊所,91330114MA8GFCUH06,,无等级,,37012.0
杭州淳安佳和口腔诊所,91330127MA8GGF047D,,无等级,,32903.0
杭州淳安致雅口腔诊所,91330127MAC8R7K50L,,无等级,,32909.0
杭州淳德健康管理有限责任公司文峰弄中医诊所,91330114MA8GF8UF3G,,无等级,,36867.0
杭州清一吟医疗美容诊所,91330102MACLCNJW92,,无等级,,36406.0
杭州清优禾口腔诊所,92330102MAEXFTAA9N,,无等级,,35753.0
杭州清山湖健康管理有限公司临安青山湖中西医结合诊所,91330185MACNB1TQX6,,无等级,,35077.0
杭州清山湖康顺健康管理有限公司临安青山湖诊所,91330185MADLWKT54U,,无等级,,34930.0
杭州清康中医诊所,91330105MACQABN2XJ,,无等级,,34159.0
杭州清心医疗美容诊所,91330102MAEKBDW34J,,无等级,,36050.0
杭州清懿美健康管理有限公司珊瑚沙路医疗美容诊所,91330106MA27YT0D8U,,无等级,,37624.0
杭州清浊医疗技术有限公司萧山利一路诊所,91330109MAET0DC00A,,无等级,,37910.0
杭州清疾堂医疗投资管理有限公司丁群街中西医结合诊所,91330104MA2AX2MPX4,,无等级,,36230.0
杭州温鼎昌健康管理有限公司郡庭路中医诊所,91330105MA28N43B3J,,无等级,,34737.0
杭州渭宝中医诊所,91330105MA7D67QX9L,,无等级,,34230.0
杭州渭宝堂中医诊所,91330102MA2CELNYX7,,无等级,,36651.0
杭州港嘉健康管理有限公司东港嘉苑中西医结合诊所,91330102MACCMLY46N,,无等级,,36302.0
杭州湘北健康管理有限公司萧山东旭府口腔诊所,91330109MACYFGWM9E,,无等级,,38229.0
杭州湘景缘中医诊所,91330102MAE59L3F53,,无等级,,36281.0
杭州湘浙堂中医诊所,91330102MADQB19Y2C,,无等级,,35731.0
杭州源宏医疗管理有限公司萧山靖江路内科诊所,91330109MAE5UH0U20,,无等级,,38294.0
杭州源康大健康管理有限公司萧山博印名邸中西医结合诊所,91330109MADLBL939A,,无等级,,38382.0
杭州源益堂中医诊所,91330103MA2GPM7R7E,,无等级,,34777.0
杭州溢泽健康管理有限公司临安农林大路口腔诊所,91330185MA2GP8T244,,无等级,,35130.0
杭州溢逸医疗管理有限公司义蓬商业路诊所,91330114MA8GFKGX43,,无等级,,33107.0
杭州溢逸医疗管理有限公司新湾闸口路中医诊所,91330114MA8GFJ2290,,无等级,,33036.0
杭州溦妍生物科技发展有限公司临平东湖南路医疗美容诊所,91330110MA2GKWX1XE,,无等级,,35633.0
杭州溯忆医疗美容诊所,91330104MA28XP4D8T,,无等级,,36509.0
杭州满朝健康管理有限公司萧山北干一苑诊所,91330109MAD1NJKX6A,,无等级,,38416.0
杭州满益口腔诊所,91330102MADH01X41Q,,无等级,,36487.0
杭州滨江刘玉良中医诊所,92330108MA2BJYN70X,,无等级,,33487.0
杭州滨江周国宏中医诊所,92330108MA2BMH0L9K,,无等级,,33431.0
杭州滨江张振亮口腔诊所,92330108MA2BPEDG93,,无等级,,33492.0
杭州滨江微笑口腔诊所,92330108MA2GYTCU1R,,无等级,,33459.0
杭州滨江春雨口腔诊所,92330108MA28TDYE24,,无等级,,33480.0
杭州滨江王佩丽口腔诊所,92330108MA2BMJ3CXH,,无等级,,33484.0
杭州滨江王来法中医诊所,92330108MA2BJDCT37,,无等级,,33483.0
杭州滨江王玉良内科诊所,91330108L490822220,,无等级,,33481.0
杭州滨江郭志飞中医诊所,92330108MA280AMC33,,无等级,,33477.0
杭州滨美健康管理有限公司滨盛路医疗美容诊所,91330108341915874H,,无等级,,33504.0
杭州漪康健康管理有限公司萧山宁围新华诊所,91330109MADR1G59XA,,无等级,,38372.0
杭州漪紫帆健康管理有限公司萧山北干诊所,91330109MA28RNH14X,,无等级,,38448.0
杭州潘氏健康管理有限公司天运口腔诊所,913301040678587738,,无等级,,36265.0
杭州潘茂春健康科技有限公司富阳东兴路中医诊所,91330183MA7EC1H334,,无等级,,33591.0
杭州潜丽医疗美容诊所,91330108MADH7F7346,,无等级,,33449.0
杭州澜姝健康管理有限公司临安医疗美容诊所,91330185MABQDBQC5T,,无等级,,35100.0
杭州澜星熙美医疗美容诊所,91330102MADKAAJ1XH,,无等级,,36502.0
杭州澳健健康管理有限公司临平星桥黄鹤山居中西医结合诊所,91330110MA27XX6A7E,,无等级,,35253.0
杭州濮家中医诊所,91330102MAD53HK56C,,无等级,,36592.0
杭州灵兰中西医结合诊所,91330106MAK02QFW2X,,无等级,,37126.0
杭州灵真健康管理有限公司萧山通惠北路中西医结合诊所,91330109MA2CGYW80M,,无等级,,38458.0
杭州灵石医疗投资管理有限公司万佳路内科诊所,91330110341770361U,,无等级,,35656.0
杭州灵石医疗投资管理有限公司临平乔司乔井路诊所,91330110MA27X2LT3Y,,无等级,,35655.0
杭州灵芳健康管理有限公司桥南口腔诊所,91330183MA2B2FGB4T,,无等级,,33981.0
杭州灸匠杭玻中医诊所,91330103MA2GNFRU9R,,无等级,,34191.0
杭州灸匠载歌中医诊所,91330103MA2GLC299F,,无等级,,34770.0
杭州灸道中医诊所,91330102MAD6RA4E08,,无等级,,36576.0
杭州灿颂医疗美容诊所,91330102MADK8LN65U,,无等级,,35948.0
杭州炙可意中医诊所,92330102MAD8CGP30H,,无等级,,36245.0
杭州炫白健康管理有限公司叶埠桥口腔诊所,91330106328306812F,,无等级,,37660.0
杭州炫青春医疗科技有限公司萧山泰宏巷诊所,91330109MAK2DHAW87,,无等级,,37671.0
杭州焕发纪元医疗美容诊所,TE3301063300710430,,无等级,,37202.0
杭州焕新健康管理有限公司萧山所前观前路诊所,91330109MA2GPTBE5E,,无等级,,38442.0
杭州焦视中医诊所,91330106MACD1Y4L6D,,无等级,,37585.0
杭州然雅口腔诊所,913301043113592560,,无等级,,36475.0
杭州煜伟口腔诊所,9133010058650618XP,,无等级,,33098.0
杭州煜简医疗美容诊所,91330105MABR3HR06U,,无等级,,34620.0
杭州熙鸿立春健康养老有限公司余杭塘路诊所,91330106MADX2FXJ8A,,无等级,,37139.0
杭州熠华健康管理有限公司临平崇贤沿山水洪庙诊所,91330110MA28RGHY51,,无等级,,35669.0
杭州熠达健康管理有限公司金蜂路中医诊所,91330100MA2HY46C94,,无等级,,33000.0
杭州熹觅医疗美容诊所,91330102MADJEAT656,,无等级,,36483.0
杭州燕昇投资管理有限公司维佳口腔诊所,91330106MA2B0MCY56,,无等级,,37319.0
杭州燕草堂中医诊所,91330102MADETA877R,,无等级,,36279.0
杭州爱亮健康管理有限公司宝华路诊所,91330101MA2CFJD32F,,无等级,,36967.0
杭州爱儿康诊所,91330108MAEQNR638H,,无等级,,33286.0
杭州爱博口腔诊所,91330103MA27Y67P82,,无等级,,34788.0
杭州爱安美医疗美容诊所,91330104MA2CC5PW15,,无等级,,35773.0
杭州爱尚中西医结合诊所,91330113MAEU569X0N,,无等级,,35315.0
杭州爱滴健康管理有限公司萧山兴五路中西医结合诊所,91330109MAEA7P104D,,无等级,,38202.0
杭州爱滴诊所,91330102MAEXD41Q34,,无等级,,35770.0
杭州爱疆中西医结合诊所,91330104MA2KD0M42R,,无等级,,36529.0
杭州爱聚橡树中医（综合）诊所,91330106MA2AYPPL4B,,无等级,,37619.0
杭州爱见口腔医疗有限公司丁桥口腔诊所,91330102MACQGFTH4B,,无等级,,36531.0
杭州爱齿口腔医疗管理有限公司萧山衙前口腔诊所,91330109MA27Y9JN6M,,无等级,,38041.0
杭州牙一健康管理有限公司未来科技城口腔诊所,91330110MAXJ2JMJ4C,,无等级,,39065.0
杭州牙歪歪口腔诊所,91330106MAK03JBR2G,,无等级,,37149.0
杭州牙科医院集团滨江医疗美容诊所,91330108MADG337H39,,无等级,,33333.0
杭州牙美佳医疗管理有限公司三墩口腔诊所,91330106MA280RPHXN,,无等级,,37558.0
杭州牛晔中医诊所,91330102MADTJQQ4XU,,无等级,,36456.0
杭州玄明健康管理有限公司江月路中医诊所,91330114MA8GHBN80Q,,无等级,,36943.0
杭州玄贞中医诊所,91330108MACFB4KF3P,,无等级,,33367.0
杭州玉楸子桂枝堂中医诊所,91330105MAE3BWG477,,无等级,,34599.0
杭州玉瑶健康管理有限公司白杨中医诊所,91330114MA8GEMB37U,,无等级,,36939.0
杭州玉衡堂诊所,91330106MAET12EM94,,无等级,,37118.0
杭州玉锦颜医疗美容诊所,91330104MA2CD9B58K,,无等级,,36346.0
杭州玉齿医疗管理有限公司联良路口腔诊所,91330106MADH28NPX7,,无等级,,37547.0
杭州王小丽诊所,92330106MA2BRDD492,,无等级,,37647.0
杭州王忠华口腔诊所,92330105MA28LJP709,,无等级,,34865.0
杭州王春生健康管理有限公司四号大街中医诊所,91330114MA8GGN313N,,无等级,,37007.0
杭州王柏炎诊所,92330100MA28NYT519,,无等级,,33114.0
杭州玖兆源中西医结合诊所,91330106MAEKBDQ36U,,无等级,,37347.0
杭州玖玥健康管理有限公司义蓬中西医结合诊所,91330114MA8GFA4B0Y,,无等级,,33054.0
杭州玖睿健康管理有限公司义乌福田中西医结合诊所,91330782MAE28W590X,,无等级,,59083.0
杭州玖睿健康管理有限公司义乌福田医疗美容诊所,91330782MAE576UL4K,,无等级,,59339.0
杭州玖韵医疗美容诊所,91330106MACYRC8Q3J,,无等级,,37452.0
杭州玛拉提卡健康管理有限公司萧山湘湖医疗美容诊所,91330109MA28N42M7D,,无等级,,38341.0
杭州玛拉雅医疗科技有限公司朝晖路中西医结合诊所,91330103MA2J0KG20Q,,无等级,,34732.0
杭州玛拉雅医疗科技有限公司朝晖路医疗美容诊所,91330103MA2H320WXC,,无等级,,34742.0
杭州玛瑙口腔诊所,91330104MA27X2AR7U,,无等级,,36715.0
杭州玥博医疗美容诊所,91330110MA2KGBR59K,,无等级,,35643.0
杭州玥颜医疗美容诊所,91330104MA27YGRY60,,无等级,,36722.0
杭州玲利健康管理有限公司宏和嘉园诊所,91330100MA2CDYJ49B,,无等级,,33160.0
杭州玺樾医疗美容诊所,91330108MAD3LL8Q9M,,无等级,,36399.0
杭州珀谊健康管理有限公司萧山品文街口腔诊所,91330109MADFJHH61M,,无等级,,38386.0
杭州珈溪医疗美容诊所,91330103MA2B0WB24P,,无等级,,34751.0
杭州珉生堂中医诊所,91330102MADXW4K11A,,无等级,,35793.0
杭州珍和堂健康管理有限公司崇超路中西医结合诊所,91330113MA7J8U993P,,无等级,,35276.0
杭州班睿漫诗医院管理有限公司萧山振宁路医疗美容诊所,91330109MA2KGGD45Q,,无等级,,38555.0
杭州琢妍医疗美容诊所,91330104MA2GMRQR5L,,无等级,,36721.0
杭州琢美医疗美容诊所,91330104MA2CGW1M29,,无等级,,36606.0
杭州琳娜医疗美容诊所,91330102MADMTHYK5H,,无等级,,36315.0
杭州琳尚健康管理有限公司萧山河上惠民街口腔诊所,91330109MADG49Y166,,无等级,,38376.0
杭州琳超珀瑞医疗美容诊所,91330108MADAPJL013,,无等级,,33331.0
杭州瑞人堂健康管理有限公司上塘路中医诊所,91330103MA2KFYRK9F,,无等级,,34047.0
杭州瑞兴中医诊所,91330105MAK048NE87,,无等级,,34049.0
杭州瑞庆健康管理有限公司萧山浴美路内科诊所,91330109MACJ2LBP99,,无等级,,38509.0
杭州瑞志口腔门诊部有限公司滨江口腔诊所,TE3301083300488970,,无等级,,33513.0
杭州瑞新堂医疗管理有限公司前新福苑诊所,91330100MA2GKKP67W,,无等级,,32998.0
杭州瑞晨健康管理有限公司文岚街中医诊所,91330105MA2GP5BK9E,,无等级,,34125.0
杭州瑞杭颐康医疗管理有限责任公司临安岱翠诊所,91330185MAE22XCR2H,,无等级,,35069.0
杭州瑞莎诊所,91330114MA8GF6AE2D,,无等级,,32997.0
杭州瑞裔医疗管理有限公司凌云街口腔诊所,TE3301903300475730,,无等级,,36805.0
杭州瑞诗妍美容有限公司萧山闻堰老街医疗美容诊所,91330109MABR7KNN92,,无等级,,38570.0
杭州瑞齿口腔诊所,91330102589896750R,,无等级,,36725.0
杭州瑶杏诊所,91330113MAELT9FH9E,,无等级,,35275.0
杭州璟亿医疗服务管理有限公司临平凤仪家园诊所,91330113MACBXYNK1T,,无等级,,35438.0
杭州甄康健康管理有限公司棕榈路中西医结合诊所,91330114MA2KLWBL2H,,无等级,,39067.0
杭州甄颜医疗美容诊所,91330105MA2J2K6A3X,,无等级,,34798.0
杭州甄颜荟医疗美容诊所,91330113MABYX21W1D,,无等级,,35667.0
杭州甘芝草中医诊所,91330108ma27wfte1q,,无等级,,33488.0
杭州甘长中西医结合诊所,913301037708461761,,无等级,,34717.0
杭州甜美健康管理有限公司新登口腔诊所,91330183MADRLKAB8M,,无等级,,33862.0
杭州申花健康管理有限公司申花路口腔诊所,91330106560573712W,,无等级,,37601.0
杭州疏元医派中医诊所,91330102MACCCP5N32,,无等级,,35952.0
杭州白芷中医诊所,91330104MA2H1WBX9Q,,无等级,,36622.0
杭州百信瑞元医疗美容诊所,91330104MA2J2T4972,,无等级,,36445.0
杭州百医宁诊所,91330113MAEC7NTW0J,,无等级,,35329.0
杭州百年医疗美容诊所,91330105MAC354D105,,无等级,,34122.0
杭州百幸堂健康管理有限公司义蓬诊所,91330114MA8GF8DR3B,,无等级,,33211.0
杭州百荟斋中医诊所,91330105MAK1ETB42X,,无等级,,34041.0
杭州百蕊堂健康管理有限公司义蓬义隆路中医诊所,91330100MA2GP7FE0A,,无等级,,33202.0
杭州皓岑健康管理有限公司萧山城厢口腔诊所,91330109MA28RLR98H,,无等级,,38672.0
杭州皓康口腔诊所,92330102MA8GJL2850,,无等级,,35832.0
杭州皓泽口腔诊所,91330104MA2KGLR138,,无等级,,36688.0
杭州皓芽健康管理有限公司萧山蜀山广仁口腔诊所,91330109MACM8GG16Y,,无等级,,38497.0
杭州皓贝健康管理有限责任公司银湖口腔诊所,91330183MA2J0LLE38,,无等级,,33903.0
杭州皓铭医疗美容诊所,91330105MAEP5B2K9P,,无等级,,34184.0
杭州皓齿健康管理有限公司文二西路口腔诊所,91330106MA27W3BU5R,,无等级,,37499.0
杭州皙疗医疗美容诊所,91330102MAD50MYM1H,,无等级,,35837.0
杭州盈华健康管理有限公司世纪大道诊所,91330113MAC79APC9C,,无等级,,35510.0
杭州盈华健康管理有限公司临平丽景中医诊所,91330110MA2KDFNM7J,,无等级,,35641.0
杭州盈康健康管理有限公司萧山宁围丰瑞北苑诊所,91330109MA2B2KYU8Y,,无等级,,38485.0
杭州益丰诊所,91330113MADDD21D1J,,无等级,,35566.0
杭州益众堂中医诊所,91330104MA2KFN4T6T,,无等级,,36407.0
杭州益健堂中医诊所,91330103MA2KJK0QXC,,无等级,,34600.0
杭州益合堂健康管理有限责任公司转塘中医诊所,91330106MAE0G7NA75,,无等级,,37373.0
杭州益合堂健康管理有限责任公司霞鸣街中医诊所,91330106MA2GY24019,,无等级,,37576.0
杭州益奥健康管理有限公司临平昌达路诊所,91330113MACRQ5308R,,无等级,,35301.0
杭州益安堂中医诊所,91330105MAC41EL50W,,无等级,,34584.0
杭州益客中医诊所,91330105MA7LE2A63N,,无等级,,34578.0
杭州益寿康诊所,92330110MA2BJN6PXF,,无等级,,35524.0
杭州益年堂中医诊所,91330106MAEMG1H78K,,无等级,,37277.0
杭州益康堂中医诊所,91330103MA2CEE1P7P,,无等级,,34062.0
杭州益心健康管理有限公司临平运河中西医结合诊所,91330110MA2GP4XD9E,,无等级,,35379.0
杭州益恒堂中医诊所,91330103MA27WRCP62,,无等级,,34046.0
杭州益方内科诊所,91330113MABWP7NC64,,无等级,,35263.0
杭州益林诊所,91330113MACBF9XY30,,无等级,,35413.0
杭州益欣诊所,91330113MAETWKU098,,无等级,,35269.0
杭州益民医院管理有限公司临平南苑中西医结合诊所,91330110MA2H23YA37,,无等级,,35666.0
杭州益民医院管理有限公司临平南苑妇科诊所,91330110MA2H241W6M,,无等级,,35644.0
杭州益民医院管理有限公司临平振兴西路中西医结合诊所,91330113MACBGLJK8W,,无等级,,35322.0
杭州益民堂健康管理有限公司临平星桥星韵路内科诊所,91330110MA27Y71N64,,无等级,,35628.0
杭州益民堂健康管理有限公司临平星河路内科诊所,91330110MA2B26N39B,,无等级,,35665.0
杭州益民堂健康管理有限公司临平藕花洲大街中西医结合诊所,91330110MA2B2B2719,,无等级,,35569.0
杭州益民堂健康管理有限公司杭玻街中西医结合诊所,91330104MA2AXTMT6D,,无等级,,36357.0
杭州益璟医疗投资管理有限公司余杭仁河大道口腔诊所,91330110MA27X5HN7U,,无等级,,39085.0
杭州益盟诊所,91330113MAE00EBE5F,,无等级,,35503.0
杭州益硕堂健康管理有限公司贤明山中医诊所,TE3301833300480850,,无等级,,33966.0
杭州益针堂中西医结合诊所,91330113MAE4FXJ5X3,,无等级,,35235.0
杭州益雅健康管理有限公司临平崇贤口腔诊所,91330110MA2GPD031P,,无等级,,35249.0
杭州盛世钱堂中医诊所,91330102MAEG7GNB5T,,无等级,,36114.0
杭州盛东健康管理有限公司萧山盛东口腔诊所,91330109MACGPW8LXA,,无等级,,38433.0
杭州盛美医疗美容诊所,91330102MAE31UWJ17,,无等级,,36019.0
杭州盛麟堂中西医结合诊所,91330102MADKYA423D,,无等级,,35746.0
杭州真保堂健康管理咨询有限公司彩红城中医诊所,91330108MA28L7XJ7B,,无等级,,33250.0
杭州真善中西医结合诊所,91330114MA8GF7R84R,,无等级,,33207.0
杭州真时医疗美容诊所,91330106MA27X14PXH,,无等级,,37640.0
杭州睛天医疗美容诊所,91330105MA2HXCBL07,,无等级,,34804.0
杭州督泰一生中医诊所,91330114MA8GFF0GXB,,无等级,,33197.0
杭州督泰全生中西医结合诊所,91330102MA28R34P39,,无等级,,36669.0
杭州督泰堂德葆健康管理有限公司大兜路中医诊所,913301053419373017,,无等级,,34716.0
杭州睿妍医疗美容诊所,91330102MA2B2LY72R,,无等级,,36526.0
杭州睿荣健康管理有限公司三里亭口腔诊所,91330104MA27W2YW5J,,无等级,,36708.0
杭州睿视视光科技有限公司萧山金惠路眼科诊所,91330109MA2GMP4Y78,,无等级,,38344.0
杭州睿雅健康管理有限公司大农港路口腔诊所,91330104MA2AXX1W8R,,无等级,,36730.0
杭州瞳心眼科诊所,91330114MA8GGKFC1A,,无等级,,36868.0
杭州知医堂健康管理有限公司德一中医诊所,91330183MA2CEHHA4D,,无等级,,33977.0
杭州知行口腔诊所,91330102MAEQM73N21,,无等级,,35906.0
杭州碧盛医疗美容诊所,91330102MABUL94J4L,,无等级,,36601.0
杭州碧陀芳医疗美容诊所,91330102MADP2B6W4F,,无等级,,35778.0
杭州碧青堂中医诊所,91330108MAEHUL4JX7,,无等级,,33269.0
杭州磊诚健康管理有限公司东宁路口腔诊所,91330104MA27XKXNXK,,无等级,,36624.0
杭州祈彤中医诊所,91330106MA7N4W050M,,无等级,,37533.0
杭州祈济中医诊所,91330105MADX6D746T,,无等级,,34011.0
杭州祖芳健康管理有限公司萧山融望之城诊所,91330109MADQG25Y78,,无等级,,37797.0
杭州祥仁投资管理有限公司明珠街中医诊所,91330104MA28LXUH2L,,无等级,,36630.0
杭州祥元渡济中医诊所,91330106MAEAK0DH28,,无等级,,37487.0
杭州祥吟健康管理有限公司创意路中医诊所,91330106MADN22ANXK,,无等级,,37551.0
杭州祥和堂中医诊所,91330106MACYJ8Q51G,,无等级,,37134.0
杭州祥宏中医诊所,91330105MADGWUG899,,无等级,,34650.0
杭州祥居中医诊所,91330106MAEN0NP64N,,无等级,,37117.0
杭州祥峰健康管理有限公司萧山新塘高庄诊所,91330109MA2CDB4K1B,,无等级,,38517.0
杭州祥泰中医诊所,91330105MADUNNEK93,,无等级,,34608.0
杭州祥韵健康管理有限公司祥运路中医诊所,91330105MA7DC5Q9XX,,无等级,,34679.0
杭州祥鼎利和医院管理咨询有限公司余杭未来诊所,91330110MA2KKB7TX8,,无等级,,38980.0
杭州禄元太中医诊所,91330102MACYXAM58Y,,无等级,,36568.0
杭州福宁堂医疗管理有限责任公司古墩路中医诊所,91330106MADWLKC05K,,无等级,,37155.0
杭州福康中西医结合诊所,91330113MAE1HEPN1M,,无等级,,35513.0
杭州福惠家健康管理有限公司香榭路中医诊所,91330113MAC5QXK459,,无等级,,35594.0
杭州福泉进出口贸易有限公司惠群诊所,91330104793658290C,,无等级,,36208.0
杭州福鑫堂健康管理有限公司萧山所前所市路中医诊所,91330109MA2GYTY658,,无等级,,38168.0
杭州禧善医疗美容诊所,91330102MA7BJP8H1L,,无等级,,35779.0
杭州禧辰医疗美容诊所,91330102MABQ6F899Q,,无等级,,36546.0
杭州禧颜医疗有限公司滟澜园澜轩医疗美容诊所,91330101MA2GYEKG70,,无等级,,36823.0
杭州禹晟健康管理咨询有限公司临安横畈诊所,TE3301853300500700,,无等级,,35025.0
杭州禹晟健康管理咨询有限公司临安青山湖诊所,91330185MAEHA73U6J,,无等级,,35024.0
杭州禹晟健康管理咨询有限公司萧山义桥杨家里诊所,91330109MA2CGWLA1Y,,无等级,,38658.0
杭州禾慕时光医疗美容诊所,91330108MA2GMU5E3F,,无等级,,33268.0
杭州禾提优研健康管理有限公司巨利医疗美容诊所,91330183MA8GH4RU7E,,无等级,,33843.0
杭州禾润医疗咨询有限公司余杭古墩路内科诊所,91330110MA2CFXDF92,,无等级,,39130.0
杭州禾漾医疗美容诊所,91330113MADC38T04P,,无等级,,35554.0
杭州秀华医疗美容诊所,91330103749482523J,,无等级,,34188.0
杭州私享佳健康管理有限公司美院南街口腔诊所,91330106311256986F,,无等级,,37630.0
杭州秉钧堂健康管理有限公司古墩路中医诊所,91330106MA2B1JCL61,,无等级,,37631.0
杭州秋仙投资管理有限公司大江东蜀南闸诊所,91330100MA2AXTB68C,,无等级,,33045.0
杭州秋实健康管理有限公司萧山江寺诊所,91330109MACLP13Y42,,无等级,,38423.0
杭州秋平健康管理有限公司丽贝口腔诊所,TE3301053300446410,,无等级,,34783.0
杭州秋柔健康管理有限公司余杭古墩路口腔诊所,91330110MA2CG6CNX3,,无等级,,39147.0
杭州秋禾健康管理有限公司民康街诊所,91330183MA2H2J404G,,无等级,,33526.0
杭州秋越中医诊所,91330105MADMQFTT5F,,无等级,,34574.0
杭州科伊健康管理有限公司体育场路诊所,91330105MAC0TG4E01,,无等级,,34799.0
杭州科伶医疗美容有限公司萧山领航城医疗美容诊所,91330109MA7BR1LF6J,,无等级,,38584.0
杭州科医颜医疗美容诊所,91330102MAEWTFFF9E,,无等级,,35842.0
杭州科卫中西医结合诊所,91330102MADL4R8L8U,,无等级,,35725.0
杭州科布医疗投资管理有限公司萧山飞虹路口腔诊所,91330109MA27YXY76T,,无等级,,38669.0
杭州科斯姆健康管理有限公司天城东路医疗美容诊所,91330114MA8GE3Q73B,,无等级,,37023.0
杭州科肌医疗美容有限公司义蓬医疗美容诊所,91330100MA7BFAD01D,,无等级,,33106.0
杭州秘瑞依医疗美容诊所,91330103MA2KH8XP8P,,无等级,,34769.0
杭州秘蕊医医疗美容诊所,91330105MA2KDBM0X7,,无等级,,34744.0
杭州秦源堂中医诊所,91330104MA2HX2TE0F,,无等级,,36623.0
杭州积庆堂医疗健康管理有限公司桃源街中医诊所,91330105MA2KJHLK60,,无等级,,34740.0
杭州程志口腔诊所,91330113MADJCP7U10,,无等级,,35535.0
杭州稚川古方养生科技有限公司稚川堂中医诊所,91330102MA27YAC06Y,,无等级,,36674.0
杭州稚禾诊所,91330103MA28NQ485Y,,无等级,,34532.0
杭州立清之创健康管理有限公司城西诊所,91330183MADW60L06Y,,无等级,,33867.0
杭州立行中医诊所,91330110MA2KFTBD6P,,无等级,,35533.0
杭州章小蝶医疗美容诊所,91330105MABT3E6U19,,无等级,,34668.0
杭州笑笑口腔诊所,92330114MA8GF8LY1Y,,无等级,,36808.0
杭州笕新堂医疗投资管理有限公司水墩苑中医诊所,91330104MA27XBNL5M,,无等级,,36614.0
杭州第叁云动中医诊所,91330106MAD3FNRF22,,无等级,,37229.0
杭州简凡医疗美容诊所,91330105MAE0TL1X45,,无等级,,34190.0
杭州简美医疗美容有限公司萧山金惠路医疗美容诊所,91330109MA28WF601R,,无等级,,38409.0
杭州管长生中医诊所,TE3301833300713440,,无等级,,33560.0
杭州米洛斯健康管理咨询有限公司山水美庐医疗美容诊所,91330183MABLLERW2C,,无等级,,33837.0
杭州粒齿健康管理有限公司余杭良渚口腔诊所,91330110MA2B2T254W,,无等级,,39062.0
杭州精仁健康管理有限公司临平运河繁荣路内科诊所,91330110MA27WLU77R,,无等级,,35675.0
杭州精方医疗管理有限公司义蓬诊所,91330114MA8GF71P8D,,无等级,,33217.0
杭州精点健康管理有限公司春晓路中医诊所,91330108MA2B2T3F2T,,无等级,,33495.0
杭州精致媛医疗美容诊所,91330106MA2KJK7R2W,,无等级,,37305.0
杭州精针邻距离中医诊所,91330108MAK0J4534R,,无等级,,33270.0
杭州素环健康管理有限公司临平朱家角中西医结合诊所,91330110MA2CG2LQ0U,,无等级,,35550.0
杭州素问中医诊所,91330106MA2GNP5E5K,,无等级,,37285.0
杭州紫丁中医诊所,91330102MADUNNFR2X,,无等级,,36422.0
杭州紫义堂中医诊所,91330105MA2KJ4CMXX,,无等级,,34738.0
杭州紫意医疗管理有限公司三新路中医诊所,91330114MA8GF97073,,无等级,,33208.0
杭州紫意医疗管理有限公司新湾潮悦前城诊所,91330114MA8GGMBDXR,,无等级,,33177.0
杭州紫成天睿医疗美容诊所,91330114MA8GJCC09J,,无等级,,36828.0
杭州紫春堂中医诊所,91330106MAE5UKK37M,,无等级,,37507.0
杭州紫蝶苑中医诊所,91330106MA2KCYDR0R,,无等级,,37563.0
杭州繁华里口腔诊所,91330105MA2J2C9H83,,无等级,,34654.0
杭州繁荣阁医疗美容诊所,91330102MAG084PQ2Q,,无等级,,35764.0
杭州红医堂诊所,91330103MA2CEWWF1B,,无等级,,34787.0
杭州红小豆互联网医院有限公司余杭闲林山水居诊所,91330110MA27XX883B,,无等级,,38829.0
杭州纪淑侠慈心堂健康管理有限公司江东二路中医诊所,91330114MA8GF27B8Y,,无等级,,33070.0
杭州纯亲颜医疗美容诊所,91330102MABT5RN511,,无等级,,36683.0
杭州纽博恩医疗美容诊所,91330108MA2CCEJT3P,,无等级,,33394.0
杭州绍岐堂诊所,91330105MADAEFXW95,,无等级,,34084.0
杭州绍文诊所,91330113MAENW2C694,,无等级,,35878.0
杭州经汉堂中医诊所,91330106MA7CRJG01Y,,无等级,,37609.0
杭州经济技术开发区吴云刚口腔诊所,TE3301903300106360,,无等级,,36957.0
杭州经纬诊所,91330114MA8GF8K663,,无等级,,33182.0
杭州络脉堂中医诊所,91330105MACPUQR40T,,无等级,,34736.0
杭州继来健康管理有限公司义蓬中医诊所,91330100MA2KF9GM75,,无等级,,33205.0
杭州继红堂中医诊所,91330105MADD65DL31,,无等级,,34570.0
杭州绮悦医疗管理有限公司萧山晨晖路口腔诊所,91330109MA2GMMF86E,,无等级,,38493.0
杭州维仁堂健康管理有限公司义蓬诊所,91330114MA8GF8FW76,,无等级,,33212.0
杭州维他滴中西医结合诊所,91330108MAE4LQBYXG,,无等级,,33226.0
杭州维他贰滴诊所,91330105MAE55HCFX7,,无等级,,34066.0
杭州维俪肤生物科技有限公司南苑医疗美容诊所,91330110MA27X8MY7G,,无等级,,35684.0
杭州维元医疗管理有限公司钱塘前新福苑诊所,91330100MA2GK5N988,,无等级,,33062.0
杭州维希伊美医疗美容诊所,91330102MA28XLC01J,,无等级,,36584.0
杭州维莎医疗美容诊所,91330102MA2KK0U5X2,,无等级,,36485.0
杭州缅伯高中医诊所,91330103MA2GNE4P97,,无等级,,34594.0
杭州缇咖医疗美容诊所,91330103MA2CG05273,,无等级,,36277.0
杭州缘仁中医诊所,91330102MADUT7DR9T,,无等级,,35761.0
杭州缘聚康医疗美容诊所,91330105MACHM7W908,,无等级,,34589.0
杭州缪斯轻美伊美健康管理有限公司教工路医疗美容诊所,91330106MA28MWNG2L,,无等级,,37615.0
杭州罗兰中西医结合诊所,91330102MADDW7FT9J,,无等级,,36227.0
杭州罗强健康管理有限公司凌波路口腔诊所,91330106MA2CCMKA6U,,无等级,,37627.0
杭州罗强健康管理有限公司塘河口腔诊所,913301053283022990,,无等级,,34836.0
杭州罗强健康管理有限公司萧山所前口腔诊所,91330109MA2AYWPA3D,,无等级,,38512.0
杭州罗燕健康管理有限公司同协路口腔诊所,91330104MA2AXC563F,,无等级,,36270.0
杭州美利树医疗美容诊所,91330105MA2CCYL976,,无等级,,34135.0
杭州美吉拉医疗美容诊所,91330106MA28LN777J,,无等级,,37662.0
杭州美吉拉爱美医疗美容诊所,91330105MACWABGQ7D,,无等级,,34700.0
杭州美呀健康管理有限公司周坪路口腔诊所,91330106MA2CDBTW9Y,,无等级,,37617.0
杭州美拉美诊所,91330105MAG0YN3Y12,,无等级,,34021.0
杭州美橡医疗科技有限公司万象城诊所,91330102MA2KKPUQXU,,无等级,,36056.0
杭州美橡医疗科技有限公司富春路医疗美容诊所,91330102MA2KKQ3F0P,,无等级,,36303.0
杭州美橡医疗科技有限公司延安路诊所,91330103MA2J0BHY4X,,无等级,,34800.0
杭州美港医疗美容诊所,91330105MA8GH1U96F,,无等级,,34610.0
杭州美漾健康管理有限公司美漾医疗美容诊所,91330182MA8GFECG37,,无等级,,39388.0
杭州美澜健康管理有限公司临平东湖北路口腔诊所,91330113MA7MKJ3J51,,无等级,,35625.0
杭州美澳医疗门诊部有限公司滨江儿科诊所,TE3301083300488940,,无等级,,33441.0
杭州美珈尔医疗美容诊所,91330106MA2KHHW604,,无等级,,37532.0
杭州美知医疗科技有限公司临平艺尚医疗美容诊所,91330110MA2GNB7998,,无等级,,35662.0
杭州美禾美生物科技有限公司文居街医疗美容诊所,91330183MAEWKCC0XA,,无等级,,33608.0
杭州美禾美生物科技有限公司金桥北路医疗美容诊所,91330183MA2CFR111H,,无等级,,33886.0
杭州美立妍医疗美容诊所,91330103352432667B,,无等级,,34816.0
杭州美约美颂健康管理有限公司萧山秋韵街医疗美容诊所,91330109MA2KGK9LXJ,,无等级,,38345.0
杭州美约美颂医疗美容诊所,91330105MA27YE1T4D,,无等级,,34812.0
杭州美绚茨口腔诊所,91330102MAE4PEN90P,,无等级,,35836.0
杭州美视远景诊所,91330106MABQ4YARX9,,无等级,,37602.0
杭州美豪健康管理有限公司余杭闲林口腔诊所,91330110MA27YD825F,,无等级,,39086.0
杭州美赋医疗美容诊所,91330110MA2H16WG2W,,无等级,,35357.0
杭州美遇轻颜医疗美容诊所,91330102MAE4D3QN9F,,无等级,,36320.0
杭州群民医疗管理有限公司萧山新街路诊所,91330109MA7M41GQ9M,,无等级,,38531.0
杭州翁梅健康管理有限公司临平乔莫东路口腔诊所,91330110MA2CGRD48E,,无等级,,35502.0
杭州翊旗健康管理有限公司萧山瓜沥航坞路诊所,91330109MAEC161YXM,,无等级,,37892.0
杭州耀一医疗管理有限公司河庄河中路诊所,91330114MA8GFM5H96,,无等级,,33194.0
杭州耀康健康管理有限公司临平青春年代雅居中西医结合诊所,91330113MAC9DP2J4X,,无等级,,35640.0
杭州耀达医疗管理有限公司大江东义蓬义隆中医诊所,91330100MA2CE7779H,,无等级,,33164.0
杭州老许医疗投资管理有限公司大江东新湾路中医诊所,91330100MA2CD6JH9B,,无等级,,33026.0
杭州联昇堂中医诊所,91330102MAC1MYYJ4T,,无等级,,36734.0
杭州联洛实业有限公司正德里街中医诊所,91330105MA27XU8T7L,,无等级,,34864.0
杭州联洛实业有限公司正德里街西医内科诊所,91330105MA27YX9MXF,,无等级,,34841.0
杭州聚义医疗管理有限公司大江东义蓬江东金座中医诊所,91330100MA2CF2TG4T,,无等级,,33023.0
杭州聚义医疗管理有限公司大江东河庄丰凯路中医诊所,91330100MA2CFN5Y6Q,,无等级,,33105.0
杭州聚乾生物科技有限公司滨安路中医诊所,91330108MA27XR0Y9E,,无等级,,33505.0
杭州聚善堂中医诊所,91330102MADYLKKK1X,,无等级,,36408.0
杭州聚弘堂健康管理有限公司向阳路中西医结合诊所,91330113MAD1WXG32Q,,无等级,,35588.0
杭州聚烽堂医疗管理有限公司大江东义蓬江东耀顺中医诊所,91330100MA2CFHW11R,,无等级,,33206.0
杭州肌肤之因品牌管理有限公司萧山永久路医疗美容诊所,91330109MA2KHDR41J,,无等级,,38528.0
杭州育高诊所,91330106MACANUWJ4J,,无等级,,37454.0
杭州胡庆余堂国药号有限公司半山诊所,91330100799669046Q,,无等级,,34859.0
杭州胡庆余堂国药号有限公司古墩中医诊所,913301000609867806,,无等级,,37519.0
杭州胡庆余堂国药号有限公司海宁中医（综合）诊所,91330481062017350C,,无等级,,50348.0
杭州胡庆余堂国药号有限公司良渚文化村中医诊所,91330110079332613Q,,无等级,,39135.0
杭州胡庆余堂滨盛中医诊所,91330108MAK16JNK95,,无等级,,33262.0
杭州胡庆余堂第一中医门诊部,91330102MA2B105WXW,未定级,未定级,,36211.0
杭州胡庆余堂萍水街中医诊所,91330105MACF4UQE61,,无等级,,34813.0
杭州胡慧寅中医诊所,91330110070977650E,,无等级,,35576.0
杭州脉德堂中医诊所,91330106MADY16839G,,无等级,,37290.0
杭州脊康堂健康管理有限公司华景街中医诊所,91330114MA8GE4CA1B,,无等级,,37024.0
杭州腾康汇医眼科诊所（备案）,91330108MA2H3R2769,,无等级,,33444.0
杭州臣品口腔诊所,91330106MA2GPF0P7L,,无等级,,37514.0
杭州至善口腔诊所,91330103MA2CDAW038,,无等级,,34784.0
杭州至纯健康管理有限公司大江东义蓬江埠街诊所,91330100MA2GN647XF,,无等级,,33172.0
杭州至诚口腔诊所,91330108MACRY07G4P,,无等级,,33421.0
杭州至邦医疗管理有限公司临平崇贤疏港路西医诊所,91330110MA27XX5H83,,无等级,,35600.0
杭州致尚健康管理有限公司滨江齐飞路口腔诊所,91330108MA28W7H502,,无等级,,33479.0
杭州致康健康管理有限公司江东金座中医诊所,91330114MA8GERMM61,,无等级,,33218.0
杭州致然医疗管理有限公司富阳天河路医疗美容诊所,91330183MADERRQ85E,,无等级,,33811.0
杭州致纯健康管理有限公司萧山市心北路医疗美容诊所,91330109MACQJH8G47,,无等级,,38198.0
杭州致臻健康管理有限公司萧山望朝医疗美容诊所,91330109MACQM7TC48,,无等级,,38197.0
杭州致臻颜健康管理有限公司临平世纪大道西医疗美容诊所,91330113MADJR9F48T,,无等级,,35490.0
杭州臻媛颂健康管理有限公司萧山奔竞医疗美容诊所,91330109MA7L1C8AXD,,无等级,,38187.0
杭州臻尔医疗科技有限公司萧山济仁路医疗美容诊所,91330109MA2HYPHAXR,,无等级,,38408.0
杭州臻杰健康管理有限公司临平崇贤口腔诊所,91330110MA2CGYKA02,,无等级,,35511.0
杭州臻济中西医结合诊所,91330105MADPXG5T6E,,无等级,,34530.0
杭州臻珠医疗美容诊所,91330104MA2H2WLY6B,,无等级,,36267.0
杭州臻靓医疗美容诊所,91330102MACANR47X4,,无等级,,36570.0
杭州臾区中医药健康管理有限公司余杭万家名城中医诊所,91330110MA7FFDCU26,,无等级,,38779.0
杭州舒嘉医疗管理有限公司横畈口腔诊所,91330185MA28W6T62M,,无等级,,35075.0
杭州舒欣中医诊所,91330102MACTX7X20G,,无等级,,36595.0
杭州舒氏中医诊所,92330104MA2BMWY205,,无等级,,36672.0
杭州舒瑞中医诊所,91330102MADMBFH93L,,无等级,,36323.0
杭州舒睿妍医疗美容诊所,91330102MA7EJGX186,,无等级,,35921.0
杭州舒睿莱爱可妮医疗美容诊所,91330108MAE26PLB99,,无等级,,33416.0
杭州艺巢健康管理有限公司临安塑美医疗美容诊所,91330185MA2KCEYB9H,,无等级,,35093.0
杭州艺帆健康管理有限公司余杭美地兰庭诊所,91330110MA280T9H3N,,无等级,,39144.0
杭州艺慕颂医疗美容诊所,91330102MAEF39HR6U,,无等级,,36203.0
杭州艺星医疗美容医院有限公司余杭医疗美容诊所,91330110MADPMA9B8R,,无等级,,38957.0
杭州艺星医疗美容医院有限公司城东医疗美容诊所,91330102MABYENJ160,,无等级,,36747.0
杭州艺星医疗美容医院有限公司城北医疗美容诊所,91330105MADMXEPLX2,,无等级,,34461.0
杭州艺星医疗美容医院有限公司富阳医疗美容诊所,91330183MAC31L5R7R,,无等级,,33982.0
杭州艺星口腔医院有限公司湖滨口腔诊所,91330102MAD12YMH4R,,无等级,,36517.0
杭州艺然医疗管理有限公司新湾路诊所,91330114MA8GFEDQ1F,,无等级,,33176.0
杭州艺琪医疗美容诊所,91330103MA2KFUQU3R,,无等级,,34741.0
杭州艺笙医疗美容诊所,91330102MA7LQ6KC2U,,无等级,,35735.0
杭州艺美紫荆医疗美容诊所,91330103MA28UB8X2T,,无等级,,36271.0
杭州艺美紫馨医疗美容有限公司明月桥路医疗美容诊所,91330104MA2CD4FW05,,无等级,,36347.0
杭州艺雅健康管理有限公司朱池口腔诊所,91330182MA2GYGLN6H,,无等级,,39398.0
杭州艾妮医院管理有限公司周浦口腔诊所,913301063282544699,,无等级,,37105.0
杭州艾康中西医结合诊所,91330102MAEJ60RB4J,,无等级,,36120.0
杭州艾德堂中医诊所,91330105MAD3C2F0X7,,无等级,,34699.0
杭州艾牙口腔诊所,92330106MA2BMY4Q1N,,无等级,,37573.0
杭州艾益堂中医诊所,91330102MACNY7WE2T,,无等级,,36314.0
杭州艾缇医疗美容诊所,91330102MABU1YR12Q,,无等级,,36613.0
杭州艾美形医疗美容诊所,91330106MA7MFFPR2P,,无等级,,37476.0
杭州艾美芮医疗管理有限公司萧山润奥医疗美容诊所,91330109MACRWE743C,,无等级,,38449.0
杭州艾薇安医疗美容诊所,91330102MAETALP50Q,,无等级,,35864.0
杭州艾颜仕健康管理有限公司富阳医疗美容诊所,91330183MA2HXXDW0L,,无等级,,33838.0
杭州芒塔玖和医疗美容诊所,91330105MACCF6UU4Y,,无等级,,34580.0
杭州芒塔玖橙医疗美容诊所,91330113MA7D3JF720,,无等级,,35624.0
杭州芒塔玖运医疗美容诊所,91330102MACM4NA23U,,无等级,,35723.0
杭州芙艾名颜医疗美容诊所,91330105MAE28KQ75N,,无等级,,34571.0
杭州芝琰堂中医药科技有限公司双眼井巷中医诊所,91330105MACNP45M9L,,无等级,,34060.0
杭州芬迪医疗美容诊所,91330104586506964F,,无等级,,36659.0
杭州芯瑞晶医疗科技有限公司申花路医疗美容诊所,91330105MA2KGR8X0X,,无等级,,34698.0
杭州花享容医疗科技有限公司萧山心意广场医疗美容诊所,91330109MA7KCG939D,,无等级,,38435.0
杭州花度蜜美医疗美容诊所,91330103MA27W2K04M,,无等级,,34417.0
杭州花畔健康管理有限公司文礼街医疗美容诊所,91330183MACKR1X15W,,无等级,,33808.0
杭州芳华医疗美容诊所,91330102MA2AYF5T5T,,无等级,,36666.0
杭州芳泉谷诊所,91330102MAE2DDJP68,,无等级,,36226.0
杭州芷兰健康管理有限公司临平桃安路诊所,91330113MAEHGNM400,,无等级,,35456.0
杭州芷兰健康管理有限公司胜桑街诊所,91330113MACAT7EC29,,无等级,,35599.0
杭州芷龄医疗美容诊所,91330105MA7KH8MY0L,,无等级,,34581.0
杭州芽儿乐有限责任公司桐庐口腔诊所,91330122MAG0YTCX77,,无等级,,39438.0
杭州苍济健康管理有限责任公司义蓬中西医结合诊所,91330114MA8GFA9W49,,无等级,,33165.0
杭州苍耳子健康管理有限公司河庄永丰路诊所,91330114MA8GFMM40P,,无等级,,33200.0
杭州苏泗健康管理有限公司笕丁路西医内科诊所,91330104MA2CDQHE65,,无等级,,36605.0
杭州苏韵健康管理有限公司景洲公寓诊所,91330105MADJTK8R2K,,无等级,,34579.0
杭州若康健康管理有限公司余杭良渚西塘河内科诊所,91330110MA28T9Y152,,无等级,,39022.0
杭州若水颜医疗美容诊所,91330105MA7G695C1L,,无等级,,34796.0
杭州英易健康管理有限公司义前路诊所,91330114MA8GG2K069,,无等级,,33071.0
杭州英荣健康管理有限公司江城路诊所,91330102MA27W9P219,,无等级,,36680.0
杭州英萍中医诊所,91330104MA27YKUG9U,,无等级,,36038.0
杭州茂美医疗投资管理有限公司义蓬口腔诊所,91330100MA27X8JK38,,无等级,,33076.0
杭州范丝医疗美容诊所,91330103MA2H30CP3C,,无等级,,34775.0
杭州茉柠之悦医疗美容诊所,91330102MADMXGE2XF,,无等级,,36219.0
杭州茉柠星火医疗美容诊所,91330108MA27WJMH28,,无等级,,33315.0
杭州茗熙医疗美容诊所,91330106MA2H3P2T0Y,,无等级,,37566.0
杭州茯苓中医诊所,91330106MA7CHQ8F84,,无等级,,37599.0
杭州茵丽健康管理有限公司依江路医疗美容诊所,91330183MA7MGFHH5Y,,无等级,,33885.0
杭州草木堂医疗管理有限公司润东府中医诊所,91330114MA8GEKB230,,无等级,,33013.0
杭州草木堂医疗管理有限公司紫瑞华庭中医诊所,91330114MA2KMECP8F,,无等级,,33008.0
杭州荔枝医疗美容诊所,91330104MA2KHXLEXJ,,无等级,,35891.0
杭州荔枝奇异果医疗美容诊所,91330102MAE948N19R,,无等级,,36135.0
杭州荣升医疗管理有限公司英冠天地城诊所,91330114MA8GFP9037,,无等级,,33188.0
杭州荣和医疗管理咨询有限公司金沙学府诊所,91330101MA2GYL9B57,,无等级,,36973.0
杭州荣芝中医诊所,91330102MADX9W7362,,无等级,,35803.0
杭州药王谷健康管理服务有限责任公司旭辉府诊所,91330113MACWK9H263,,无等级,,35607.0
杭州荷尔萌诊所,91330106MACK55M91W,,无等级,,37526.0
杭州莓果医疗美容诊所,91330108MAD9NPRY2B,,无等级,,33386.0
杭州莘月医疗美容诊所,91330106MA7BF6CQ7W,,无等级,,37125.0
杭州莘茉医疗美容诊所,91330102MA7ATHUUXH,,无等级,,35829.0
杭州莫家桥诊所,91330113MACJE1CW3X,,无等级,,35336.0
杭州莱一美医疗美容诊所,91330108MABU1Y8F6R,,无等级,,33511.0
杭州莱斯美医疗美容诊所,91330113MAC9PJKA4F,,无等级,,35585.0
杭州莱维安诺健康管理有限公司萧山元庆路诊所,91330109MADQG8PB2N,,无等级,,37815.0
杭州莱莱中医诊所,91330105MAEW55E36K,,无等级,,34067.0
杭州莱蜜医疗美容诊所,91330102MADTK31Q3D,,无等级,,36428.0
杭州莲娜丽姿健康管理有限公司文豪西路医疗美容诊所,91330183MACUCA0RXC,,无等级,,33836.0
杭州菁漾医疗美容诊所,91330102MA2HX4LD7K,,无等级,,36199.0
杭州菁漾领美医疗美容诊所,91330108MA2H0XDX9D,,无等级,,33381.0
杭州菁肌医疗美容诊所,91330103694581443A,,无等级,,34795.0
杭州菘蓝健康管理有限公司萧山河上樾滨府诊所,91330109MAK08B461H,,无等级,,37703.0
杭州菲丝尔雅健康管理有限公司文居街医疗美容诊所,91330183MADKQL4F68,,无等级,,33869.0
杭州菲曼德医疗美容诊所,91330104MA2HXK0P5F,,无等级,,36660.0
杭州菲瑞健康管理有限公司萧山金鸡路口腔诊所,91330109MA2H16358Q,,无等级,,38607.0
杭州萃萱堂健康管理有限公司余杭闲林翡翠城中医诊所,91330110MA28R70A6X,,无等级,,39052.0
杭州萌发医疗美容诊所,91330108MABY1RC971,,无等级,,33514.0
杭州萌鹰诊所,91330113MACTNFR460,,无等级,,35575.0
杭州营卫医疗管理有限公司河庄中医诊所,91330114MA8GFHL75P,,无等级,,33042.0
杭州营康健康管理有限公司余杭云会中西医结合诊所,91330110MA2CEFYR6N,,无等级,,38954.0
杭州萧山三荷医疗美容诊所,91330109MAEWQ55259,,无等级,,37687.0
杭州萧山中瑞医疗美容诊所,91330109MA7EHHD395,,无等级,,38071.0
杭州萧山临浦孔水浪诊所,92330109MA2AXALT8F,,无等级,,38639.0
杭州萧山临浦殳坚口腔诊所,92330109MA2BLDJE64,,无等级,,38580.0
杭州萧山临浦陈狄昌骨伤科诊所,92330109MA2BN7P98M,,无等级,,38549.0
杭州萧山义桥李兴中医骨伤科诊所,92330109MA28TA10XD,,无等级,,38542.0
杭州萧山伊汇妍医疗美容诊所,91330109MAETKLP98G,,无等级,,37796.0
杭州萧山余锦军口腔诊所,92330109MA28T04U7X,,无等级,,38682.0
杭州萧山佳益健康管理有限公司大林湾西路口腔诊所,91330109MA2KL2H31U,,无等级,,38189.0
杭州萧山俞氏口腔诊所,91330109665213078D,,无等级,,38585.0
杭州萧山俪肤美医疗美容诊所,91330109MADCCJ1G6M,,无等级,,38184.0
杭州萧山光羽医疗美容诊所,91330109MAEQHRDW7P,,无等级,,37828.0
杭州萧山光良通文路内科诊所,TE3301093300710550,,无等级,,37907.0
杭州萧山党山李燕口腔诊所,92330109MA2BJMY00H,,无等级,,38615.0
杭州萧山党湾周建虎口腔诊所,92330109MA28R0C795,,无等级,,38534.0
杭州萧山净肤美学医疗美容诊所,91330109MADUQQET7U,,无等级,,38002.0
杭州萧山北干余治平中医诊所,92330109MA2BMXJ1X9,,无等级,,38647.0
杭州萧山北干姚俊昭口腔诊所,92330109MA2CDBDA7L,,无等级,,38568.0
杭州萧山北干孙彰中医妇科诊所,92330109MA28T2U7XE,,无等级,,38616.0
杭州萧山北干徐柏军口腔诊所,92330109MA2BN9LQ7F,,无等级,,38548.0
杭州萧山北干青琴怡美医疗美容诊所,91330109MA28RG4X4M,,无等级,,38590.0
杭州萧山医加美医疗美容诊所,91330109MAER32CH4D,,无等级,,37876.0
杭州萧山南阳惠阳内科诊所,92330109MA28MDFE3R,,无等级,,38670.0
杭州萧山南阳王恩荣口腔诊所,92330109MA2CE7R17A,,无等级,,38511.0
杭州萧山南阳高金利西内科诊所,92330109MA28T2RL56,,无等级,,38559.0
杭州萧山南阳高鹰诊所,92330109MA28TRY65A,,无等级,,38349.0
杭州萧山原素医疗美容诊所,91330109MA2KDW8LXN,,无等级,,38174.0
杭州萧山吴林山中医诊所,92330109MA2BL9G87Q,,无等级,,38575.0
杭州萧山和光美成医疗美容诊所,91330109MAE3J37J7X,,无等级,,38290.0
杭州萧山国联堂品文府诊所,91330109MAD9TCKD3Q,,无等级,,38444.0
杭州萧山坎山施红福中医诊所,91330109143455918K,,无等级,,38646.0
杭州萧山城厢任永珍西内科诊所,92330109MA28RKG52D,,无等级,,38593.0
杭州萧山城厢卫建明内科诊所,92330109MA2BM3YK96,,无等级,,38605.0
杭州萧山城厢施国美口腔诊所,92330109MA2BPGA71W,,无等级,,38447.0
杭州萧山城厢楼滨钢口腔诊所,92330109MA28W0WKXH,,无等级,,38556.0
杭州萧山城厢汤钟磊口腔诊所,92330109MA2BQXEB1D,,无等级,,38691.0
杭州萧山城厢沈立民口腔诊所,92330109MA280Q535Q,,无等级,,38553.0
杭州萧山城厢沈立波口腔诊所,92330109MA28WWAE8F,,无等级,,38536.0
杭州萧山城厢韩薇口腔诊所,92330109MA28WYF27T,,无等级,,38466.0
杭州萧山城厢顾超超口腔诊所,92330109MA2BR86R97,,无等级,,38683.0
杭州萧山城厢马建华口腔诊所,92330109MA28RYFW58,,无等级,,38524.0
杭州萧山夏桂海口腔诊所,91330109MA2KH3384P,,无等级,,38633.0
杭州萧山天睿医疗美容诊所,91330109MAE14G1U0U,,无等级,,37701.0
杭州萧山奈思医疗美容诊所,91330109MAE4UU5N1R,,无等级,,38234.0
杭州萧山奥体好漾医疗美容诊所,91330109MA7CLFHF7M,,无等级,,38281.0
杭州萧山妤初医疗美容诊所,91330109MAE769A77C,,无等级,,37732.0
杭州萧山孟雁卿诊所,92330109MA28XACG20,,无等级,,38469.0
杭州萧山季大鸣口腔诊所,91330109MA2KEG180N,,无等级,,38541.0
杭州萧山宁围永生诊所,92330109MA28N8ND8K,,无等级,,38480.0
杭州萧山宁围罗国龙内科诊所,92330109MA2H3WBQ2J,,无等级,,38627.0
杭州萧山安馨宫妇科诊所,91330108MA2H1LUMX9,,无等级,,38362.0
杭州萧山寻觅亦朵医疗美容诊所,91330109MADPEPUF1Q,,无等级,,38254.0
杭州萧山平民医疗科技有限公司梅花楼中医诊所,91330109MA2H2JRG1R,,无等级,,38630.0
杭州萧山康如健康管理有限公司党柯路诊所,91330109MA2KD08B09,,无等级,,38188.0
杭州萧山康硕渭水桥诊所,52330109MJ87230348,,无等级,,38664.0
杭州萧山弘济健康管理有限公司蜀山晨晖诊所,91330109MA2AX0M42N,,无等级,,38677.0
杭州萧山张雅汀诊所,92330109MA2BMD8U24,,无等级,,38523.0
杭州萧山徐利明内科诊所,92330109MA2BL5TN1G,,无等级,,38535.0
杭州萧山德圣诊所,TE3301093300707020,,无等级,,38026.0
杭州萧山恩肽医疗美容诊所,91330109MAE6LHQT1G,,无等级,,38028.0
杭州萧山戚维益西内科诊所,91330109MA27WLLX2U,,无等级,,38455.0
杭州萧山戴村顾又兴西内科诊所,92330109MA28XUYQ9Y,,无等级,,38566.0
杭州萧山所前王曙光内科诊所,92330109MA28W34R71,,无等级,,38660.0
杭州萧山新塘徐生产中医诊所,92330109MA28U2CE87,,无等级,,38457.0
杭州萧山新塘田烈焕西医诊所,92330109MA28NDL107,,无等级,,38546.0
杭州萧山新塘范益华诊所,92330109MA28UB0M1M,,无等级,,38592.0
杭州萧山新天马瑞琦医疗美容诊所,TE3301093300512810,,无等级,,38463.0
杭州萧山新氧青春肆柒医疗美容诊所,91330109MAG0QF4E9Q,,无等级,,37711.0
杭州萧山新福柏医疗美容诊所,91330109MAD0LEXU9B,,无等级,,38410.0
杭州萧山新街俞伟平中医针灸诊所,92330109MA28W0G982,,无等级,,38540.0
杭州萧山新街金庆龙口腔科诊所,92330109MA28U1HG3Y,,无等级,,38537.0
杭州萧山新街镇孙德根诊所,92330109MA28NEGF6Q,,无等级,,38475.0
杭州萧山新街长山沈飞诊所,92330109MA2BL7N944,,无等级,,38652.0
杭州萧山时光滴中西医结合诊所,91330109MAERFG9H9X,,无等级,,37832.0
杭州萧山昕烨医疗美容诊所,91330109MAEQPUDM7D,,无等级,,37952.0
杭州萧山星医惠医疗美容诊所,91330109MACYXFUF48,,无等级,,38034.0
杭州萧山期颐嘉园城厢高桥路诊所,52330109MJ87142268,,无等级,,38532.0
杭州萧山朱伟西内科诊所,92330109MA28LA9W9B,,无等级,,38599.0
杭州萧山李勇君中西医结合诊所,91330109MA2HYAKR7J,,无等级,,38621.0
杭州萧山柏易兰医疗美容诊所,91330109MAED7BKG0Q,,无等级,,38265.0
杭州萧山格悦医疗美容诊所,91330109MAEGGK9L84,,无等级,,38075.0
杭州萧山梅西口腔诊所,TE3301093300711820,,无等级,,37872.0
杭州萧山梦露医疗美容诊所,91330109MADW2RTF1H,,无等级,,37835.0
杭州萧山森友丽齿口腔诊所,91330109MA27X8U265,,无等级,,38375.0
杭州萧山步氏皮肤科诊所,92330109MA28U4G63L,,无等级,,38635.0
杭州萧山求真医疗美容诊所,91330109MAEQPU6373,,无等级,,37712.0
杭州萧山汤秋水口腔诊所,92330109MA2BNJ7P7M,,无等级,,38606.0
杭州萧山沁媛医疗美容诊所,91330109MAEEJWDL0D,,无等级,,37866.0
杭州萧山河上朱法中医诊所,91330109689095504A,,无等级,,38484.0
杭州萧山河上瞿可为诊所,92330109MA280EBE0E,,无等级,,38525.0
杭州萧山济世堂为民健康管理有限公司临浦峙山北路中西医结合诊所,91330109MAEBUMKP8N,,无等级,,37948.0
杭州萧山浙森医疗美容诊所,91330109MAEDY8PA2U,,无等级,,38059.0
杭州萧山浦阳吴国平口腔诊所,92330109MA28TQAA2C,,无等级,,38659.0
杭州萧山浦阳张大顺内科诊所,92330109MA28MJMK35,,无等级,,38507.0
杭州萧山浦阳王乐明中医诊所,91330109719514117J,,无等级,,38624.0
杭州萧山浩翔健康管理有限公司瓜沥为民路口腔诊所,91330109MA7F7CJ99Q,,无等级,,38693.0
杭州萧山涛涛口腔诊所,913301097909379051,,无等级,,38506.0
杭州萧山港汇美天美医疗美容诊所,91330109MADLKGJ2XB,,无等级,,38146.0
杭州萧山爱可妮可医疗美容诊所,91330109MAEU4E7M4Q,,无等级,,37710.0
杭州萧山王军诊所,92330109MA28LJ8L71,,无等级,,38385.0
杭州萧山王志明针灸科诊所,92330109MA28LA9P1D,,无等级,,38623.0
杭州萧山珂尔丽医疗美容诊所,91330109MAEN2XC190,,无等级,,37926.0
杭州萧山珞美熙医疗美容诊所,91330109MAE9XK7H9B,,无等级,,37923.0
杭州萧山瓜沥鲍远大内科诊所,92330109MA2BQ699XF,,无等级,,38477.0
杭州萧山由美医疗美容诊所,91330109MAECQQBP0H,,无等级,,38161.0
杭州萧山白泽医疗投资管理有限公司宁围丰二诊所,91330109MA2B18XJ39,,无等级,,38431.0
杭州萧山百瑞元医疗美容诊所,91330109MA7KAAPH8D,,无等级,,38374.0
杭州萧山瞿佳口腔诊所,92330109MABWHFH40C,,无等级,,38521.0
杭州萧山禧颜医疗管理有限公司市心北路医疗美容诊所,91330109MACLLT511K,,无等级,,38504.0
杭州萧山管慧珍西内科诊所,92330109MA28M3GF0Y,,无等级,,38629.0
杭州萧山精合金城路诊所,52330109MJ87140661,,无等级,,38538.0
杭州萧山维他壹滴中西医结合诊所,91330109MAE5BX2Q23,,无等级,,38291.0
杭州萧山维他康源中西医结合诊所,91330109MAEMDLGN02,,无等级,,37750.0
杭州萧山耀然医疗美容诊所,91330109MA2806X12N,,无等级,,38483.0
杭州萧山色术医疗美容诊所,91330109MA2KCBAF0G,,无等级,,38454.0
杭州萧山茅杭燕口腔诊所,92330109MACRG46H9E,,无等级,,38533.0
杭州萧山萧东医院有限公司瓜沥碧苑路诊所,91330109MA2HX4UH7L,,无等级,,38443.0
杭州萧山萧西健康管理有限责任公司城厢中西医结合诊所,91330109MAE76M6W1F,,无等级,,37911.0
杭州萧山蒋杰口腔诊所,92330109MA28UE6P2J,,无等级,,38514.0
杭州萧山薛峰健康管理有限公司金城路内科诊所,91330109MA27Y3KK1D,,无等级,,38690.0
杭州萧山虞晓凯口腔诊所,91330109MAC7JR133W,,无等级,,38513.0
杭州萧山蜀山沈燕平口腔诊所,92330109MA2ADMKM88,,无等级,,38626.0
杭州萧山西门药店有限公司城河街诊所,91330109MA2GNRN000,,无等级,,38464.0
杭州萧山许氏中医诊所,91330109MA2J0J8MOB,,无等级,,38574.0
杭州萧山赵学泉西内科诊所,92330109MA28UWCK9B,,无等级,,38583.0
杭州萧山赵阿福西内科诊所,92330109MA2BPG369W,,无等级,,38675.0
杭州萧山进化汤汝成中医诊所,913301095802652826,,无等级,,38551.0
杭州萧山邵秀丽口腔诊所,92330109MA8GGG2Q20,,无等级,,38340.0
杭州萧山金岚润医疗美容诊所,91330109MAEKFHUK3B,,无等级,,37992.0
杭州萧山钱江农场杨伦邱诊所,92330109MA28RYCA6P,,无等级,,38594.0
杭州萧山闻堰来寅福口腔诊所,92330109MA28UXLW73,,无等级,,38600.0
杭州萧山陆国江牙科诊所,92330109MA28TA0L52,,无等级,,38598.0
杭州萧山陶孟飞诊所,92330109MA28NKXC6K,,无等级,,38588.0
杭州萧山靓润口腔诊所,91330109694581777H,,无等级,,38170.0
杭州萧山靖江徐锦梁中医诊所,92330109MA28TJBG9J,,无等级,,38587.0
杭州萧山靖江潘建锋中医针灸诊所,92330109L603287568,,无等级,,38632.0
杭州萧山靖江陈方平西内科诊所,92330109MA28R77C7A,,无等级,,38596.0
杭州萧山靖江项氏口腔诊所,92330109MA28THK261,,无等级,,38547.0
杭州萧山韩祖根中医诊所,92330109MA2CD66K0C,,无等级,,38628.0
杭州萧山项伟雄口腔诊所,92330109MAE1WDHR2U,,无等级,,38251.0
杭州萧山高维善西内科诊所,92330109MA28NDLH1T,,无等级,,38564.0
杭州萧山鲁吾君诊所,92330109MA28UHFK7N,,无等级,,38563.0
杭州萧山黄凯口腔诊所,92330109MA2KDX376R,,无等级,,38544.0
杭州萧山黄氏健康管理有限公司融泽府诊所,91330109MAE9RJJ861,,无等级,,37901.0
杭州萧山黛雅医疗美容诊所有限公司秋涛北路医疗美容诊所,91330104MA280W507K,,无等级,,36625.0
杭州萧山黛颜医疗美容诊所,91330109MA28NX388D,,无等级,,38653.0
杭州萧山龙健健康管理咨询有限公司新街文明路内科诊所,91330109MA2GPU492F,,无等级,,38209.0
杭州萧山龙方集草堂中医诊所,91330109MAEF8KD82B,,无等级,,37860.0
杭州萧峰健康管理有限公司萧山衙前路诊所,91330109MA2H0MG082,,无等级,,38668.0
杭州萧康企业管理有限公司萧山南秀路诊所,91330109MA2GLKY27A,,无等级,,38426.0
杭州葆康健康管理有限公司萧山靖江广场路诊所,91330109MADKQH5RXL,,无等级,,38405.0
杭州葆臻堂灯彩中医诊所,91330106341842919J,,无等级,,37417.0
杭州董氏中医烧伤研究所烧伤外科诊所,91330105670608218J,,无等级,,34653.0
杭州董泰中西医结合诊所,91330114MA8GFK6E5X,,无等级,,33086.0
杭州董老中医健康管理有限公司萧山明星路中西医结合诊所,91330109MAD22R7K53,,无等级,,38103.0
杭州蓁兮宸颜医疗美容诊所,91330105MADFK1FK5E,,无等级,,34619.0
杭州蓓俪莎医疗美容有限公司萧山金浦明苑医疗美容诊所,91330109MAD13237X9,,无等级,,38051.0
杭州蓓颜美医疗美容诊所,91330102MABMYRB49Y,,无等级,,35928.0
杭州蓝丝带母婴护理有限公司康安路中西医诊所,91330182MA2AY6730R,,无等级,,39381.0
杭州蓝境医疗美容诊所,91330106MAEUEYK81U,,无等级,,37232.0
杭州蓝晋健康管理有限公司萧山潮韵医疗美容诊所,91330109MACUYGBB5K,,无等级,,38422.0
杭州蓝桥中西医结合诊所,91330102MACHHAXT1X,,无等级,,36455.0
杭州蓝牙健康管理有限公司萧山明星路口腔诊所,91330109MA28M84Y3T,,无等级,,38468.0
杭州蓝苑中医诊所,91330102MADXCX09X6,,无等级,,36433.0
杭州蓝蔻医疗美容诊所,91330104079333384K,,无等级,,33453.0
杭州蔓迪华发诊所,91330105MACE23Q49G,,无等级,,34189.0
杭州蕊雅医疗美容诊所,91330103MA2KJWKA9W,,无等级,,34759.0
杭州蕙昕堂中医诊所,91330108MA28X2F684,,无等级,,33429.0
杭州薇佳医疗美容诊所,91330108MA7M3UFN1T,,无等级,,33516.0
杭州薇兰健康管理有限公司萧山绿都医疗美容诊所,91330109MAC32CXJ0X,,无等级,,38673.0
杭州薇熙颜医疗美容诊所,91330102MAD09P3900,,无等级,,35907.0
杭州薇礼医疗美容诊所,91330106MA2KJT9D5P,,无等级,,37082.0
杭州薇蜜幸福健康管理有限公司医疗美容诊所,91330102328291702X,,无等级,,35747.0
杭州藏唐局方中医诊所,91330105MAC0AJF86E,,无等级,,34683.0
杭州藕花健康管理有限公司擎天半岛中医综合诊所,91330113MADN3F498W,,无等级,,35544.0
杭州虎牙健康管理有限公司萧山商贸街口腔诊所,91330109MACF54YL9X,,无等级,,38529.0
杭州蜜佑医疗美容诊所,91330102MA2CDAJB03,,无等级,,36591.0
杭州蜜肌泉医疗美容诊所,91330108MA2H2T33XH,,无等级,,33399.0
杭州蝶可医疗美容诊所,91330102MADW195U7Q,,无等级,,36296.0
杭州蝶康诊所,91330102MADW17UF8X,,无等级,,35964.0
杭州融景健康管理有限公司萍水街中医诊所,91330105MA2KG0GF08,,无等级,,34673.0
杭州行一馆中医诊所,91330102MAE5BJR43F,,无等级,,36319.0
杭州行止口腔诊所,91330102MAD1RYT81M,,无等级,,36524.0
杭州衡运堂中西医结合诊所,91330106056724411Q,,无等级,,36634.0
杭州袁浦谱惠口腔诊所,91330106MAEQW78G14,,无等级,,37098.0
杭州西湖余维安西医诊所,92330106MA28MPK622,,无等级,,37608.0
杭州西湖冯玉富口腔诊所,92330106MA28NY3A75,,无等级,,37612.0
杭州西湖刘长贵口腔诊所,92330106MA2ADC0G4E,,无等级,,37570.0
杭州西湖包晓彤口腔诊所,92330106MA2BKUA800,,无等级,,37650.0
杭州西湖叶青峰中医诊所,92330106MA28MC7A72,,无等级,,37524.0
杭州西湖吴向阳口腔诊所,92330106MA280KKR00,,无等级,,37661.0
杭州西湖哈建华路加中医诊所,92330106MAD4JTMG8J,,无等级,,37595.0
杭州西湖娄安全口腔诊所,92330106MA8GGHUU69,,无等级,,37552.0
杭州西湖岑安琪中医诊所,TE3301063300704340,,无等级,,37304.0
杭州西湖徐晓东中医诊所,92330106MA2BM7F05J,,无等级,,37616.0
杭州西湖杨德皓中医诊所,92330106MA2BRD0DXF,,无等级,,37652.0
杭州西湖柏容中医诊所,92330106MA2BR9Y332,,无等级,,37657.0
杭州西湖查金华中医诊所,92330106MA2BROFB34,,无等级,,37607.0
杭州西湖洪群口腔诊所,92330106MA2BNYJ93L,,无等级,,37655.0
杭州西湖王圣林医疗美容诊所,92330106MA28LG7D7A,,无等级,,37638.0
杭州西湖田增辉中医诊所,92330106MA2KL91P9J,,无等级,,37575.0
杭州西湖袁伯敏中医诊所,92330106MA28RJX662,,无等级,,37564.0
杭州西湖陈爱玲口腔诊所,92330106MA2AXX819J,,无等级,,37648.0
杭州西湖陈胜根中医诊所,92330106MA2BKK9L36,,无等级,,37653.0
杭州西湖高建宇口腔诊所,92330106MA28R05J2P,,无等级,,37637.0
杭州西科颜诺医疗美容诊所,91330108MA2B27JH0J,,无等级,,33383.0
杭州见安中医诊所（纯中医诊所备案）,91330106MA2KGM0E0J,,无等级,,37633.0
杭州见微堂健康管理有限公司湾南诊所,91330101MA2CFXKM0D,,无等级,,36859.0
杭州见民健康管理有限公司萧山东旭府诊所,91330109MACH52K042,,无等级,,38242.0
杭州见美医疗美容诊所,91330102MAD1JMM80Y,,无等级,,36438.0
杭州观心正念诊所,91330106MAERELL045,,无等级,,37077.0
杭州觅亚健康管理有限公司萧山鸿宁路诊所,91330109MACRKCD919,,无等级,,38421.0
杭州视力健眼科诊所,91330104MA2KE04E5L,,无等级,,36667.0
杭州览美医疗美容诊所,91330101MA2GPMXF4T,,无等级,,37569.0
杭州言初美学健康管理有限公司萧山市心北路医疗美容诊所,91330109MACJ6J2U9T,,无等级,,37995.0
杭州言康健康管理有限公司萧山翡郦诊所,91330109MAD8DKQT67,,无等级,,38185.0
杭州誉福堂南北港中医诊所,91330105MA8GGTNRXP,,无等级,,34557.0
杭州许燕堂健康管理有限公司萧山合欢路中医诊所,91330109MA2GP32G31,,无等级,,38617.0
杭州诗丽堂医疗美容诊所,91330105MACW79U60X,,无等级,,34715.0
杭州诚安中西医结合诊所,91330103MA2J1DLW43,,无等级,,34607.0
杭州诚德健康管理有限公司余杭诊所,91330110MADM6D1R61,,无等级,,39023.0
杭州语泽健康管理有限公司萧山临浦建材商贸城诊所,91330109MAEM74N40F,,无等级,,37996.0
杭州请来医院管理有限公司三里亭诊所,91330104MA2GMMFD7E,,无等级,,36691.0
杭州请来科技有限公司新塘中医诊所,91330102MACU5XT16Q,,无等级,,36612.0
杭州诺桐健康管理有限公司旭辉运河悦章诊所,91330113MACEK5936M,,无等级,,35340.0
杭州诺洁健康管理有限公司鹿山诊所,91330183MA2GKR5BXJ,,无等级,,33924.0
杭州诺瓦内科诊所,91330108MAEWH9AQ5L,,无等级,,33273.0
杭州诺维口腔诊所,91330108MA2CCD889P,,无等级,,33482.0
杭州诺赛医疗美容诊所,91330102MAC11NME2Q,,无等级,,36060.0
杭州谢小猫中医诊所,91330102MAC72J6B67,,无等级,,36611.0
杭州豫医中西医结合诊所,91330102MA7J3N6Y2G,,无等级,,36647.0
杭州豫杭中西医结合诊所,91330102MAC4DBQ25U,,无等级,,36749.0
杭州豫林医疗管理有限公司学源街中医诊所,91330100MA2KDJED73,,无等级,,36832.0
杭州贝卡扎页中西医结合诊所,91330102MACRHQ8Q0B,,无等级,,35879.0
杭州贝可维中西医结合诊所,91330113MABLRX8Y2L,,无等级,,35459.0
杭州贝嘉美健康管理有限公司萧山金城路医疗美容诊所,91330109MAE0B3684N,,无等级,,38315.0
杭州贝格口腔诊所,91330105MA2CGHDX87,,无等级,,34575.0
杭州贝比熊萌新口腔诊所,91330102MAEQCYG81R,,无等级,,35754.0
杭州贝源健康管理有限公司益乐路口腔诊所,91330106MA27Y63H7D,,无等级,,37614.0
杭州贝熙林医疗美容诊所,91330105MAC7L1WL8F,,无等级,,34211.0
杭州贝诺口腔诊所,91330103328212883N,,无等级,,34703.0
杭州贝齿健康管理有限公司安吉天子湖口腔诊所,91330523MA2B4WML1C,,无等级,,51952.0
杭州赋久丽医疗美容诊所,91330105MA7BGB8J31,,无等级,,34693.0
杭州赋大口腔诊所,91330105MAE8PHCM9J,,无等级,,34165.0
杭州赢信中医诊所,91330105MA2J0RJE7E,,无等级,,34827.0
杭州赫柏医疗美容有限公司萧山湘湖医疗美容诊所,91330109MA27WXTC4K,,无等级,,38358.0
杭州跃芽健康管理有限公司萧山山阴路诊所,91330109MAEJBN2F8B,,无等级,,38119.0
杭州轩誉德医疗服务有限公司萧山政通路诊所,91330109MADPA2P02Y,,无等级,,38370.0
杭州轻联龙德中医诊所,91330106MA2J1FQ50F,,无等级,,37238.0
杭州轻辰悦医疗美容诊所,91330105MA2KCU268C,,无等级,,34819.0
杭州辰时诊所,91330102MA2B2DAF31,,无等级,,36329.0
杭州辰秀中医诊所,91330102MADM7UG292,,无等级,,36503.0
杭州辰莹健康管理有限公司临平石塘东路诊所,91330113MADT34AK1E,,无等级,,35428.0
杭州迈迪克健康管理有限公司萧山北干星都诊所,91330109MANM6G0K74,,无等级,,38595.0
杭州运乾健康管理有限公司萧山奥园诊所,91330109MADKY0G14G,,无等级,,38391.0
杭州运彤中医诊所,91330106MAD7UYYL1H,,无等级,,37542.0
杭州进取健康管理有限公司精工路口腔诊所,913301103418737745,,无等级,,38880.0
杭州进德健康管理有限公司萧山宁泰路内科诊所,91330109MA27XKDT1E,,无等级,,38467.0
杭州远泰医疗科技有限公司多立方公寓诊所,91330102MACHP3W02C,,无等级,,36626.0
杭州远辉健康管理有限公司萧山高庄口腔诊所,91330109MA2GKLNB8Q,,无等级,,38597.0
杭州迦娜健康管理有限公司河庄府东路诊所,91330100MA2GNK6K71,,无等级,,33151.0
杭州迦得医院管理有限公司利明诊所,91330101699841638Y,,无等级,,36905.0
杭州迦泽健康管理有限公司义蓬江东金座诊所,91330114MA8GFLRQXM,,无等级,,33191.0
杭州迦泽健康管理有限公司横三路中医诊所,91330114MA8GFLRL9K,,无等级,,33159.0
杭州迪安西医诊所,91330104MA28XLHQ64,,无等级,,36705.0
杭州选择中医诊所,91330106MA7GL0UC81,,无等级,,34009.0
杭州通盛中西医结合诊所,91330102MADBG27D42,,无等级,,36527.0
杭州通途健康管理有限公司云涛路口腔诊所,91330101MA2CGHLK28,,无等级,,37011.0
杭州通里堂中医诊所,91330102MAK0JTWR0Y,,无等级,,35792.0
杭州逸云轩中医诊所,91330105MACCWK8H9T,,无等级,,34045.0
杭州逸仁健康管理有限公司颐景园中西医结合诊所,91330104MA2CD70H0A,,无等级,,36619.0
杭州逸星中医诊所,91330105MADKAYCY0F,,无等级,,34080.0
杭州逸景堂健康管理有限公司余杭良渚金家渡内科诊所,91330110MA2GNG7P38,,无等级,,39143.0
杭州道特林克诊所,91330104MA2GNE623Q,,无等级,,36610.0
杭州邦年青健康管理有限公司萧山望京内科诊所,91330109MAEHEWGY1L,,无等级,,38070.0
杭州邻家中医诊所,92330103MA2H05QY3H,,无等级,,34760.0
杭州邻家健康管理有限公司长睦锦苑诊所,91330104MA2GLT0N7Y,,无等级,,36411.0
杭州郎禾中医诊所,91330105MA2B1GTC2Y,,无等级,,34821.0
杭州郑长宏诊所,92330110MA2BNU7535,,无等级,,35455.0
杭州郝思嘉美容服务有限公司临平南大街医疗美容诊所,91330113MACFD35F61,,无等级,,35622.0
杭州郡康健康管理有限公司千帆路诊所,91330114MA8GEE0C9A,,无等级,,37006.0
杭州郡然艾美医疗美容诊所,91330104MA2B22FC0E,,无等级,,35889.0
杭州郭氏健康管理有限公司江东金座中医诊所,91330114MA8GELN650,,无等级,,33180.0
杭州醉美桃花源医疗美容诊所,91330102MA2CGF5CXF,,无等级,,36194.0
杭州金函医疗管理有限公司萧山为民路诊所,91330109MADEPW4N0W,,无等级,,38432.0
杭州金匮医疗管理有限公司青六中路向涛名苑诊所,91330100MA28NNET27,,无等级,,33074.0
杭州金匮医疗管理有限公司青六中路诊所,91330114MA8GFD2D2H,,无等级,,33075.0
杭州金堡中西医结合诊所,91330102MADHH33G76,,无等级,,36491.0
杭州金座诊所,91330114MA8GF78B8Q,,无等级,,36904.0
杭州金康来医学科技有限公司萧山蜀越路内科诊所,91330109MADBAACM9N,,无等级,,37715.0
杭州金易医药有限公司萧山利丰路内科诊所,91330109MA2AXD2830,,无等级,,37856.0
杭州金沐健康管理有限公司灯彩东街中西医结合诊所,91330105MA2GLQTU02,,无等级,,34068.0
杭州金红健康管理有限公司余杭医疗美容诊所,91330110MA2CGJL39M,,无等级,,39082.0
杭州金草诊所,91330108MA2B0A243R,,无等级,,33335.0
杭州金诃堂中医诊所,91330105MA2GMUDR0K,,无等级,,34691.0
杭州金诺恒健康管理有限公司顺福路诊所,9133010434195147XG,,无等级,,36436.0
杭州鑫健健康管理有限公司雅乐中西医结合诊所,91330110MACDY4CA5T,,无等级,,39107.0
杭州鑫圣健康管理有限公司江南岸诊所,91330100MA2GMTYF3K,,无等级,,33021.0
杭州鑫益健康管理有限公司杨公路口腔诊所,91330104MA2803JM7E,,无等级,,36363.0
杭州鑫蓬医疗管理有限公司大江东义蓬敏强诊所,91330100MA2GK34AXM,,无等级,,33091.0
杭州鑫辉健康管理有限公司临平前村街诊所,91330113MABU3MLW61,,无等级,,35517.0
杭州针康春晓中医诊所,91330108MABQAW7G8T,,无等级,,33494.0
杭州钥漾医疗美容诊所,91330106MA2KLKEJ2W,,无等级,,37535.0
杭州钧正堂中医诊所,91330108MAEG35PP0M,,无等级,,33242.0
杭州钰华诊所,91330106MAE90TMH9H,,无等级,,37469.0
杭州钱塘义蓬丁斌口腔诊所,92330100MA2BNQ0N50,,无等级,,33092.0
杭州钱塘钱国庆内科诊所,92330100MA280XEG8L,,无等级,,33134.0
杭州铂瑞医疗美容诊所,91330106MA2KDWKH36,,无等级,,37568.0
杭州铂睿医疗诊所,91330102MACY9B4C2F,,无等级,,36575.0
杭州铂诗玥医疗美容诊所,91330103MA2GK68284,,无等级,,34862.0
杭州铃兰健康管理有限公司丰登街口腔诊所,91339195MA28L7F90H,,无等级,,34808.0
杭州铭依堂中医诊所,91330106MA2GMFXA8F,,无等级,,37623.0
杭州铭健诊所,91330106MADW93CG48,,无等级,,37150.0
杭州铭峰健康管理有限公司余杭闲林口腔诊所,91330110MA2H3L9K0J,,无等级,,39123.0
杭州铭德堂中医诊所,91330106MAERMRL8X5,,无等级,,37283.0
杭州铭德鸿泰健康管理有限公司萧山丰贸南路口腔诊所,91330109MACCPDL21E,,无等级,,38666.0
杭州铭齿健康管理有限公司余杭径山龙皇口腔诊所,91330110MA2CDAXA16,,无等级,,39009.0
杭州铭齿健康管理有限公司横溪口腔诊所,91330185MA27YNHH2E,,无等级,,35157.0
杭州银康诊所,91330114MA8GF34W37,,无等级,,36994.0
杭州铸仁中医诊所,91330104MA2CD6EF0G,,无等级,,36697.0
杭州铸仁元顺中医诊所,91330103MA2CE95N2R,,无等级,,34667.0
杭州铸梦嘉妍医疗美容有限公司临平医疗美容诊所,91330110MA2KGLEY04,,无等级,,35658.0
杭州锐博中医诊所,91330106MACF8QY97Q,,无等级,,37381.0
杭州锐康健康管理有限责任公司新湾诊所,91330114MA8GFAHL5H,,无等级,,33214.0
杭州锐泰口腔诊所,91330106MAENWYAA6R,,无等级,,37344.0
杭州锐视健康管理有限公司萧山金鸡路眼科诊所,91330109MA2J09ML4J,,无等级,,38622.0
杭州锦义诊所,91330102MABXFHQB0T,,无等级,,36480.0
杭州锦仁健康管理有限公司萧山忘忧弄口腔诊所,91330109MAD0C7B64F,,无等级,,38162.0
杭州锦仁堂中医诊所,91330102MACDLMQU6E,,无等级,,35732.0
杭州锦合健康管理有限公司临平美丽致大厦中西医结合诊所,91330113MADAW2XA1T,,无等级,,35583.0
杭州锦御堂中医诊所,91330104MA2KJ6NU03,,无等级,,36598.0
杭州锦时中医诊所,91330105MADTLC3Y1W,,无等级,,34043.0
杭州锦林诊所,91330105MAEF9G3Q05,,无等级,,34330.0
杭州锦润口腔诊所,91330102MADT3X2W8N,,无等级,,36441.0
杭州锦澜堂中医诊所,91330105MAEJLCAJ69,,无等级,,34377.0
杭州锦芝中医诊所,91330105MAC9RK8F24,,无等级,,34459.0
杭州锦虹中医诊所,91330102MAC34YN619,,无等级,,36743.0
杭州长乐堂中医诊所,91330103MA28MDL829,,无等级,,34013.0
杭州长宏口腔诊所,91330108060995302H,,无等级,,33486.0
杭州长根传承中医诊所,91330102MACHT2G26N,,无等级,,36644.0
杭州长桥健康管理有限公司余杭五常同顺口腔诊所,91330110MA2CGQNB6B,,无等级,,39028.0
杭州长泽健康管理有限公司天城路中医诊所,91330102MADKRGYU19,,无等级,,36334.0
杭州长睦中医诊所,91330102MACR98EX3A,,无等级,,35790.0
杭州问吉中西医结合诊所,91330105MADD42LT0G,,无等级,,34662.0
杭州问安中医诊所,91330103MA27WJ8N2B,,无等级,,34822.0
杭州问安弘德中医诊所,91330106MAD939LU9C,,无等级,,37321.0
杭州问安文一医疗管理有限公司问安中医诊所,913301063418467686,,无等级,,37589.0
杭州问止夏隐中医诊所有限公司海达南路中医诊所,91330101MA27YRYE7L,,无等级,,36810.0
杭州问芷中医诊所,91330105MAED2P7N6K,,无等级,,34090.0
杭州闵仁堂健康管理有限公司临安云集金座诊所,91330185MAD6XRPGXJ,,无等级,,35062.0
杭州闻堰医疗管理有限公司萧山闻安路诊所,91330109MACUQ32D56,,无等级,,37968.0
杭州闻御林中医诊所,91330105MAETF22098,,无等级,,34088.0
杭州闻潮巷中医诊所,91330102MACCJU1A3A,,无等级,,35802.0
杭州阅微草堂中医诊所,91330106MAC6JURR29,,无等级,,37635.0
杭州阳升堂中医诊所,91330105MADKHR7D66,,无等级,,34156.0
杭州阿伊咔中医诊所,91330105MA2B1LA4XC,,无等级,,34832.0
杭州阿薇健康管理有限公司新塘路医疗美容诊所,91330104MA2AYF3B5W,,无等级,,36547.0
杭州陌容医疗美容诊所,91330105MACM210L4W,,无等级,,34521.0
杭州陶家医疗管理有限公司新村路中医诊所,91330114MA8GFLMD1W,,无等级,,33031.0
杭州陶然里椿龄中西医结合诊所,91330106MACX274X4B,,无等级,,37308.0
杭州隆佳健康管理有限公司萧山友佳路妇科诊所,91330109MAE809TL03,,无等级,,38195.0
杭州隆凯健康管理有限公司余杭港虹东路口腔诊所,91330110MA2CEH3C1Y,,无等级,,39075.0
杭州隆泰中西医结合诊所,91330105MACU60B921,,无等级,,34731.0
杭州隽逸中西医结合诊所,91330105MA8GEPWD0E,,无等级,,34776.0
杭州雀辉健康管理有限公司萧山戚枫西路口腔诊所,91330109MA2CFMRR60,,无等级,,37795.0
杭州雅乐健康管理有限公司天城东路口腔诊所,91330101MA27W7R615,,无等级,,36971.0
杭州雅乐健康管理有限公司学院路口腔诊所,9133010607931049XF,,无等级,,37486.0
杭州雅乐健康管理有限公司秋涛路口腔诊所,9133010432194335XB,,无等级,,36505.0
杭州雅创健康管理有限公司和睦口腔诊所,913301055551759633,,无等级,,34576.0
杭州雅各健康管理有限公司济仁堂中医诊所,91330100MA2GP50EXG,,无等级,,33037.0
杭州雅堂中医诊所,91330105MADK0RDU0G,,无等级,,34012.0
杭州雅御中医诊所,91330105MAE7P75B6C,,无等级,,34061.0
杭州雅易健康管理有限公司米市巷口腔诊所,91330105MA2AYA1Q1W,,无等级,,34871.0
杭州雅润健康管理咨询有限责任公司萧山闻堰闻安路口腔诊所,91330109MA2AX6DM9U,,无等级,,38231.0
杭州雅缘健康管理有限公司范家路口腔诊所,91330104MA28WM678R,,无等级,,36693.0
杭州雅至健康管理有限公司勤丰路口腔诊所,91330104328143531L,,无等级,,36253.0
杭州雅贝康口腔诊所,91330106MA7FLLUY45,,无等级,,37592.0
杭州雅邦健康管理有限公司景芳口腔诊所,91330104MA2B2N8C3G,,无等级,,36652.0
杭州雅齿健康管理有限公司运新口腔诊所,91330104MA27W86M12,,无等级,,36732.0
杭州雍禾美度医疗美容诊所,91330105MA2CC10BX9,,无等级,,34825.0
杭州雨康健康管理有限公司萧山弘学路内科诊所,91330109MADB02KX3W,,无等级,,38035.0
杭州雨施堂中医诊所,91330102MADW8P4L9D,,无等级,,36424.0
杭州雨田口腔诊所,9133010378829260XB,,无等级,,34696.0
杭州雨田堂健康管理有限公司美庐中医诊所,91330183MA2H1CPF6Y,,无等级,,33911.0
杭州雨花医疗管理有限公司余杭五常宋家湾路诊所,91330110MA27Y9LE53,,无等级,,39150.0
杭州雨花医疗管理有限公司余杭闲林文卫路中医诊所,91330110MA27XL9K5H,,无等级,,39129.0
杭州雨花医疗管理有限公司萧山新塘霞江诊所,91330109MA2GYUQF07,,无等级,,38684.0
杭州雪然慕韵医疗美容诊所,91330106MABMC4DH52,,无等级,,37649.0
杭州震启堂中医诊所,91330102MAETBKBG4W,,无等级,,35901.0
杭州霖爱健康管理有限公司萧山金泰苑口腔诊所,91330109MA2J2EDD6P,,无等级,,38681.0
杭州霞光中医诊所,91330102MADL2EEB8M,,无等级,,35966.0
杭州露弥健康管理有限公司秦望水街医疗美容诊所,91330183MAEWXY2X7T,,无等级,,33603.0
杭州青丽口腔诊所,91330103MA2GP88JX3,,无等级,,34815.0
杭州青友健康管理有限公司天目山路医疗美容诊所,91330106MADT14KL22,,无等级,,37520.0
杭州青合医疗美容诊所,913301037517458000,,无等级,,34658.0
杭州青意口腔诊所,91330104MA28WWEF1C,,无等级,,36707.0
杭州青懿医疗美容诊所,91330105MAD1XTDQ69,,无等级,,34511.0
杭州青春源循上诊所,91330105MAEFAG186K,,无等级,,34414.0
杭州青橙卓越恩艾地医疗美容诊所,91330103MA2KK08J4L,,无等级,,34621.0
杭州青禾堂中医诊所,91330102MAE583J26B,,无等级,,36137.0
杭州青缘健康管理有限公司周浦中医诊所,91330106321933450C,,无等级,,37527.0
杭州青缘健康管理有限公司回龙西医内科诊所,9133010605368977X4,,无等级,,37531.0
杭州靓丽口腔诊所,91330106MA2B2MJ297,,无等级,,37626.0
杭州靖驰健康管理有限公司新湾诊所,91330100MA2KDA1N16,,无等级,,33052.0
杭州静娇健康管理有限公司灵溪北路医疗美容诊所,91330106MA27W47L9F,,无等级,,37622.0
杭州静港医疗美容诊所,91330103699822453T,,无等级,,34824.0
杭州静港德加医疗美容诊所,91330106MA27YB7N57,,无等级,,37405.0
杭州静港新蕊诊所,91330108MA2GY9BY3M,,无等级,,33337.0
杭州静港联美医疗美容诊所,91330105MA7BL0C866,,无等级,,34179.0
杭州静港轻医疗美容管理有限公司中北桥医疗美容诊所,91330105MA2C193J5T,,无等级,,34592.0
杭州静港轻医疗美容管理有限公司双龙街医疗美容诊所,91330106MA7CKBPP3K,,无等级,,37497.0
杭州静港轻医疗美容管理有限公司西溪路医疗美容诊所,91330106MA2KKNEC87,,无等级,,37159.0
杭州静源杏舍西溪中医诊所,91330106MAEQJ69DXQ,,无等级,,37160.0
杭州静源诊所,91330103MA2CDWD10W,,无等级,,34215.0
杭州韩美医疗美容诊所,91330106MAD0NKWJXJ,,无等级,,37536.0
杭州韩鹏健康管理有限公司莲花街口腔诊所,913301066858301106,,无等级,,37578.0
杭州顺亿健康管理有限公司河庄路诊所,91330100MA2GNDWW19,,无等级,,33154.0
杭州顺创医疗管理有限公司河庄路诊所,91330114MA8GFJN9XN,,无等级,,33175.0
杭州顺医健康管理有限公司临平乔司藕荷桥内科诊所,91330110MA27XNK749,,无等级,,35592.0
杭州顺畅健康管理有限公司潮听名苑诊所,91330114MA8GFTLD75,,无等级,,33190.0
杭州顺聚泰内科诊所,91330102MAD06JHDX2,,无等级,,36272.0
杭州顺馨中西医结合诊所,91330102MAE1U8H07K,,无等级,,35922.0
杭州顾佳健康管理有限公司悦东方诊所,91330114MA8GF5DD00,,无等级,,33216.0
杭州颐仁堂中医诊所,91330106MAE9KKGN4B,,无等级,,37493.0
杭州颐元堂中医诊所,91330102MAE1M3KQ1J,,无等级,,36331.0
杭州颐和堂中医诊所,91330105MA2GPDLQ3X,,无等级,,34139.0
杭州颐德堂中医诊所,91330102MA2B1A193A,,无等级,,36600.0
杭州颐心堂健康管理有限公司河中路中医诊所,91330100MA2HY52AXG,,无等级,,33220.0
杭州颐新诊所,91330102MAC4W91K14,,无等级,,36723.0
杭州颐明堂中医诊所,91330105MAEG38QR1T,,无等级,,34193.0
杭州颐杭堂健康管理有限公司水云街中医诊所,91330114MA8GFBU41L,,无等级,,36925.0
杭州颜久生健康管理有限公司萧山朝龙汇医疗美容诊所,91330109MA7F62124H,,无等级,,38339.0
杭州颜旭玫医疗美容诊所,91330102MA27XQEG8E,,无等级,,36635.0
杭州颜星晶天医疗美容诊所,91330104MA2KHLB84T,,无等级,,36462.0
杭州颜春健康管理有限公司明珠街口腔诊所,91330104MA27WYXC2D,,无等级,,36746.0
杭州颜曰医疗美容诊所,91330106MA7GW03J3D,,无等级,,37539.0
杭州颜未眠医疗美容有限公司萧山平澜路医疗美容诊所,91330109MABXYEQJ1Q,,无等级,,38402.0
杭州颜术悦容医疗美容诊所,9133010407930046XP,,无等级,,36412.0
杭州颜术新芽医疗美容诊所,91330105MA2B23667G,,无等级,,34622.0
杭州颜术时尚医疗美容诊所,91330100577341328M,,无等级,,34617.0
杭州颜术素颜丰潭医疗美容诊所,91330105MA27X4GG0U,,无等级,,34597.0
杭州颜格科技有限公司奈尔思口腔诊所,91330108MA2CGB9222,,无等级,,33475.0
杭州颜究社医疗美容诊所,91330105MADH61LN38,,无等级,,34648.0
杭州颜缇丽医疗美容诊所,91330113MA7EP9DT3P,,无等级,,35439.0
杭州颜菁卉雅医疗美容有限公司临平医疗美容诊所,91330110MA2KFN564B,,无等级,,35406.0
杭州首瑞医疗美容诊所,91330105MA2HYHN55H,,无等级,,34641.0
杭州香樟中西医结合诊所,91330113MABYCBAH62,,无等级,,35683.0
杭州香舍医疗美容有限责任公司狮山路诊所,91330110MABXE2TA53,,无等级,,39127.0
杭州香草坊中医诊所,91330102MADM5HEY13,,无等级,,35855.0
杭州馨尚健康管理有限公司临安锦北诊所,91330185MAEBXAXE4U,,无等级,,35048.0
杭州馨怡健康管理有限公司富阳桂花西路口腔诊所,91330183MA2CCPLE3B,,无等级,,33917.0
杭州馨海健康管理有限公司临安锦南妇科诊所,91330185MAEJ483Q5P,,无等级,,35016.0
杭州馨海健康管理有限公司馨颜医疗美容诊所,91330185MA2AYGCH4L,,无等级,,35080.0
杭州馨海觉健康管理有限公司富阳孙权路医疗美容诊所,91330183MACJTYLJ65,,无等级,,33897.0
杭州馨盛健康管理有限公司杭州临安中西医结合诊所,91330185MAE0A2EK5M,,无等级,,35078.0
杭州马传金健康管理有限公司临平翁乔路口腔诊所,91330110MA2CGHHP8Y,,无等级,,35468.0
杭州马泷远汇医疗美容诊所,91330105MA2KD3TQ58,,无等级,,34616.0
杭州驻美医疗美容诊所,91330106MAE3EXT06M,,无等级,,37490.0
杭州骏一健康管理有限公司周家埭中医诊所,91330106MA28R1X59J,,无等级,,37313.0
杭州骏诚健康管理有限公司塘康路口腔诊所,91330113MA8GECHJ94,,无等级,,35645.0
杭州骨正堂健康科技管理有限公司西溪诚品中医诊所(纯中医诊所备案),91330106MA2KJBY84A,,无等级,,37644.0
杭州高地康好诊所,91330110MAD9KRQU21,,无等级,,35335.0
杭州高德堂中医诊所,91330106MACLQ8781P,,无等级,,37534.0
杭州高氏健康管理有限公司云上学府中西医结合诊所,91330114MA8GHMXA0T,,无等级,,33073.0
杭州高汪健康咨询有限公司萧山拱秀路口腔诊所,91330109MA28LJQ937,,无等级,,38651.0
杭州高济苏祥诊所,91330102MAG0K2TM5N,,无等级,,35854.0
杭州高齐莱诊所,91330105MACL2HCG2P,,无等级,,34598.0
杭州鲁仁堂中医诊所,91330102092057863B,,无等级,,36685.0
杭州鲸驰健康管理有限公司青六中路口腔诊所,91330100MA2KGJHP00,,无等级,,33142.0
杭州鸿宁健康管理有限公司萧山宁围口腔诊所,91330109MA28WBX7XD,,无等级,,38461.0
杭州鸿宁堂中医诊所,91330105MAD3XRN2XT,,无等级,,34697.0
杭州鸿强健康管理有限公司萧山北干口腔诊所,91330109MA2CC6XW53,,无等级,,38543.0
杭州鸿景天中医诊所,91330102MACL1LRB2Y,,无等级,,36404.0
杭州鸿济堂健康管理有限公司仁爱路中西医结合诊所,91330104MA2B0B019B,,无等级,,36701.0
杭州鸿涛健康管理有限公司萧山新塘口腔诊所,91330109MA28XDDR77,,无等级,,38380.0
杭州鸿涛健康管理有限公司萧山萧然东路口腔诊所,91330109MA27YDB758,,无等级,,38384.0
杭州鸿誉堂中医诊所,91330108MAEB61TA43,,无等级,,33324.0
杭州鸿鹄健康管理有限公司杭乔路西医诊所,91330104MA280EDA0G,,无等级,,36466.0
杭州鹏南健康管理有限公司三村内科西医诊所,91330104MA27W8K783,,无等级,,36646.0
杭州鹏瑞健康有限公司仓前口腔诊所,91330110MA2J00GP4M,,无等级,,38780.0
杭州鹏瑞健康有限公司留下口腔诊所,91330106MA27Y96T2X,,无等级,,37195.0
杭州鹏航健康管理有限公司萧山山阴路内科诊所,91330109MADPTHC04Y,,无等级,,38201.0
杭州鹏鼎健康管理有限公司余杭瓶窑桥北口腔诊所,91330110MA2CD1TN86,,无等级,,38762.0
杭州鹤济堂中医连锁有限公司机场路中医诊所,91330104MA27Y7NJ38,,无等级,,35724.0
杭州鹤济堂中医连锁有限公司范家路中医诊所,91330104MA27X6YK3P,,无等级,,36699.0
杭州鹤济堂中医连锁有限公司草庄路中医诊所,91330104MA27X7TJ6G,,无等级,,36694.0
杭州鹿鸣呦呦健康管理有限公司萧山明彩城中西医结合诊所,91330109MACU82JR7G,,无等级,,38446.0
杭州麓云中医诊所,91330105MACDH57H0H,,无等级,,34772.0
杭州麦宸口腔医疗管理有限公司溪居路口腔诊所,91330105MADNGWQP6N,,无等级,,34613.0
杭州麦梓医疗美容诊所,91330105MAD42CDD7J,,无等级,,34685.0
杭州麦琪健康管理咨询有限公司萧山党湾镇中路诊所,91330109MA2GY6ER7N,,无等级,,38516.0
杭州麦田健康管理有限公司萧山义桥口腔诊所,91330109352430047F,,无等级,,38586.0
杭州麦香健康管理有限责任公司余杭宏图口腔诊所,91330110MA2GL6EA77,,无等级,,39118.0
杭州麦香健康管理有限责任公司萧山义桥口腔诊所,91330109MA2CC7T94J,,无等级,,38561.0
杭州黎雪口腔诊所,91330103788299828A,,无等级,,34652.0
杭州默弘中医诊所,91330105MAE5K9182G,,无等级,,34550.0
杭州鼎和健康管理服务有限公司新湾潮悦前城诊所,91330114MA8GF6PR4Q,,无等级,,33014.0
杭州鼎和堂中医诊所,91330102MABQ6P60XU,,无等级,,36742.0
杭州鼎宏医疗服务有限公司凯旋路中医诊所,91330102MA7MRW6TXD,,无等级,,36629.0
杭州鼎延堂医疗管理有限公司义蓬诊所,91330114MA8GEQPR30,,无等级,,33219.0
杭州鼎延堂医疗管理有限公司闸口路诊所,91330114MA8GFAHE8L,,无等级,,33117.0
杭州鼎延堂医疗管理有限公司青兴路诊所,91330114MA8GF99MX8,,无等级,,33213.0
杭州鼎澜口腔诊所,91330106MACAEKQE9F,,无等级,,37516.0
杭州齐柏健康管理有限公司河庄帝景园中医诊所,91330114MA8GEQUC26,,无等级,,32953.0
杭州齐桓健康管理有限公司临平运河博陆诊所,91330110MA28ULJY8C,,无等级,,35664.0
杭州齿一生星光健康管理有限公司星光街口腔诊所,91330110MA2CEPRH7Y,,无等级,,35679.0
杭州齿俊医疗管理有限公司三墩颐景园口腔诊所,91330106MA2GK5FK7E,,无等级,,37467.0
杭州齿惠惠口腔诊所,91330106MAK0F6BU78,,无等级,,37110.0
杭州龙康中医诊所,91330104MA2J17J03T,,无等级,,36304.0
杭州龙康寿健康管理有限公司七格诊所,91330114MA8GFQ9C4X,,无等级,,37014.0
松阳一涵诊所,92331124MA2HK3NL14,,无等级,,68590.0
松阳为民诊所有限公司,91331124MA2I0ADB3K,,无等级,,68574.0
松阳云雅口腔诊所,TE3311243300475180,,无等级,,68571.0
松阳半颗牙口腔诊所,92331124MA2E45BH8T,,无等级,,68586.0
松阳占芳成口腔诊所,TE3311243300313130,,无等级,,68595.0
松阳县古市镇山下阳村卫生室,12332528472520063J,无级别,无级别,未定级,68488.0
松阳县大东坝镇燕田村卫生室,12332528472520119M,无级别,无级别,未定级,68523.0
松阳县安民乡卫生院（松阳县人民医院医共体安民分院）,1233252847252016XQ,未定级,未定级,无级别,68485.0
松阳县水南街道社区卫生服务中心(松阳县中医医院医共体水南分院),12332528472520135B,未定级,未定级,无级别,68550.0
松阳县赤寿乡陇川村卫生室,12332528472520223R,无级别,无级别,未定级,68548.0
松阳古市红梅诊所,92331124MA2E0EC24N,,无等级,,68589.0
松阳名超口腔诊所有限公司,91331124MA2E41X08M,,无等级,,68588.0
松阳周旭照牙科诊所,TE3311243300315860,,无等级,,68566.0
松阳妃妮施医疗美容诊所有限公司,91331124MACG7C1J6W,,无等级,,68549.0
松阳小满口腔诊所,92331124MAE1MFW244,,无等级,,68562.0
松阳庞敏口腔诊所,92331124MA2FXM1G13,,无等级,,68598.0
松阳康众诊所,92331124MA2A149U94,,无等级,,68578.0
松阳徐淑红中医针灸科诊所,TE3311243300319300,,无等级,,68596.0
松阳微笑口腔诊所,TE3311243300481010,,无等级,,68530.0
松阳晓晓牙科诊所,TE3311243300318320,,无等级,,68594.0
松阳济康诊所,92331124MAC7H87M42,,无等级,,68575.0
松阳浩晨口腔诊所,92331124MA2E3U8R3R,,无等级,,68579.0
松阳潘志远牙科诊所,92331124MA2FYNDB5D,,无等级,,68587.0
松阳百信门诊有限公司,91331124MAE3KB7M9U,,无等级,,68513.0
松阳百健诊所,91331124MA2A0L1037,,无等级,,68569.0
松阳筏铺口腔诊所,91331124MA28J77K9P,,无等级,,68591.0
松阳艺贝口腔诊所,TE3311243300490820,,无等级,,68582.0
松阳艾昱医疗美容诊所有限公司,91331124MAD8XMWK51,,无等级,,68577.0
松阳荣军优抚医院,123325284725200392,一级,一级,二级,68486.0
松阳蔡氏牙科诊所,92331124MA2GOKNEOQ,,无等级,,68583.0
松阳薪街头诊所,91331124MAENFW029D,,无等级,,68487.0
松阳谢一来中医诊所,92331124MA2FYMME4K,,无等级,,68593.0
松阳象溪叶林锋牙科诊所,TE3311243300326160,,无等级,,68599.0
松阳金康强中医诊所,91331124MA2AOBUE5E,,无等级,,68597.0
松阳顺意堂诊所有限公司,91331124MA2E4R9A8U,,无等级,,68567.0
林小东中医诊所,92330302MA2CBA025T,,无等级,,48968.0
林正聪中医伤骨科诊所,92330302MA2C1N9D3C,,无等级,,48964.0
林燕中医妇科诊所,92330302MA2C19490L,,无等级,,49014.0
林罗海内科诊所,92330302MA287FPW8C,,无等级,,48998.0
林青松内科诊所,92330302MA2C5R4H75,,无等级,,48872.0
桐乡一葭馨宸医疗美容诊所,92330483MABNNFAU3H,,无等级,,51724.0
桐乡东君堂中医诊所,91330483MACTP7JG22,,无等级,,51846.0
桐乡乌镇京仁内科诊所,91330483MAE71BYJ6J,,无等级,,51769.0
桐乡乌镇周亚华皮肤科诊所,92330483MA2EYFMN8U,,无等级,,51920.0
桐乡乌镇李元城牙科诊所,92330483MA2F1UP946,,无等级,,51875.0
桐乡乌镇杜丹萍口腔诊所,92330483MA2BB63T3E,,无等级,,51886.0
桐乡乌镇赵彬口腔诊所,92330483MA2F2YRU5L,,无等级,,51837.0
桐乡乌镇邓维文口腔诊所,92330483MA2EXMD30M,,无等级,,51854.0
桐乡乌镇高建华中医诊所,92330483MA2F1J7R74,,无等级,,51908.0
桐乡亚姝医疗美容诊所,91330483MACWL6B171,,无等级,,51779.0
桐乡京宏堂中西医结合诊所,91330483MAEA0RMEXP,,无等级,,51783.0
桐乡京泽内科诊所,91330483MAE86XGT17,,无等级,,51802.0
桐乡亿康内科诊所,91330483MAEHJWHB7W,,无等级,,51722.0
桐乡仁泽中西医结合诊所,91330483MAG17HQW9T,,无等级,,51585.0
桐乡佳禾口腔诊所,91330483MAEHFUB01E,,无等级,,51747.0
桐乡凤鸣谢中华牙科诊所,92330483MA2EY08H9K,,无等级,,51863.0
桐乡凯璇诊所,91330483MACHDBBY34,,无等级,,51801.0
桐乡千方堂中西医结合诊所,91330483MAEUAN12XD,,无等级,,51667.0
桐乡博远口腔诊所,91330483MAD95DLB5U,,无等级,,51786.0
桐乡合禾中西医结合诊所,91330483MAE0HA3CXW,,无等级,,51780.0
桐乡启德内科诊所,91330483MAEW8A9F21,,无等级,,51671.0
桐乡大麻杜飞军口腔诊所,92330483MA2BC0XM6J,,无等级,,51859.0
桐乡天易眼科诊所,91330483MACHM8DK29,,无等级,,51838.0
桐乡天歌中西医结合诊所,91330483MADDAK5B3W,,无等级,,51836.0
桐乡奥菲诗医疗美容诊所,91330483MACECG0R1Y,,无等级,,51745.0
桐乡屠甸俞汉成口腔诊所,92330483MA2F1BT39W,,无等级,,51885.0
桐乡屠甸孙荣英牙科诊所,TE3304833300105040,,无等级,,51888.0
桐乡屠甸胡小喆口腔诊所,92330483MA2JH3X84D,,无等级,,51866.0
桐乡崇福吕敏中医诊所,92330483MA29G0YN0G,,无等级,,51915.0
桐乡崇福朱国治口腔诊所,92330483MA2BA10WX4,,无等级,,51889.0
桐乡崇福沈祥林中医诊所,92330483MA2CYBKR58,,无等级,,51930.0
桐乡崇福潘炯口腔诊所,92330483MA2F2PLH6E,,无等级,,51865.0
桐乡崇福范国权中医骨伤科诊所,92330483MA2F1AKK8B,,无等级,,51913.0
桐乡崇福金哲武口腔诊所,92330483MA2F0CHX5P,,无等级,,51861.0
桐乡崇福顾立民口腔诊所,92330483MA2EYC2UXG,,无等级,,51892.0
桐乡崇福马黎晓口腔诊所,92330483MA2F1XP68X,,无等级,,51883.0
桐乡幸婉医疗美容诊所,91330483MACLYGHH4B,,无等级,,51845.0
桐乡康正中西医结合诊所,91330483MAEA4301X3,,无等级,,51691.0
桐乡志诚内科诊所,91330483MAETR58P57,,无等级,,51675.0
桐乡悦思妇科诊所,91330483MAD7JBD461,,无等级,,51832.0
桐乡悦芙医疗美容诊所,91330483MAD3WX7X2H,,无等级,,51762.0
桐乡惠心内科诊所,91330483MAEWUX3D03,,无等级,,51598.0
桐乡惠邻中西医结合诊所,91330483MAEX20GU0T,,无等级,,51594.0
桐乡成德中西医结合诊所,91330483MAE852854J,,无等级,,51799.0
桐乡文德中西医结合诊所,91330483MAEHF46928,,无等级,,51763.0
桐乡易视露眼科诊所,91330483MADPKWGR27,,无等级,,51820.0
桐乡星澄璞奢医疗美容诊所,91330483MADL5A8H4H,,无等级,,51817.0
桐乡桐庆诊所,91330483MACM0Q3U4A,,无等级,,51823.0
桐乡桐心诊所,91330483MADBHFN78W,,无等级,,51784.0
桐乡桐清堂耳鼻咽喉科诊所,91330483MAE46P8N6F,,无等级,,51770.0
桐乡梧桐侯永杰内科诊所,92330483MACHY0J19H,,无等级,,51849.0
桐乡梧桐吴强中医诊所,92330483MA2BCWYY82,,无等级,,51914.0
桐乡梧桐唐建方牙科诊所,92330483MA2B9MB0XE,,无等级,,51898.0
桐乡梧桐姚菊芬牙科诊所,92330483MA2EYCWM5K,,无等级,,51876.0
桐乡梧桐姚连斌口腔诊所,92330483MA7LGH1W08,,无等级,,51884.0
桐乡梧桐孙淑贤中医诊所,92330483MA2BCEQJ55,,无等级,,51923.0
桐乡梧桐孟凡海皮肤科诊所,92330483MA2EWEAC8C,,无等级,,51928.0
桐乡梧桐宋娟牙科诊所,92330483MA29G77K3N,,无等级,,51872.0
桐乡梧桐宋激口腔诊所,TE3304833300424370,,无等级,,51874.0
桐乡梧桐张一鸣中医诊所,92330483MA29GHN761,,无等级,,51919.0
桐乡梧桐张圣良针灸推拿诊所,92330483MA2F1FGH1N,,无等级,,51916.0
桐乡梧桐张敬东医疗美容诊所,92330483MA7K61NK3U,,无等级,,51929.0
桐乡梧桐彭一锋牙科诊所,92330483MA28BBJGX6,,无等级,,51902.0
桐乡梧桐徐洁中医诊所,92330483MA29G65989,,无等级,,51924.0
桐乡梧桐戚楠口腔诊所,92330483MAK04C382T,,无等级,,51582.0
桐乡梧桐戚磊磊口腔诊所,92330483MAERH9PA58,,无等级,,51684.0
桐乡梧桐振东刘利仙口腔诊所,92330483MA2EXKRG0Q,,无等级,,51896.0
桐乡梧桐振东李丹口腔诊所,92330483MA2F2GF39A,,无等级,,51879.0
桐乡梧桐振东金忭燕口腔诊所,92330483MA29HPDY06,,无等级,,51901.0
桐乡梧桐施玉琪口腔诊所,92330483MAER0AKL39,,无等级,,51668.0
桐乡梧桐曹彦瑜中医诊所,92330483MA2BAQ276Q,,无等级,,51840.0
桐乡梧桐朱芳芳口腔诊所,92330483MA28B8TG5K,,无等级,,51899.0
桐乡梧桐李斯尔中西医结合诊所,92330483MAD8CU101X,,无等级,,51813.0
桐乡梧桐李晓成口腔诊所,92330483MA2CU3KT8H,,无等级,,51841.0
桐乡梧桐杜华春口腔诊所,92330483MA28BELGOD,,无等级,,51890.0
桐乡梧桐杜福龙医疗美容诊所,92330483MA2LBY3CX5,,无等级,,51911.0
桐乡梧桐沈泾江口腔诊所,92330483MA28BEQF4F,,无等级,,51855.0
桐乡梧桐潘火良口腔诊所,92330483MA2CW6WKXU,,无等级,,51893.0
桐乡梧桐王坚口腔诊所,92330483MA2EY5EH0X,,无等级,,51869.0
桐乡梧桐王莉珠口腔诊所,92330483MA2CU9FU0E,,无等级,,51873.0
桐乡梧桐皇亿甸口腔诊所,92330483MADXQ8B552,,无等级,,51751.0
桐乡梧桐盛海英口腔诊所,92330483MA2D02UY7A,,无等级,,51858.0
桐乡梧桐程烨炜中医骨伤科诊所,TE3304833300100180,,无等级,,51925.0
桐乡梧桐罗东梅医疗美容诊所,92330483MABYRABD93,,无等级,,51905.0
桐乡梧桐胡国芬牙科诊所,92330483MA29FRFG02,,无等级,,51882.0
桐乡梧桐莫德声牙科诊所,92330483MA2F2DG299,,无等级,,51878.0
桐乡梧桐蔡丽萍口腔诊所,92330483MA2F0JUE10,,无等级,,51864.0
桐乡梧桐袁立人口腔诊所,92330483MA2F1MT988,,无等级,,51881.0
桐乡梧桐贾敬利诊所,92330483MAC8345F8P,,无等级,,51904.0
桐乡梧桐郑莲口腔诊所,92330483MA2F3DGWXR,,无等级,,51897.0
桐乡梧桐钱国宗中医骨伤科诊所,TE3304833300143010,,无等级,,51912.0
桐乡梧桐钱江口腔诊所,92330483MA2F1DPH36,,无等级,,51891.0
桐乡梧桐韩红幸针灸推拿诊所,TE3304833300477270,,无等级,,51856.0
桐乡梧桐马琰骀口腔诊所,92330483MA7J41GP8B,,无等级,,51857.0
桐乡梧桐高叶众牙科诊所,92330483MA2F0PRK8K,,无等级,,51839.0
桐乡梧桐魏娅琴口腔诊所,92330483MA2B8F7XXJ,,无等级,,51868.0
桐乡梧桐黄丽新口腔诊所,92330483MACLMT6R6T,,无等级,,51827.0
桐乡梧桐黄金来内科诊所,92330483MAC04BDC12,,无等级,,51674.0
桐乡欣合内科诊所,91330483MAE1LU800P,,无等级,,51804.0
桐乡欣辰医疗美容诊所,91330483MACPX15Y48,,无等级,,51842.0
桐乡永星诊所,91330483MAD7Q2JC3R,,无等级,,51785.0
桐乡洁爱口腔诊所,91330483MAERY7MQ4H,,无等级,,51632.0
桐乡洲泉倪晓云牙科诊所,TE3304833300106640,,无等级,,51870.0
桐乡洲泉吴伟仁口腔诊所,92330483MA29F2RAX8,,无等级,,51871.0
桐乡洲泉盛树学牙科诊所,92330483MA2B9DHC1C,,无等级,,51900.0
桐乡洲泉钟涌涛中医诊所,92330483MA2EYR053U,,无等级,,51909.0
桐乡濮元中西医结合诊所,91330483MADMYU3G8F,,无等级,,51822.0
桐乡濮尚口腔诊所,91330483MAEHG3XC1B,,无等级,,51676.0
桐乡濮院党新志中西医结合诊所,92330483MA2JFBH328,,无等级,,51910.0
桐乡濮院冯运财牙科诊所,TE3304833300142890,,无等级,,51877.0
桐乡濮院姚建芬中医诊所,TE3304833300483170,,无等级,,51918.0
桐乡濮院张春平中医诊所,92330483MAC3M0FD3G,,无等级,,51907.0
桐乡濮院徐东眼耳鼻咽喉科诊所,92330483MA2F361E8J,,无等级,,51921.0
桐乡濮院明涛内科诊所,91330483MACDE9FFXT,,无等级,,51712.0
桐乡濮院李勇中医诊所,92330483MA2LB3761U,,无等级,,51917.0
桐乡濮院杨菊芬诊所,92330483MA2LBJAK9F,,无等级,,51926.0
桐乡濮院沈建国口腔诊所,92330483MA2B8U2H8F,,无等级,,51867.0
桐乡濮院沈慧明中医诊所,92330483MA2EUPB72K,,无等级,,51922.0
桐乡濮院沈水明内科诊所,92330483MABYT7QD7Q,,无等级,,51906.0
桐乡濮院王伟华口腔诊所,92330483MA2CUPG13P,,无等级,,51887.0
桐乡濮院王基平口腔诊所,92330483MA2JE11B3Q,,无等级,,51880.0
桐乡濮院许守峰诊所,92330483MA2D08R30Q,,无等级,,51927.0
桐乡濮院陈小军口腔诊所,92330483MA28BDBN1C,,无等级,,51894.0
桐乡珺雅汇医疗美容诊所,91330483MACEJNUB9C,,无等级,,51635.0
桐乡百辰内科诊所,91330483MAEUE4A354,,无等级,,51680.0
桐乡睿安口腔诊所,91330483MAK1PRFW17,,无等级,,51583.0
桐乡石门包伟萍牙科诊所,92330483MA2F3FH0X1,,无等级,,51862.0
桐乡石门姚雄富口腔诊所,92330483MA2F27PR4K,,无等级,,51895.0
桐乡石门沈权口腔诊所,92330483MA2LCCNF7M,,无等级,,51830.0
桐乡社康诊所,91330483MAD0HJPUXH,,无等级,,51825.0
桐乡笑哈哈口腔诊所,91330483MAK111AM6B,,无等级,,51588.0
桐乡美伦中西医结合诊所,91330483MAEJQFML4N,,无等级,,51753.0
桐乡美引力医疗美容诊所,91330483MAC9W75P7R,,无等级,,51686.0
桐乡翟伟中西医结合诊所,91330483MADN22WCXF,,无等级,,51821.0
桐乡舒康内科诊所,91330483MAET5QX66E,,无等级,,51651.0
桐乡莫氏口腔诊所,92330483MA2F358N3U,,无等级,,51764.0
桐乡衡康中西医结合诊所,91330483MAEU71262L,,无等级,,51682.0
桐乡谷栩医疗美容诊所,91330483MA7KHB9F05,,无等级,,51596.0
桐乡赵氏内科诊所,91330483MADJD1TP09,,无等级,,51828.0
桐乡远胜口腔诊所,91330483MACKPFHF5C,,无等级,,51847.0
桐乡鑫丰口腔诊所,91330483MAE0P1A991,,无等级,,51800.0
桐乡锐康内科诊所,91330483MACHBLCD4W,,无等级,,51848.0
桐乡锐翔内科诊所,91330483MACKE4C94H,,无等级,,51853.0
桐乡颂丽医疗美容诊所,91330483MAD2N7FC07,,无等级,,51844.0
桐乡高桥李文翠口腔诊所,92330483MA2JGKBC8K,,无等级,,51798.0
桐乡高桥闫鹏口腔诊所,92330483MA2CX97Q3N,,无等级,,51860.0
桐乡鸿康中西医结合诊所,91330483MACBLKGN88,,无等级,,51850.0
桐乡鸿济中西医结合诊所,92330483MACNNL8E8J,,无等级,,51826.0
桐乡麻溪口腔诊所,91330483MACT12G240,,无等级,,51669.0
桐庐仇文明口腔诊所,92330122MA2CE0CJXD,,无等级,,39591.0
桐庐付现生口腔诊所,92330122MA2B28H01T,,无等级,,39586.0
桐庐余顺法口腔诊所,92330122MA2BQ1E8XG,,无等级,,39555.0
桐庐分水爱雅口腔诊所,91330122MAD4MKER94,,无等级,,39559.0
桐庐刘江龙口腔诊所,91330122MA28TU0912,,无等级,,39594.0
桐庐华丽口腔诊所,92330122MA2CD9YH28,,无等级,,39582.0
桐庐卢炜口腔诊所,92330122MA28NQ354G,,无等级,,39436.0
桐庐县中医院君和中医诊所,123301224703200767,,无等级,未定级,39450.0
桐庐县凤川街道社区卫生服务中心滩头社区卫生服务站,12330122470300489Q,未定级,未定级,二级,39442.0
桐庐县城南街道社区卫生服务中心梅林社区卫生服务站,12330122MB1D663883,未定级,未定级,无级别,39449.0
桐庐县第三人民医院,123301226739660379,未定级,未定级,,39467.0
桐庐吴鹏口腔诊所,92330122MA2BNFEG7A,,无等级,,39587.0
桐庐周嫱口腔诊所,92330122MA28TQXC5D,,无等级,,39567.0
桐庐城南名协眼科诊所,91330122MAEJFRCP6L,,无等级,,39457.0
桐庐大桩苑中医诊所,91330122MADK56C17N,,无等级,,39557.0
桐庐妃妮施依景云医疗美容诊所,91330122MADM8HYJ2T,,无等级,,39550.0
桐庐妃妮施医疗美容诊所,91330122MABNQBYM61,,无等级,,39443.0
桐庐孙俞口腔门诊部有限公司萧山楼塔口腔诊所,91330109MA27XNLL52,,无等级,,38247.0
桐庐孙小兵中医诊所,92330122MABMRMB396,,无等级,,39592.0
桐庐孟令军口腔诊所,92330122MA2B0XQKX5,,无等级,,39574.0
桐庐张付军口腔诊所,92330122MA28UKU15A,,无等级,,39590.0
桐庐张帅帅口腔诊所,92330122MAC91D0D46,,无等级,,39577.0
桐庐张忠良口腔诊所,92330122MA28X1PK3D,,无等级,,39580.0
桐庐张晓聪口腔诊所,92330122MA2BLWGX48,,无等级,,39583.0
桐庐张氏中医医院有限公司分水中医诊所,91330122MAE2CGH280,,无等级,,39564.0
桐庐徐圣波口腔诊所,92330122MA2KD3HE0U,,无等级,,39576.0
桐庐成刚口腔诊所,92330122MA2AX4N231,,无等级,,39579.0
桐庐扶氏中医诊所,92330122MADBD6LK5N,,无等级,,39556.0
桐庐旸光医疗管理有限公司亿康内科诊所,91330122MAEHNXRPX6,,无等级,,39554.0
桐庐曾强中医诊所,92330122MACCKA6G5U,,无等级,,39598.0
桐庐朱鑫群口腔诊所,92330122MA2KHAPK1P,,无等级,,39600.0
桐庐李一平口腔诊所,92330122MA2BNAJR50,,无等级,,39597.0
桐庐杜春梅口腔诊所,92330122MA28UL2609,,无等级,,39581.0
桐庐汪敏英中医诊所,92330122MAC2B2022G,,无等级,,39558.0
桐庐沈宁口腔诊所,92330122MADT11UR7G,,无等级,,39440.0
桐庐沈燕飞口腔诊所,92330122MA2HX8358N,,无等级,,39599.0
桐庐王满平内科诊所,92330122MADJGGBQ1X,,无等级,,39560.0
桐庐王玉瑜口腔诊所,92330122MACWXJFU0B,,无等级,,39571.0
桐庐章土山口腔诊所,91330122MACLMKRG50,,无等级,,39573.0
桐庐范樟云口腔诊所,92330122MA28MHHA4T,,无等级,,39584.0
桐庐藏唐中医诊所,91330122MAEAGH4U6L,,无等级,,39552.0
桐庐许枝娟口腔诊所,92330122MA28RYNT1B,,无等级,,39575.0
桐庐邵氏口腔诊所,92330122MA28MR650L,,无等级,,39601.0
桐庐邵非洲口腔诊所,92330122MA2GNBLT14,,无等级,,39593.0
桐庐郑平口腔诊所,92330122MA2BNGXE4B,,无等级,,39588.0
桐庐郑爱莲口腔诊所,92330122MA2BKTN3XN,,无等级,,39596.0
桐庐郑花口腔诊所,92330122MA28MRJTX8,,无等级,,39572.0
桐庐金国清耳鼻喉科诊所,92330122MA28XDD49E,,无等级,,39578.0
桐庐钟柏火内科诊所,92330122MA28N30M1Y,,无等级,,39562.0
桐庐陆峰口腔诊所,92330122MA28WG2X9P,,无等级,,39585.0
桐庐陈宪双口腔诊所,92330122MA2B1EBN26,,无等级,,39589.0
桐庐陈钢口腔诊所,92330122MACFJJJN76,,无等级,,39595.0
梁忠华中医诊所,92330604MA2D6A0X2M,,无等级,,53983.0
梁文理中医诊所,92330902MA28KNBJ53,,无等级,,63015.0
梅显友中医内科诊所,92331127MA2A095W83,,无等级,,67389.0
椒江一桥中西医结合诊所,91331002MACJ5TECXH,,无等级,,64843.0
椒江一航中西医结合诊所,92331002MA2MATBR51,,无等级,,64874.0
椒江丁丁口腔诊所,92331001MA2G60QDXJ,,无等级,,64861.0
椒江丁琳牙科诊所,92331002MA29Y7NJ5T,,无等级,,64898.0
椒江三时圣合医疗美容诊所,92331002MABU5X220W,,无等级,,64804.0
椒江中伟口腔诊所,92331001MA2ANQML8H,,无等级,,64853.0
椒江乔氏口腔诊所,92331002MA2DXBCL04,,无等级,,64908.0
椒江九和祥诊所,91331002MACUKY2R1L,,无等级,,64859.0
椒江亿嘉口腔诊所,92331002MA2MBDDJ4U,,无等级,,64639.0
椒江伊佳诺医疗美容诊所,91331002MAD4EJLT3F,,无等级,,64717.0
椒江众康诊所,92331001MA2APHM88A,,无等级,,64903.0
椒江优颜嘉医疗美容诊所,91331002MACG8GR457,,无等级,,64816.0
椒江伯尔眼科诊所,91331002MA7FJ38M69,,无等级,,64839.0
椒江何文清诊所,92331002MA2DYQ199U,,无等级,,64902.0
椒江何欣中医（综合）诊所,92331001MA2DUNU26T,,无等级,,64927.0
椒江俏佳人医疗美容诊所,91331002MAD594JY42,,无等级,,64852.0
椒江保锦堂中医（综合）诊所,91331002MAD5DN2E6X,,无等级,,64805.0
椒江信立口腔诊所,92331001MA2AN4JM7X,,无等级,,64907.0
椒江健身堂中医（综合）诊所,92331002MA2ALMWR9T,,无等级,,64800.0
椒江元康皮肤诊所,92331001MA29Y4PD0P,,无等级,,64865.0
椒江兄弟诊所,TE3310023300274460,,无等级,,64867.0
椒江冯丽君中医（综合）诊所,92331002MA7B9QDC0E,,无等级,,64913.0
椒江创美医疗美容诊所,91331002MAD6FWEC21,,无等级,,64802.0
椒江勇升眼科诊所,91331002MADQ0NK20U,,无等级,,64763.0
椒江勤康诊所,92331002MAE5LCKJ7N,,无等级,,64765.0
椒江区洪家街道河头陈村卫生室,123310024726307486,未定级,未定级,无级别,64524.0
椒江区葭沚街道后许村卫生室,12331002472630852A,无级别,无级别,未定级,64604.0
椒江千和医疗美容诊所,91331002MAEA6H9X84,,无等级,,64753.0
椒江华悦口腔诊所,TE3310023300703390,,无等级,,64740.0
椒江华泰中西医结合诊所,91331002MA2HJC3T9J,,无等级,,64854.0
椒江博济诊所,91331001MA29YHLL6H,,无等级,,64850.0
椒江友谊诊所,92331001MA2DUNQJXH,,无等级,,64887.0
椒江同芯诊所,92331002MA2MAL8W5P,,无等级,,64842.0
椒江吴云诊所,92331002MA2HH94K2T,,无等级,,64787.0
椒江吴杰诊所,92331001MA2G8PDN82,,无等级,,64878.0
椒江吴根华口腔诊所,92331002MAD8NJYJ7H,,无等级,,64818.0
椒江吴肖华中医（综合）诊所,92331002MA2KAQQH9B,,无等级,,64909.0
椒江周利中医（综合）诊所,91331002MAD8DMMY7X,,无等级,,64829.0
椒江周秀平诊所,92331001MAC615K278,,无等级,,64868.0
椒江国平诊所,92331001MA29WKQ38Q,,无等级,,64880.0
椒江复源中西医结合诊所,92331002MA2K9Q3X8M,,无等级,,64920.0
椒江天昕诊所,91331002MAEQME1F3B,,无等级,,64710.0
椒江孙氏中医（综合）诊所,92331002MACH88MU5X,,无等级,,64783.0
椒江安好诊所,92331002MA2KAPB528,,无等级,,64641.0
椒江安康诊所,92331001MA2G6FFA6H,,无等级,,64866.0
椒江小华诊所,92331002MAE257C900,,无等级,,64794.0
椒江小杨中西医结合诊所,91331002MAE3G4M38T,,无等级,,64797.0
椒江小辉诊所,92331002MA2DTT4EXF,,无等级,,64915.0
椒江少平诊所,92331002MACF LDKD6,,无等级,,64922.0
椒江广慈诊所,TE3310023300472410,,无等级,,64837.0
椒江康健诊所,92331002MA28H71KXP,,无等级,,64849.0
椒江康华诊所,92331002MAE2G8RJ0F,,无等级,,64792.0
椒江康合诊所,91331002MADCLWW66W,,无等级,,64823.0
椒江康家诊所,92331002MA2HH4W03E,,无等级,,64789.0
椒江康治诊所,92331002MA2MA1YK8B,,无等级,,64857.0
椒江康红口腔诊所,92331002MA7G30RA4X,,无等级,,64841.0
椒江张方森中西医结合诊所,92331002MA29Y53W97,,无等级,,64900.0
椒江张氏中医（综合）诊所,92331002MA2KAR9202,,无等级,,64911.0
椒江弥科橙枝医疗美容诊所,91331002MACKLLLH1D,,无等级,,64784.0
椒江徐剑平诊所,92331001MA2K7K6428,,无等级,,64914.0
椒江德云堂中医（综合）诊所,91331001MAD9RXW26G,,无等级,,64747.0
椒江德健诊所,92331002MA2KAMC26Q,,无等级,,64896.0
椒江德力口腔诊所,92331002MA29X7HA8P,,无等级,,64926.0
椒江德鑫诊所,92331001MA2DY51E2K,,无等级,,64840.0
椒江怡凡诊所,92331002MA2AP7C79F,,无等级,,64895.0
椒江惠德中医(综合）诊所,92331002MAD4DM4X09,,无等级,,64820.0
椒江惠惠诊所,91331002MA2AK66E8E,,无等级,,64544.0
椒江扬名诊所,91331002MAE34WY00F,,无等级,,64779.0
椒江易安诊所,91331001MA29YQQC9U,,无等级,,64870.0
椒江晓青口腔诊所,92331002MADQ3GBN22,,无等级,,64769.0
椒江晨阳诊所,92331001MA2AMXPB93,,无等级,,64876.0
椒江普仁中医（综合）诊所,92331002MA2K7FKA79,,无等级,,64912.0
椒江景利诊所,923331002MAE2EART7,,无等级,,64796.0
椒江晶贝齿口腔诊所,92331002MA2DY9YE3N,,无等级,,64879.0
椒江朱彬诊所,92331002MAE2QDP51U,,无等级,,64799.0
椒江李光诊所,92331002MA28HU3H0P,,无等级,,64899.0
椒江林波中医（综合）诊所,92331001MA2G8EPB68,,无等级,,64884.0
椒江桔子口腔诊所,91331002MAEEM3X977,,无等级,,64746.0
椒江梅冬花诊所,TE3310023300272930,,无等级,,64869.0
椒江梅顺国诊所,91331002MADKRP9J75,,无等级,,64801.0
椒江森语诊所,92331002MABW8X931J,,无等级,,64891.0
椒江植德口腔诊所,92331002MACDYUJ412,,无等级,,64882.0
椒江欣星诊所,92331002MA2HHCX95D,,无等级,,64875.0
椒江正霄口腔诊所,91331002MAEWHMGE04,,无等级,,64731.0
椒江毛祖兴中西医结合诊所,92331002MA2DU8MM8U,,无等级,,64893.0
椒江民泽诊所,92331002MACH14FJ13,,无等级,,64749.0
椒江永青中西医结合诊所,92331001MA2G6UQN3E,,无等级,,64917.0
椒江江城口腔诊所,91331002066924871A,,无等级,,64863.0
椒江江枫诊所,92331002MA2AP87108,,无等级,,64905.0
椒江沐阳中西医结合诊所,331026197810173130,,无等级,,64777.0
椒江泓辉中西医结合诊所,92331002MA2K9PA857,,无等级,,64921.0
椒江泰康诊所,92331002MA2DWKD12E,,无等级,,64855.0
椒江洪强诊所,92331002MA7BRNCA8W,,无等级,,64790.0
椒江洪风中西医结合诊所,92331002MAC1UW2DX8,,无等级,,64844.0
椒江海红诊所,92331002MAE3CW1120,,无等级,,64793.0
椒江润康中西医结合诊所,91331002MADG0FJU2Y,,无等级,,64808.0
椒江淑蕾医疗美容诊所,91331001MACF4GDK4F,,无等级,,64826.0
椒江渡舟诊所,92331002MACUW4N67U,,无等级,,64812.0
椒江熊先哲诊所,92331001MA2DY9N25L,,无等级,,64901.0
椒江牙依口腔诊所,92331002MAK08RY07M,,无等级,,64684.0
椒江牙管家口腔诊所,91331001MA2AKK206J,,无等级,,64822.0
椒江玉红诊所,92331001MACOYH7M59,,无等级,,64825.0
椒江百信诊所,92331001MA2AMYJP87,,无等级,,64786.0
椒江皙木医疗美容诊所,91331002MACY8DLX2R,,无等级,,64501.0
椒江益民诊所,92331001MA2APRJK42,,无等级,,64923.0
椒江盛光波中医（综合）诊所,92331002MACH54352K,,无等级,,64886.0
椒江盛斌辉中西医结合诊所,92331002MAC37W971D,,无等级,,64883.0
椒江真源诊所,91331002MADNA0H55C,,无等级,,64810.0
椒江知一堂中西医结合诊所,91331002MAE83N8A1W,,无等级,,64767.0
椒江磊鑫诊所,91331002MADQWMQ20R,,无等级,,64742.0
椒江祎仁诊所,91331002MA2DW5BY9L,,无等级,,64795.0
椒江立健中西医结合诊所,92331002MK2K74YK8L,,无等级,,64919.0
椒江管氏口腔诊所,92331001MA2K72HB0W,,无等级,,64906.0
椒江素君诊所,91331002MAE1QR4G5Y,,无等级,,64798.0
椒江维美口腔诊所,92331002MACWRD588W,,无等级,,64814.0
椒江罗建国中医（综合）诊所,92331001MA2G20UC59,,无等级,,64877.0
椒江美漾医疗美容诊所,91331002MAE1UJH073,,无等级,,64773.0
椒江羿峰堂诊所,91331002MACFPHJU1K,,无等级,,64845.0
椒江翌哲口腔诊所,92331002MA7CHJKD9J,,无等级,,64873.0
椒江胡爱国诊所,92331002MA2G4J076X,,无等级,,64918.0
椒江艺兴医疗美容诊所,91331002MADDHMPJXW,,无等级,,64660.0
椒江芙丽雅医疗美容诊所,91331002MAC9E7Q082,,无等级,,64730.0
椒江萍萍口腔诊所,92331002MABNBR4P1M,,无等级,,64788.0
椒江蔡氏诊所,92331002MADPJ2UC1U,,无等级,,64811.0
椒江薇阁医疗美容诊所,91331002MABX43EF9Y,,无等级,,64851.0
椒江虹大诊所,91331002MA2DX9UX80,,无等级,,64828.0
椒江蝶生诊所,91331002MABX69X040,,无等级,,64806.0
椒江许氏中医（综合）诊所,92331002MA2K9PU66Q,,无等级,,64897.0
椒江谢雪琴中西医结合诊所,92331002MABQ9CKF2D,,无等级,,64894.0
椒江贝喜口腔诊所,92331002MAET6WTK7W,,无等级,,64732.0
椒江赵兴法诊所,92331002MA2DYHGF9L,,无等级,,64821.0
椒江赵氏口腔诊所,92331002MA29WMN50K,,无等级,,64885.0
椒江轻氧医疗美容诊所,91331002MAE6ATRG4T,,无等级,,64757.0
椒江远志中医（综合）诊所,91331002MACED3UD8Q,,无等级,,64770.0
椒江郏晓林中西医结合诊所,92331002MA2AN3GA7E,,无等级,,64890.0
椒江金苗口腔诊所,92331002MA2ALHN4X4,,无等级,,64889.0
椒江鑫鑫口腔诊所,91331002MAE1RNK94U,,无等级,,64764.0
椒江铭康诊所,92331002MA2MB7NR74,,无等级,,64848.0
椒江陆利燕口腔诊所,92331002MA7M3FCE8X,,无等级,,64881.0
椒江陈丽平中西医结合诊所,92331002MAC7NJPM1H,,无等级,,64846.0
椒江陈士兵诊所,92331002MA2APMJL94,,无等级,,64916.0
椒江陈氏口腔诊所,92331002MAE4WH12XK,,无等级,,64766.0
椒江陈琼口腔诊所,92331002MABRFULB92,,无等级,,64838.0
椒江陈阿娇诊所,92331001MA2DY9AT33,,无等级,,64872.0
椒江雍禾医疗美容诊所,91331001MA2DUQ0J27,,无等级,,64817.0
椒江飞越诊所,91331002MADPGFYD4Q,,无等级,,64752.0
椒江馨璨医疗美容诊所,92331002MA7C17UP03,,无等级,,64847.0
椒江高荣祥中西医结合诊所,92331002MA28HJYK28,,无等级,,64910.0
椒江魏丹诊所,92331001MA29WEEB0B,,无等级,,64862.0
椒江黄元品中医（综合）诊所,92331002MA29X9Y18N,,无等级,,64924.0
椒江黄前根诊所,92331002MA29XNFH6R,,无等级,,64856.0
椒江黄悠悠口腔诊所,92331002MAD0593F4J,,无等级,,64831.0
楼小龙中医内科诊所,92330702MA29NCDT74,,无等级,,57682.0
樊忠菊西医内科诊所,92330621MABRNQQ70C,,无等级,,53686.0
欣意（杭州）医疗美容诊所,91330105MADM7QFY3C,,无等级,,34633.0
武义丁生兰西医内科诊所,92330723MACDL2L04M,,无等级,,58995.0
武义下王宅太和堂医药零售有限公司中医坐堂医诊所,9133072331368380XK,,无等级,,58804.0
武义丽果西医内科诊所,92330723MADAPRF56G,,无等级,,58881.0
武义义琴西医内科诊所,91330723MAE5F8J1X8,,无等级,,58870.0
武义于洪涛口腔诊所,92330723L72112979C,,无等级,,58933.0
武义仁心西医内科诊所,91330723MA2EBNN7X8,,无等级,,58871.0
武义何余伟西医内科诊所,92330723MA2FJP4J76,,无等级,,58988.0
武义余建宁西医内科诊所,92330723MA29LW3BXH,,无等级,,58908.0
武义俞氏口腔诊所,91330723MAC18MLK0D,,无等级,,58890.0
武义傅旭东中医诊所,92330723MA2FK2JC8J,,无等级,,58951.0
武义凯成口腔诊所,91330723MA2M5XTQ5C,,无等级,,58938.0
武义前金口腔诊所,91330723MAC5XX759P,,无等级,,58812.0
武义华博仕口腔诊所,91330723MAD52H0L4E,,无等级,,58811.0
武义协康中西医结合诊所,91330723MAETJ7L807,,无等级,,58731.0
武义卢新友西医内科诊所,92330723MA29LW3P4G,,无等级,,58980.0
武义卢静如中医诊所,92330723MA28PU7T84,,无等级,,58975.0
武义县中医院驻武义县人民政府医务室,12330723471650683K,无级别,无级别,二级,58825.0
武义县坦洪乡卫生院,1233072347165086XD,未定级,未定级,无级别,58738.0
武义县壶山街道社区卫生服务中心,12330723471651723A,未定级,未定级,无级别,58736.0
武义县大田乡卫生院,123307234716508868,未定级,未定级,无级别,58717.0
武义县桃溪镇中心卫生院,123307237405180402,未定级,未定级,无级别,58729.0
武义县桐琴镇卫生院,12330723471650798R,未定级,未定级,无级别,58722.0
武义县桐琴镇石上青村卫生室,12330723471650720R,无级别,无级别,未定级,58762.0
武义县泉溪镇卫生院,1233072347165078XR,未定级,未定级,无级别,58728.0
武义县白姆乡卫生院,12330723471650851M,未定级,未定级,无级别,58716.0
武义县茭道镇卫生院,123307234716508350,未定级,未定级,无级别,58720.0
武义发发西医内科诊所,91330723MA7JY6QD0Q,,无等级,,58939.0
武义叶桂良西医内科诊所,92330723MA2FMMQJ5A,,无等级,,58954.0
武义启新西医内科诊所,91330723MADT9XLY8R,,无等级,,58878.0
武义吴巧西医内科诊所,92330723MA2EDMTU4B,,无等级,,58961.0
武义吴彩中医诊所,92330723MA29LTCY7M,,无等级,,58803.0
武义周小燕西医内科诊所,92330723MA2FN8QH66,,无等级,,58979.0
武义周志方中医诊所,92330723MA2FKPW993,,无等级,,58930.0
武义周进年西医内科诊所,92330723MA29R7689G,,无等级,,59000.0
武义和裕中西医结合诊所,91330723MA7M8W8603,,无等级,,58867.0
武义唐燕口腔诊所,92330723MA29PPWT4L,,无等级,,58883.0
武义回元堂中医诊所,91330723MABNAD9R6D,,无等级,,58936.0
武义国群口腔诊所,91330723MA2E8FAL37,,无等级,,58937.0
武义多加口腔诊所,91330723MA29NFEW6Y,,无等级,,58987.0
武义孝宇口腔诊所,91330723MABMRXDR8F,,无等级,,58813.0
武义尹霆雨口腔诊所,92330723MA2E9TC16C,,无等级,,58914.0
武义巩氏西医内科诊所,92330723MA7MA8N61H,,无等级,,58926.0
武义帆顺中西医结合诊所,91330723MA2M0U1L0M,,无等级,,58949.0
武义康源西医内科诊所,91330723MA7KEG1F7W,,无等级,,58901.0
武义康瑞西医内科诊所,91330723MA7M6UX71P,,无等级,,58905.0
武义康顺堂西医内科诊所,91330723MABUPUU38R,,无等级,,58966.0
武义延福堂北门中医诊所,91330723MADWPWKU65,,无等级,,58876.0
武义张奎武西医内科诊所,92330723MA29PCPH6M,,无等级,,58928.0
武义张岳福中西医诊所,92330723MA2FNR02XG,,无等级,,58921.0
武义张振法西医内科诊所,92330723MA2FKEF319,,无等级,,59005.0
武义张氏西医内科诊所,91330723MA2DEBU93B,,无等级,,58999.0
武义张长波中医诊所,92330723MA2FKPMD8C,,无等级,,58990.0
武义徐俊华西医内科诊所,92330723MA2FM4N44J,,无等级,,58972.0
武义徐子华西医内科诊所,92330723MA2JWTDD09,,无等级,,58924.0
武义徐学保西医外科诊所,92330723MA28PHQR78,,无等级,,58931.0
武义徐希梓中医诊所,92330723MA29RKLT1G,,无等级,,58997.0
武义徐庆军西医内科诊所,92330723MA7L8Y9374,,无等级,,58976.0
武义徐新海西医内科诊所,92330723MA2FM6E695,,无等级,,58945.0
武义徐氏中西医诊所,91330723MA2HRLL47B,,无等级,,58922.0
武义徐菊园西医内科诊所,92330723MA2FJMAYXA,,无等级,,58910.0
武义得安西医内科诊所,91330723MA2M4D0H7C,,无等级,,58904.0
武义微笑口腔诊所,91330723MA28Q2X721,,无等级,,58789.0
武义德缘中医诊所,91330723MAE00RM81K,,无等级,,58809.0
武义忠昊西医内科诊所,91330723MAEQADGH7P,,无等级,,58807.0
武义惠馨中医诊所,91330723MACDWX9618,,无等级,,58978.0
武义承安中西医结合诊所,91330723MA2M01JK82,,无等级,,58805.0
武义斑马口腔诊所,91330723MA7K7DTQ9E,,无等级,,58977.0
武义方得堂中医诊所,91330723L523420569,,无等级,,58996.0
武义方晋口腔诊所,92330723MABQPFE746,,无等级,,59001.0
武义旭波口腔诊所,91330723MA2E6EDM7Y,,无等级,,58955.0
武义星医惠恩铭医疗美容诊所,91330723MA2EC7Y202,,无等级,,58806.0
武义晓东中医诊所,92330723MA2M0P4N2Y,,无等级,,58959.0
武义晟康西医内科诊所,91330723MAC2YWXE8K,,无等级,,58902.0
武义智诚口腔诊所,91330723MA2E86UD06,,无等级,,58969.0
武义木子中医诊所,91330723MA7N50JX9G,,无等级,,58953.0
武义朱世明中西医诊所,92330723MA2FKEF90C,,无等级,,58948.0
武义朱光浩中西医诊所,92330723MA29LYWD6Q,,无等级,,58927.0
武义朱舍珍西医内科诊所,92330723MA2FQD7308,,无等级,,58960.0
武义朱莲香西医内科诊所,92330723MA2E7NLB8X,,无等级,,58911.0
武义朴真西医内科诊所,91330723MA2JYFDT46,,无等级,,58998.0
武义李子其西医内科诊所,92330723MA2FP4D20G,,无等级,,58934.0
武义李昌振口腔诊所,92330723MA29PXQT8M,,无等级,,58983.0
武义李永松西医内科诊所,92330723MA2FPJGW64,,无等级,,59006.0
武义杨佳口腔诊所,91330723MA7J12UY7K,,无等级,,58935.0
武义杨法根中医内科诊所,92330723MA2FN7LD9D,,无等级,,58907.0
武义杨涛西医内科诊所,92330723MA2HTE344T,,无等级,,58918.0
武义杨琼西医内科诊所,92330723MA2FMB3P89,,无等级,,58915.0
武义极橙蒲公英口腔诊所,91330723MA2ECE8J3H,,无等级,,58903.0
武义林成奇西医内科诊所,92330723MA2FMN9M4C,,无等级,,58962.0
武义楠裕西医内科诊所,91330723MA2M1CUN8F,,无等级,,58909.0
武义楼美儿西医内科诊所,92330723MA2FLUY82C,,无等级,,59002.0
武义榕齐家中医诊所,91330723MAE096JT61,,无等级,,58868.0
武义毛定扬中医诊所,92330723MA2FNX1D2T,,无等级,,58887.0
武义江李进西医内科诊所,92330723MA29PQH63M,,无等级,,58919.0
武义江熙林中医诊所,92330723MA2FKT0B26,,无等级,,58923.0
武义汤亚口腔诊所,91330723MA2EDAT49N,,无等级,,58895.0
武义汤俊口腔诊所,92330723MA29NFXK91,,无等级,,58893.0
武义泉兴西医内科诊所,91330723MA8GTU9P8G,,无等级,,58808.0
武义浙立西医外科诊所,91330723MA29N4FK4M,,无等级,,58917.0
武义浩宇口腔诊所,91330723MA2DFEL81R,,无等级,,58814.0
武义潘敏中医诊所,92330723MA29LGBQXM,,无等级,,58964.0
武义爱尚今生医疗美容诊所,91330723MA2M14BM7N,,无等级,,58821.0
武义爱笑口腔诊所,91330723MA7E7AQQ67,,无等级,,58892.0
武义王兴华西医内科诊所,92330723MA29MKB467,,无等级,,58985.0
武义王国卿西医内科诊所,92330723MA2FMY4B29,,无等级,,58957.0
武义王怀忠西医内科诊所,92330723MA2FKYQB18,,无等级,,58940.0
武义王舍进西医内科诊所,92330723MA2FJP2RX6,,无等级,,58925.0
武义王荣华中西医诊所,92330723MA29NGCD0M,,无等级,,58971.0
武义王菊芬西医内科诊所,92330723MA2FL6QC9C,,无等级,,58944.0
武义祝军波西医内科诊所,92330723MA28EX0F7N,,无等级,,58946.0
武义福贝口腔诊所,91330723MA7H4Y3E3D,,无等级,,58942.0
武义秀华西医内科诊所,92330723MADTPE191F,,无等级,,58758.0
武义章敏西医内科诊所,92330723MAC6N02J8D,,无等级,,58994.0
武义章文汇西医妇科诊所,92330723MA2FQEQ427,,无等级,,58916.0
武义童信生口腔诊所,92330723MA29P9Q21N,,无等级,,58970.0
武义羊卿萍口腔诊所,92330723MA2FQBNE70,,无等级,,58968.0
武义美富美医疗美容诊所,91330723MADY759B0C,,无等级,,58874.0
武义美界医疗美容诊所,91330723MADKDGAU2A,,无等级,,58875.0
武义翔瑞口腔诊所,91330723MAC3TLBC5U,,无等级,,58993.0
武义胡旭峰西医内科诊所,92330723MA2FJMT61M,,无等级,,59004.0
武义胡晓峰西医内科诊所,92330723MAC2RU1X6W,,无等级,,58992.0
武义胡鸿西医内科诊所,92330723MA2FMCJ24K,,无等级,,58956.0
武义范春仙西医妇科诊所,92330723MA2DCYU958,,无等级,,58952.0
武义荷光西医内科诊所,91330723MA8GTELX61,,无等级,,58820.0
武义蒋顺渡口腔诊所,92330723MA29QGY78X,,无等级,,58963.0
武义蔚来医疗美容诊所,91330723MA2HTK519R,,无等级,,58947.0
武义蔚蓝口腔诊所,91330723MADFDPP7XB,,无等级,,58872.0
武义贝康中西医结合诊所,91330723MA2EBK5693,,无等级,,58950.0
武义贝立口腔诊所,91330723MA2JWQ7D48,,无等级,,58863.0
武义贝诺口腔诊所,91330723MA2DCW2F0M,,无等级,,58724.0
武义邵月华西医妇科诊所,92330723MA29P08T3R,,无等级,,58929.0
武义邵炜军口腔诊所,92330723MA29PH3F3W,,无等级,,58943.0
武义邹莉娥口腔诊所,92330723L75309275T,,无等级,,58920.0
武义郭方红中医诊所,92330723MA2DE7Q70Y,,无等级,,58965.0
武义鄢宏明西医内科诊所,92330723MA29PXAN7Y,,无等级,,58981.0
武义金武珍西医内科诊所,92330723MA2FLHCA33,,无等级,,58899.0
武义钱茂康中西医诊所,91330723MA2HW7YT3P,,无等级,,58727.0
武义铂瑞口腔诊所,91330723MAC3UCR855,,无等级,,58879.0
武义铭心西医妇科诊所,91330723MACEPKPR22,,无等级,,58889.0
武义铭茗西医妇科诊所,91330723MA2HQ2AR8H,,无等级,,59003.0
武义铭轩西医内科诊所,91330723MAC8E7AC32,,无等级,,58991.0
武义陈双训西医内科诊所,92330723MA7N6CT6XF,,无等级,,58973.0
武义陈国强西医内科诊所,92330723MA2FL5E28Y,,无等级,,58974.0
武义陈姗口腔诊所,92330723MA2M4RHD0N,,无等级,,58958.0
武义陈寅维西医内科诊所,92330723MA2FP91289,,无等级,,58913.0
武义陈庆敏西医内科诊所,92330723MA2DD5WP5F,,无等级,,59007.0
武义陈康萍中医诊所,92330723MA29QP0B9D,,无等级,,58906.0
武义陈晓丽西医内科诊所,92330723MA29Q3M339,,无等级,,58986.0
武义陈燕中医诊所,92330723MA2FJG6421,,无等级,,58982.0
武义陶丽霞口腔诊所,92330723MA2K1NM74H,,无等级,,58882.0
武义陶伟干口腔诊所,92330723MA29LDRT8G,,无等级,,58989.0
武义陶国飞口腔诊所,92330723MA2FQ0GB8E,,无等级,,58941.0
武义雅康口腔诊所,91330723MAD4PJ9T78,,无等级,,58888.0
武义雅美口腔诊所,91330723MA2JWGTJ6M,,无等级,,58873.0
武义雷森河西医内科诊所,92330723MA29MXTH2M,,无等级,,58912.0
武义韩尔雅西医内科诊所,92330723MA2E9Y9H19,,无等级,,58897.0
武义项福辰西医内科诊所,92330723MA29PJLN9E,,无等级,,58932.0
武义顺治西医内科诊所,91330723MAEQC0N91G,,无等级,,58801.0
武义颜氏西医内科诊所,91330723MA2HR9MU3W,,无等级,,59008.0
武义饶协武中医诊所,92330723MA2FNBJ86G,,无等级,,58896.0
武义饶育民中医外科诊所,92330723MA2FP05G3X,,无等级,,58984.0
武义高奕莲西医妇科诊所,92330723MA2JYNMX6C,,无等级,,58967.0
武义鹏乐口腔诊所,91330723MA2E98Y86T,,无等级,,58891.0
武义黄莆口腔诊所,91330723MA2JWBEM11,,无等级,,58894.0
武义龚国先口腔诊所,92330723MA28QWFC09,,无等级,,58900.0
毛天水内科诊所,92330302MA2C2UQBXU,,无等级,,48976.0
民康诊所,92330411MABP388L09,,无等级,,51318.0
永嘉上塘楠江口腔诊所,913303246725545081,,无等级,,50144.0
永嘉上塘程秀山内科诊所,92330324MA2C9F669X,,无等级,,50261.0
永嘉乾易堂医疗管理有限公司沙头内科诊所,91330324MAELG3CA59,,无等级,,50092.0
永嘉伊建微内科诊所,92330324MAE3PLQJX2,,无等级,,50126.0
永嘉何凯口腔诊所,92330324MA295BR24J,,无等级,,50206.0
永嘉余洁如中医诊所,92330324MA2C514ELX,,无等级,,50263.0
永嘉余猛内科诊所,92330324MA2BYPWY64,,无等级,,50216.0
永嘉余陈通内科诊所,92330324MA297HYBXG,,无等级,,50187.0
永嘉佳科口腔医疗服务有限公司渠口口腔诊所,91330324MAC40LD02L,,无等级,,50133.0
永嘉刘建兄口腔诊所,92330324MA2COJF17M,,无等级,,50214.0
永嘉刘美玲妇科诊所,92330324MA287ALD34,,无等级,,50237.0
永嘉刘良海中医诊所,92330324MA2BWCGQ2E,,无等级,,50175.0
永嘉创齿口腔门诊有限公司桥头口腔诊所,91330324MAELDYHK71,,无等级,,50090.0
永嘉卢玲飞内科诊所,92330324MA2CN3BN36,,无等级,,50176.0
永嘉县胡天渝药品零售有限公司沙头内科诊所,91330324MA7MGK9T6N,,无等级,,50226.0
永嘉县贝齿医疗管理有限责任公司瓯北口腔诊所,91330324MAE8PMHG55,,无等级,,50095.0
永嘉叶妙妇科诊所,92330324MA2JAOLB64,,无等级,,50256.0
永嘉叶晓内科诊所,92330324MA298HF04A,,无等级,,50258.0
永嘉叶来丰内科诊所,91330324MA296WTK7Q,,无等级,,50246.0
永嘉叶继秀中西医结合诊所,91330324097236289H,,无等级,,50221.0
永嘉叶闯口腔诊所,92330324MA2L7GQ58C,,无等级,,50131.0
永嘉吴俊外科诊所,92330324MA2ATJLK7Q,,无等级,,50236.0
永嘉吴元丽口腔诊所,92330324MA294AKB5X,,无等级,,50142.0
永嘉吴淑良内科诊所,92330324MA286XFW88,,无等级,,50257.0
永嘉吴燕来口腔诊所,92330324MADY84YF5E,,无等级,,50125.0
永嘉吴立魏外科诊所,92330324MA2C8UL940,,无等级,,50122.0
永嘉周丁幼中医诊所,TE3303243300225130,,无等级,,50267.0
永嘉周元康儿科诊所,92330324MA29A6JHXA,,无等级,,50266.0
永嘉周利申口腔诊所,92330324MA2L97358K,,无等级,,50084.0
永嘉周建寅内科诊所,91330324MA2971GF47,,无等级,,50192.0
永嘉周彩娟口腔诊所,92330324MA2CPU2L49,,无等级,,50215.0
永嘉周晓平内科诊所,92330324MA2CRC108E,,无等级,,50241.0
永嘉周晓珍妇科诊所,92330324MA29783AX5,,无等级,,50228.0
永嘉周超多中医妇科诊所,91330324MA2869BN3E,,无等级,,50240.0
永嘉周银龙口腔诊所,92330324MADHXYX76G,,无等级,,50111.0
永嘉品博医疗管理有限公司瓯北口腔诊所,91330324MAEXTTQT2F,,无等级,,50075.0
永嘉唐立平妇科诊所,91330324081682428G,,无等级,,50178.0
永嘉嘉齿医疗管理有限公司瓯北口腔诊所,91330324MAEX25Y97X,,无等级,,50073.0
永嘉国顺医疗服务有限公司瓯北码道外科诊所,91330324MAE2FUF46E,,无等级,,50124.0
永嘉天晨医疗管理有限公司瓯北口腔诊所,91330324MAEQ39PY4A,,无等级,,50083.0
永嘉孙昌永口腔诊所,92330324MA2CT3RG05,,无等级,,50202.0
永嘉安禾唯然美容科技有限公司三江医疗美容诊所,91330324MA2JCQLY6P,,无等级,,50134.0
永嘉宋道珍中医诊所,91330324076205598P,,无等级,,50251.0
永嘉小白口腔诊疗服务有限公司岩坦口腔诊所,91330324MAEHG9F13E,,无等级,,50094.0
永嘉岐杏堂医疗管理有限公司瓯北和二中医诊所,91330324MAE68LET5X,,无等级,,50108.0
永嘉廖统宽内科诊所,91330324MA297UF556,,无等级,,50231.0
永嘉张丹妇科诊所,92330324MA2JBNAK8G,,无等级,,50189.0
永嘉张浩口腔诊所,92330324MABWAFHJ55,,无等级,,50148.0
永嘉徐永孝内科诊所,91330324MA285K1E0L,,无等级,,50186.0
永嘉徐海华内科诊所,92330324MA296AX41J,,无等级,,50184.0
永嘉徐节欢中医诊所,92330324MA2CNP9P7Q,,无等级,,50185.0
永嘉德林口腔医疗管理有限公司上塘口腔诊所,91330324MADDPMDR25,,无等级,,49749.0
永嘉戚忠信中医诊所,92330324MA2977882L,,无等级,,50222.0
永嘉戚约和内科诊所,91330324307599126P,,无等级,,50254.0
永嘉戴云高内科诊所,92330324MA2AQ6QH2P,,无等级,,50162.0
永嘉戴成兴内科诊所,92330324MA2AWFDJ3D,,无等级,,50161.0
永嘉旭仁医疗管理有限公司黄田内科诊所,91330324MAEC15D56J,,无等级,,50103.0
永嘉朱劲峰口腔诊所,92330324MA2HCDAE56,,无等级,,50153.0
永嘉朱千勇中医骨伤科诊所,92330324MA2AWM2N5L,,无等级,,50193.0
永嘉朱岳祥中西医结合诊所,92330324MA2L4W1K9T,,无等级,,50194.0
永嘉朱弘汕中医诊所,913303240692145258,,无等级,,50239.0
永嘉朱清源中医诊所,92330324MA2JAP6J4U,,无等级,,50132.0
永嘉李伟璞口腔诊所,92330324MA2l18TA35,,无等级,,50150.0
永嘉李圣远中医诊所,92330324MA2CTF6U4P,,无等级,,50172.0
永嘉李安口腔诊所,92330324MABR28AN6C,,无等级,,50201.0
永嘉李庆夏中医诊所,92330324MA2CTT666P,,无等级,,50171.0
永嘉李庆练中医诊所,91330324070658246W,,无等级,,50248.0
永嘉李建海中医诊所,92330324MA2CODMB7X,,无等级,,50225.0
永嘉李建珍中医诊所,92330324MA296NT76T,,无等级,,50217.0
永嘉李建禄皮肤科诊所,92330324MA286EJT7P,,无等级,,50260.0
永嘉李成忠口腔诊所,92330324MA2CTH9113,,无等级,,50143.0
永嘉李洁内科诊所,91330324068374420X,,无等级,,50244.0
永嘉李罗兵中医诊所,92330324MA2C3XX671,,无等级,,50170.0
永嘉李若纳中医诊所,91330324075329839E,,无等级,,50238.0
永嘉杨显敏内科诊所,91330324WA298K3R7T,,无等级,,50250.0
永嘉林忠武外科诊所,92330324MA2L175C4U,,无等级,,50174.0
永嘉林月娥妇科诊所,91330324329916145X,,无等级,,50173.0
永嘉楼俊香口腔诊所,92330324MA2HBCT2X0,,无等级,,50141.0
永嘉正美口腔医疗管理有限公司上塘口腔诊所,91330324MACFYALRX6,,无等级,,50098.0
永嘉汪纯洁妇科诊所,92330324MA286GOF7L,,无等级,,50255.0
永嘉温州医莱康结石专科医疗有限公司瓯北外科诊所,91330324MABM7NHE0X,,无等级,,50049.0
永嘉温州市恒合恒美口腔医疗管理有限公司瓯北口腔诊所,91330324MA7C73UG9B,,无等级,,50209.0
永嘉温州林氏悬济堂医疗科技有限公司瓯北内科诊所,91330324MAECNT3Y5T,,无等级,,50100.0
永嘉温州芙尔图娜医疗美容有限公司三江医疗美容诊所,91330324MA2L5LQT7F,,无等级,,50130.0
永嘉温州迎创医疗技术服务有限公司瓯北眼科诊所,91330324MA7EC4PX82,,无等级,,50242.0
永嘉滕云云内科诊所,TE3303243300212200,,无等级,,50268.0
永嘉滕云龙口腔诊所,92330324MA2C41LN8Y,,无等级,,50152.0
永嘉滕如丰中西医结合诊所,92330324MA296WMW0W,,无等级,,50179.0
永嘉滕雪影妇科诊所,913303443299985666,,无等级,,50180.0
永嘉潘丁宁内科诊所,TE3303243300491740,,无等级,,50138.0
永嘉潘修静中医诊所,92330324MABYTXYK69,,无等级,,50230.0
永嘉潘公博中西医诊所,TE3303243300249770,,无等级,,50227.0
永嘉潘寿贵中医诊所,92330324MA2BYEKNXY,,无等级,,50219.0
永嘉潘扬武口腔诊所,92330324MA2L4JT32A,,无等级,,50177.0
永嘉潘林永口腔诊所,91330324MA285H108G,,无等级,,50151.0
永嘉潘焕暖外科诊所,92330324MA2CTR1C8G,,无等级,,50271.0
永嘉牙利安医疗管理有限责任公司上塘口腔诊所,91330324MADWNU9UXE,,无等级,,50128.0
永嘉王新新口腔诊所,92330324MACEHTQD5F,,无等级,,50205.0
永嘉王熙丹中医诊所,92330324MA2L60U898,,无等级,,50252.0
永嘉王莲平内科诊所,92330324MA2HC0K33R,,无等级,,50181.0
永嘉王虎儿科诊所,92330324MAD4C64X17,,无等级,,50093.0
永嘉百善医疗管理有限公司瓯北口腔诊所,91330324MAEMC7EU1A,,无等级,,50081.0
永嘉瞿张通口腔诊所,92330324MA2H9ELM7C,,无等级,,50203.0
永嘉石远柏内科诊所,92330324MA2J8NHK6T,,无等级,,50264.0
永嘉翁德辉中医诊所,92330324MA2BUCXA9P,,无等级,,50182.0
永嘉翁治武中医诊所,91330324090955889j,,无等级,,50265.0
永嘉肖尔医疗器械（温州）有限公司瓯北口腔诊所,91330324MA2L2FOD8H,,无等级,,50183.0
永嘉胡建周内科诊所,92330324MA2L8UTE4U,,无等级,,50123.0
永嘉胡成建口腔诊所,92330324MA2AW8YG39,,无等级,,50146.0
永嘉臻诚芽洁医疗管理有限公司东城口腔诊所,91330324MAEP1MQB67,,无等级,,50087.0
永嘉臻齿医疗用品有限公司南城口腔诊所,91330324MAEBYYT72L,,无等级,,50096.0
永嘉芽洁医疗管理有限公司三江口腔诊所,91330324MADWEBJW93,,无等级,,49739.0
永嘉芽洁医疗管理有限公司东城口腔诊所,91330324MADHT9682N,,无等级,,50040.0
永嘉芽洁医疗管理有限公司黄田口腔诊所,91330324MADWHK7X1X,,无等级,,50097.0
永嘉苏莲莲五官科诊所,92330324MA2976H608,,无等级,,50235.0
永嘉葛群中医诊所,92330324MA7FB3MP6T,,无等级,,50164.0
永嘉董原仁口腔诊所,92330324MA2C5DET0N,,无等级,,50149.0
永嘉董献红妇科诊所,92330324MA287P1352,,无等级,,50163.0
永嘉蒋小明中医诊所,92330324MA2C54R1X4,,无等级,,50232.0
永嘉蒋达内科诊所,92330324MA297CDJ82,,无等级,,50166.0
永嘉袁建国中医诊所,92330324MA2L7BQ54U,,无等级,,50188.0
永嘉谢凤燕口腔诊所,92330324MA2L4RKU8G,,无等级,,50213.0
永嘉贺道兰口腔诊所,913303246936066456,,无等级,,50196.0
永嘉赫本医疗美容诊所,91330324MA2J923YX8,,无等级,,50259.0
永嘉赵美娟中医诊所,92330324MA29AWKR99,,无等级,,50190.0
永嘉邵杰生中医诊所,92330324MA2C6P2Q89,,无等级,,50224.0
永嘉邹木天口腔诊所,92330324MA7JPGDW1M,,无等级,,50200.0
永嘉郑余林内科诊所,92330324MAEBKHWX1D,,无等级,,50104.0
永嘉郑晓斌中医诊所,91330324070657892G,,无等级,,50233.0
永嘉郑洪文内科诊所,92330324MA2CRXMP33,,无等级,,50191.0
永嘉郑祥建中医诊所,92330324MA2J8W99XM,,无等级,,50223.0
永嘉郑赛南妇科诊所,TE3303243300519060,,无等级,,50234.0
永嘉金克宇内科诊所,91330324MA297LYU6J,,无等级,,50229.0
永嘉金升良内科诊所,92330324MA2CAU091L,,无等级,,50269.0
永嘉金可相内科诊所,91330324MA294APJ2M,,无等级,,50262.0
永嘉金国庆中医骨伤科诊所,92330324MA2C6HLJXY,,无等级,,50218.0
永嘉金国策中西医结合诊所,92330324MA2J87RM2H,,无等级,,50121.0
永嘉金建敏口腔诊所,92330324MA2AUM6E6E,,无等级,,50167.0
永嘉金志业口腔诊所,92330324MA2L27FR60,,无等级,,50107.0
永嘉金柱皮肤科诊所,92330324MA2AR9RY15,,无等级,,50169.0
永嘉金永志内科诊所,92330324MA2AT7BK0G,,无等级,,50249.0
永嘉金湖兵口腔诊所,92330324MA297KKX95,,无等级,,50195.0
永嘉金碎琴妇科诊所,91330324MA296J249Y,,无等级,,50168.0
永嘉金苏兵口腔诊所,91330324MA285AU2XL,,无等级,,50154.0
永嘉钱青臣内科诊所,92330324MAC0XDNJ67,,无等级,,50220.0
永嘉陈光磊中医内科诊所,92330324MA2BYE9T9C,,无等级,,50155.0
永嘉陈吉利中医诊所,91330324070658035D,,无等级,,50253.0
永嘉陈呀芬口腔诊所,92330324MA299QU69E,,无等级,,50145.0
永嘉陈天平中医诊所,92330324MA2C5F5D8D,,无等级,,50197.0
永嘉陈小嘉医疗服务有限公司三江医疗美容诊所,91330324MADXN8RMXC,,无等级,,50039.0
永嘉陈小春口腔诊所,92330324MA2CB58EOW,,无等级,,50211.0
永嘉陈康岳中医诊所,92330324MA2C3AXG6Y,,无等级,,50156.0
永嘉陈建新口腔诊所,91330324L55114235X,,无等级,,50210.0
永嘉陈彩凤妇科诊所,92330324MA297BKK3W,,无等级,,50247.0
永嘉陈志义中医诊所,92330324MA2C2T9X90,,无等级,,50159.0
永嘉陈旭光中医诊所,91330324MA2HBE1A25,,无等级,,50207.0
永嘉陈明锡中医诊所,92330324MA2C33BC4U,,无等级,,50157.0
永嘉陈星平儿科诊所,92330324MA2C8LHA27,,无等级,,50158.0
永嘉陈智云内科诊所,92330324MA2J8H5Q2B,,无等级,,50160.0
永嘉陈海晓口腔诊所,92330324MA2C9C0E8B,,无等级,,50212.0
永嘉陈金元中医骨伤科诊所,92330324MA2C6ND429,,无等级,,50270.0
永嘉高丽莉内科诊所,92330324MA2986ML05,,无等级,,50245.0
永嘉麻永昌中医诊所,91330324307642235L,,无等级,,50243.0
永嘉黄子练口腔诊所,92330324MA2C8M5H6X,,无等级,,50165.0
永嘉黄成权口腔诊所,92330324MA286L8P3T,,无等级,,50208.0
永嘉黄煜良口腔诊所,92330324MA2CNBT798,,无等级,,50077.0
永富推拿诊所,TE3306023300114100,,无等级,,54294.0
永康一心西医诊所,91330784MAE7G7JU1D,,无等级,,60591.0
永康一昌中医诊所,92330784MA7EJADX6B,,无等级,,60578.0
永康丁佰江西医诊所,92330784MA2FKY2U4G,,无等级,,60633.0
永康丁水云西医诊所,92330784MA2JWD1H30,,无等级,,60791.0
永康上泇医疗美容诊所,91330784MADLXUHD69,,无等级,,60624.0
永康世堂西医诊所,91330784MAD9EP4X9U,,无等级,,60685.0
永康为民西医诊所,91330784MAD3F4XY4A,,无等级,,60282.0
永康丽齿口腔诊所,91330784MAC7GAUQ3W,,无等级,,60719.0
永康云涛口腔诊所,91330784MADD6AB371,,无等级,,60314.0
永康云祥西医诊所,91330784MADA40YF04,,无等级,,60286.0
永康亮腾医疗美容诊所,91330784MADX0K54X0,,无等级,,60284.0
永康仁心西医诊所,91330784MA8G87CY3Q,,无等级,,60476.0
永康仁浦西医诊所,92330784MA29PF5D46,,无等级,,60344.0
永康仁爱西医诊所,91330784MA8GTGR50U,,无等级,,60558.0
永康仁诚西医诊所,91330784MAE3BAKXXG,,无等级,,60596.0
永康任兆勇中医诊所,92330784MA2FP4KT69,,无等级,,60798.0
永康佑康堂西医诊所,91330784MAC874R23C,,无等级,,60583.0
永康何国胜口腔诊所,92330784MA29NJQ019,,无等级,,60830.0
永康余荣康西医诊所,92330784MA2FP98N4L,,无等级,,60868.0
永康佳青医疗美容诊所,91330784MAC61J1B8E,,无等级,,60729.0
永康俊齿口腔诊所,91330784MADDBYPX4X,,无等级,,60676.0
永康俞晓君口腔诊所,92330784MA2FJR8B20,,无等级,,60842.0
永康俞苏红西医诊所,92330784MA2FP95U2J,,无等级,,60560.0
永康倪建平西医诊所,92330784MABRKYU8XR,,无等级,,60689.0
永康健源西医诊所,92330784MA7MUTK0X2,,无等级,,60609.0
永康健美口腔诊所,92330784MA28EX2X7U,,无等级,,60355.0
永康健达西医诊所,91330784MADHWU3X1B,,无等级,,60568.0
永康元真堂中医诊所,92330784MA2EE98N39,,无等级,,60741.0
永康关众口腔诊所,91330784MABNEGXN6U,,无等级,,60714.0
永康凯业西医诊所,91330784MACLK6R13M,,无等级,,60708.0
永康创视界赵阳眼科诊所,91330784MAEKT69B22,,无等级,,60346.0
永康包顺阳西医诊所,92330784MA2FPBLJXG,,无等级,,60885.0
永康华庆堂西医诊所,91330784MAE03HC36K,,无等级,,60623.0
永康华敏中医诊所,92330784MA2FKENX8W,,无等级,,60877.0
永康华芝医疗美容诊所,91330784MA2M3TNM2F,,无等级,,60612.0
永康博仁中西医结合诊所,91330784MADJ57N94U,,无等级,,60672.0
永康博宸堂西医诊所,91330784MADLP5TW6E,,无等级,,60653.0
永康博涵口腔诊所,91330784MADCAAPX2W,,无等级,,60313.0
永康博雅口腔诊所,91330784MA7CN7C955,,无等级,,60812.0
永康卢春喜西医诊所,92330784MA2FP4NU32,,无等级,,60279.0
永康卢梅心西医诊所,92330784MA2FMQK616,,无等级,,60753.0
永康卢益儒中医诊所,92330784MA2E7EJK40,,无等级,,60687.0
永康卢莹医疗美容诊所,92330784MAD5RXHP56,,无等级,,60618.0
永康卢金芝西医诊所,92330784MA2FP7TG59,,无等级,,60760.0
永康友康西医诊所,91330784MAEM8EXY2T,,无等级,,60351.0
永康史军平中医诊所,92330784MA2FMDHK1Q,,无等级,,60784.0
永康叶丹丹西医诊所,92330784MA2E9Y881M,,无等级,,60789.0
永康叶响荣眼科诊所,91330784MACXGYW45D,,无等级,,60673.0
永康名贤中西医结合诊所,91330784MAD5M5L96J,,无等级,,60646.0
永康吕丽荣西医诊所,92330784MA2DE3FX27,,无等级,,60869.0
永康吕健英西医诊所,92330784MA2DCR1G9F,,无等级,,60551.0
永康吕兑标西医诊所,92330784MA2E6EAP2Q,,无等级,,60745.0
永康吕关成口腔诊所,92330784MAD5HQM17A,,无等级,,60311.0
永康吕加丁中医诊所,91330784MAD2E7RC8Q,,无等级,,60696.0
永康吕寅生中医诊所,92330784MA2DBK7Q47,,无等级,,60886.0
永康吕开有中医诊所,92330784MA29NR4T02,,无等级,,60820.0
永康吕柔知口腔诊所,92330784MA2JX0D51B,,无等级,,60751.0
永康吕燕青西医诊所,92330784MA2DCH6534,,无等级,,60785.0
永康吕美嚣西医诊所,92330784MA2FPBLE9E,,无等级,,60556.0
永康吕美嫦西医诊所,92330784MA2FM1UD4X,,无等级,,60725.0
永康吕舒畅口腔诊所,92330784MAD8WABL1A,,无等级,,60678.0
永康吕芝西医诊所,92330784MA2FK6W540,,无等级,,60546.0
永康吕贤贞西医诊所,92330784MA2E5Q9W0J,,无等级,,60756.0
永康吕飞燕西医诊所,92330784MA2FQ40A9X,,无等级,,60829.0
永康吴丹西医诊所,92330784MAC4T3GD7F,,无等级,,60733.0
永康吴利永中医诊所,92330784MA2M23HWXW,,无等级,,60773.0
永康吴学正西医诊所,92330784MA2M4H463G,,无等级,,60795.0
永康吴家锦口腔诊所,92330784MA2DE6FX0N,,无等级,,60894.0
永康吴新鹤西医诊所,92330784MAE2GWDK5W,,无等级,,60616.0
永康吴松阳西医诊所,92330784MA2JWUN43Y,,无等级,,60874.0
永康吴玲玲口腔诊所,92330784MACB09NBXP,,无等级,,60315.0
永康周云峰西医诊所,92330784MA7B538062,,无等级,,60780.0
永康周妙新口腔诊所,92330784MA2FLW444D,,无等级,,60884.0
永康周宏亮口腔诊所,92330784MA2FJKK934,,无等级,,60854.0
永康周宏勋西医诊所,92330784MA2HTWPC9L,,无等级,,60849.0
永康周庆华西医诊所,91330784MA2M2D269E,,无等级,,60832.0
永康周灵芝西医诊所,92330784MA2FQ1UJ5D,,无等级,,60573.0
永康周美霞中西医结合诊所,91330784MADATNF30U,,无等级,,60647.0
永康周震中医诊所,92330784MA2M77U847,,无等级,,60835.0
永康唐晓恩西医诊所,92330784MA2K11L94H,,无等级,,60772.0
永康喜福口腔诊所,91330784MADW6CP71U,,无等级,,60631.0
永康嘉南口腔诊所,91330784MAC5DACF0Q,,无等级,,60742.0
永康嘉秀西医诊所,91330784MAD6GGN62R,,无等级,,60693.0
永康圣杰口腔诊所,91330784MAD38PKW4J,,无等级,,60334.0
永康圣济西医诊所,91330784MAE9QU7M95,,无等级,,60588.0
永康堂中堂西医诊所,91330784MADQBM0L6K,,无等级,,60643.0
永康夏越新口腔诊所,92330784MA2FP71X6U,,无等级,,60891.0
永康奕兴西医诊所,92330784MA2HRK7TXD,,无等级,,60622.0
永康姚丽君口腔诊所,92330784MA2M0EGF39,,无等级,,60871.0
永康姚兴建中医诊所,92330784MA29MGJM3W,,无等级,,60755.0
永康姚锦洲西医诊所,92330784MA2M6DA459,,无等级,,60847.0
永康姚鸣廓西医诊所,92330784MACL9UHU27,,无等级,,60715.0
永康媛音医疗美容诊所,91330784MADF7PYA95,,无等级,,60650.0
永康孙德加西医诊所,92330784MACFAMMG8L,,无等级,,60736.0
永康孙忠和西医诊所,92330784MA8G5GTR2N,,无等级,,60747.0
永康季青西医诊所,92330784MA2FQGHY6G,,无等级,,60776.0
永康宁进西医诊所,92330784MA2FQ5JF3X,,无等级,,60752.0
永康安济西医诊所,91330784MAEAGFHWX1,,无等级,,60587.0
永康安涂西医诊所,91330784MADFQFG170,,无等级,,60652.0
永康宏滔西医诊所,91330784MACBQGW408,,无等级,,60728.0
永康宝珑口腔诊所,91330784MA2M428A0Q,,无等级,,60754.0
永康小茹医疗美容诊所,91330784MA2K1RL79F,,无等级,,60662.0
永康尚齿口腔诊所,91330784MABUTC4U60,,无等级,,60630.0
永康崔云超中西医结合诊所,92330784MA2M73PR7E,,无等级,,60858.0
永康巧康西医诊所,92330784MA2FP3762W,,无等级,,60333.0
永康市东城街道社区卫生服务中心,12330784762511552Y,未定级,未定级,无级别,60337.0
永康市古山镇古山一村卫生室,123307844718324019,未定级,未定级,二级,60290.0
永康市石柱镇中心卫生院,12330784471832639G,未定级,未定级,,60347.0
永康常春藤医疗美容诊所,92330784MABQ5Y633X,,无等级,,60857.0
永康应伟芳西医诊所,92330784MA2FM5EK0T,,无等级,,60867.0
永康应广厚西医诊所,92330784MA2FNCL734,,无等级,,60844.0
永康应敏西医诊所,92330784MACJPE449L,,无等级,,60718.0
永康应新芽西医诊所,92330784MA2FP5GJ1P,,无等级,,60764.0
永康应梅红西医诊所,92330784MA2JX14H58,,无等级,,60539.0
永康应滔中医诊所,92330784MA2FLGHJ65,,无等级,,60865.0
永康应灿齐中医诊所,92330784MA2EBAP42Q,,无等级,,60836.0
永康应瑜西医诊所,91330784MACGW4YJ07,,无等级,,60549.0
永康应秀聪西医诊所,92330784MA29PA7154,,无等级,,60796.0
永康应秀莉西医诊所,92330784MA2M6XCE4F,,无等级,,60762.0
永康应群西医诊所,92330784MA2FPNUK8P,,无等级,,60362.0
永康应育芳口腔诊所,92330784MA2FQBR16U,,无等级,,60808.0
永康应航口腔诊所,92330784MA28Q8UA4J,,无等级,,60866.0
永康应进良口腔诊所,92330784MAC62U39XE,,无等级,,60735.0
永康应雪霜中西医结合诊所,92330784MA2DCT0M70,,无等级,,60879.0
永康康信西医诊所,91330784MAE6QYMK67,,无等级,,60602.0
永康康元西医诊所,92330784MA2FP4H42T,,无等级,,60343.0
永康康泽西医诊所,91330784MADBX8AU10,,无等级,,60641.0
永康康翔西医诊所,91330784MADQ9WY310,,无等级,,60277.0
永康康越西医诊所,91330784MACD3AJW75,,无等级,,60726.0
永康弘瑞西医诊所,91330784MAEBMULN6L,,无等级,,60292.0
永康张娉西医诊所,92330784MAC6L25KXT,,无等级,,60900.0
永康张彬口腔诊所,92330784MA2E57PK24,,无等级,,60828.0
永康张永丽西医诊所,92330784MABUW9FD5K,,无等级,,60749.0
永康张雪华口腔诊所,92330784MA7LYEYK2E,,无等级,,60807.0
永康徐关忠口腔诊所,92330784MA2FLM2W35,,无等级,,60593.0
永康徐川野口腔诊所,92330784MA8GLCDE0J,,无等级,,60605.0
永康徐巧西医诊所,92330784MA2FNMGT9L,,无等级,,60809.0
永康徐振忠西医诊所,92330784MA2FMCBG82,,无等级,,60599.0
永康徐文韬西医诊所,92330784MA2FLY4P16,,无等级,,60535.0
永康徐斌中医诊所,92330784MA2FP4HXX8,,无等级,,60771.0
永康徐新山西医诊所,92330784MA2FK17783,,无等级,,60790.0
永康徐旭升西医诊所,92330784MA2FPM5370,,无等级,,60626.0
永康徐星亮口腔诊所,92330784MA2DEFML1K,,无等级,,60777.0
永康徐晓莉西医诊所,92330784MA2FL90F6Y,,无等级,,60818.0
永康徐李英西医诊所,92330784MABRWC0GXC,,无等级,,60621.0
永康徐氏口腔诊所,91330784MAD08WEP5G,,无等级,,60632.0
永康徐洁西医诊所,92330784MA2FLPDE4N,,无等级,,60801.0
永康徐秀眉西医诊所,92330784MA2FP4JK6C,,无等级,,60306.0
永康徐航程西医诊所,92330784MA7HC52D38,,无等级,,60565.0
永康徐菊屏西医诊所,92330784MA2FP41U3T,,无等级,,60534.0
永康徐辛泉中西医结合诊所,92330784MA2FQ1X76G,,无等级,,60880.0
永康御恒西医诊所,91330784MADMD8ND63,,无等级,,60592.0
永康微蜜医疗美容诊所,91330784MAD8FA4N00,,无等级,,60339.0
永康心悦医疗美容诊所,91330784MA2M192C17,,无等级,,60716.0
永康怡康中医诊所,91330784MACEYAJ05M,,无等级,,60651.0
永康恩光西医诊所,91330784MADAWKC48E,,无等级,,60571.0
永康恩喜西医诊所,91330784MAE5PMY50X,,无等级,,60590.0
永康恩泽西医诊所,91330784MADN671D61,,无等级,,60615.0
永康惠友西医诊所,91330784MAED9U3JXF,,无等级,,60569.0
永康惠视眼科诊所,91330784MA2K1RXB8K,,无等级,,60740.0
永康愈己医疗美容诊所,91330784MADPPM4R6R,,无等级,,60371.0
永康慧心西医诊所,91330784MAEJTQED46,,无等级,,60356.0
永康慧诺西医诊所,91330784MACQ69DK6Q,,无等级,,60710.0
永康新众高西医诊所,91330784MA2M101TXM,,无等级,,60901.0
永康新鑫口腔诊所,91330784MADMWM6W5N,,无等级,,60644.0
永康方丽西医诊所,92330784MACKPF7F12,,无等级,,60540.0
永康方康东西医诊所,92330784MA2FM48819,,无等级,,60892.0
永康方康健西医诊所,92330784MA2FPRHG32,,无等级,,60340.0
永康方海珍西医诊所,92330784MA2FN9E890,,无等级,,60358.0
永康施世雕中医诊所,92330784MA2FKHYC42,,无等级,,60896.0
永康施倩瑜口腔诊所,92330784MACJ2QNF7M,,无等级,,60713.0
永康施心畅口腔诊所,92330784MA2HRUT0X8,,无等级,,60839.0
永康施志宁中医诊所,92330784MA29LEMNX9,,无等级,,60661.0
永康施惠燕中西医结合诊所,92330784MABR1E988K,,无等级,,60840.0
永康施春花西医诊所,92330784MA29RLR13U,,无等级,,60862.0
永康施海鹏口腔诊所,92330784MA2M1LQA0B,,无等级,,60889.0
永康施策口腔诊所,92330784MA28PX5T33,,无等级,,60765.0
永康施素生西医诊所,92330784MA2FP4L21N,,无等级,,60730.0
永康明亮口腔诊所,92330784MA29PY5G09,,无等级,,60566.0
永康星医惠医疗美容诊所,91330784MABY5JXR8J,,无等级,,60686.0
永康星悦中西医结合诊所,91330784MAEM96956R,,无等级,,60330.0
永康星源西医诊所,91330784MAC9CPQA81,,无等级,,60537.0
永康春洲堂中医诊所,913307845972360665,,无等级,,60721.0
永康智博中西医结合诊所,91330784MADAYNBC60,,无等级,,60683.0
永康朱寿长中医诊所,92330784MA2FN19A13,,无等级,,60893.0
永康朱平西医诊所,92330784MACHDWTM72,,无等级,,60724.0
永康朱惠利西医诊所,92330784MA28QPK64D,,无等级,,60805.0
永康朱新革中西医结合诊所,92330784MA2FL42J8F,,无等级,,60883.0
永康朱磊勋口腔诊所,91330784MAD1PH7928,,无等级,,60671.0
永康朱红儿口腔诊所,92330784MA2FPDLE4D,,无等级,,60701.0
永康朱跃顺中医诊所,92330784MA2FL5JC1M,,无等级,,60837.0
永康朱雄心西医诊所,92330784MA2JY89Y0W,,无等级,,60634.0
永康李兆春眼科诊所,92330784MA2E87WA1B,,无等级,,60833.0
永康李冬冬西医诊所,92330784MABT0CXY4U,,无等级,,60895.0
永康李君燕眼科诊所,92330784MA28P3BP7J,,无等级,,60635.0
永康李君胜口腔诊所,92330784MACKNQE88H,,无等级,,60712.0
永康李国清西医诊所,91330784MAC8NW1N3A,,无等级,,60617.0
永康李如西医诊所,92330784MA7BBFJE6E,,无等级,,60855.0
永康李巧玲西医诊所,92330784MA29RJBN6W,,无等级,,60557.0
永康李德口腔诊所,92330784MA2HUJR03G,,无等级,,60797.0
永康李志敏西医诊所,92330784MAD4FUBE23,,无等级,,60694.0
永康李星初口腔诊所,92330784MA2FQ5XC8Q,,无等级,,60813.0
永康李根火西医诊所,92330784MA2FP5LN62,,无等级,,60800.0
永康李盈娅西医诊所,92330784MADGK6PR0J,,无等级,,60667.0
永康李铭静中医诊所,92330784MA2FKQTC77,,无等级,,60838.0
永康李静平口腔诊所,92330784MA2FP4YU3F,,无等级,,60864.0
永康李韩强西医诊所,92330784MA2DB4B463,,无等级,,60788.0
永康杜应果口腔诊所,92330784MA2FP74B57,,无等级,,60856.0
永康杜珠兰西医诊所,92330784MA2FKBMH2J,,无等级,,60831.0
永康杜风格西医诊所,92330784MA2EC76L8D,,无等级,,60767.0
永康杨林伟西医诊所,92330784MA2FKWEU59,,无等级,,60625.0
永康杨桂玲西医诊所,92330784MA7C7A444X,,无等级,,60806.0
永康杨灿口腔诊所,92330784MA2FL2UJ06,,无等级,,60846.0
永康杨继强西医诊所,92330784MA2HQRFR8C,,无等级,,60851.0
永康松石口腔诊所,91330784MACNGRHQ11,,无等级,,60295.0
永康林三钗西医诊所,92330784MA2M728052,,无等级,,60819.0
永康林丽芝口腔诊所,92330784MA2FLYTJ1X,,无等级,,60648.0
永康林鹏口腔诊所,92330784MACRRHPX68,,无等级,,60702.0
永康柳忠中西医结合诊所,TE3307843300011010,,无等级,,60890.0
永康楼海英西医诊所,92330784MA2M3NA2XB,,无等级,,60888.0
永康楼玮蓁中医诊所,92330784MA2FQHDX5W,,无等级,,60853.0
永康欣心漾医疗美容诊所,91330784MADGC4R89N,,无等级,,60283.0
永康正弘康业西医诊所,91330784MAE0H1X16T,,无等级,,60601.0
永康正德堂中医诊所,91330784MAD0X3R19J,,无等级,,60679.0
永康正禾口腔诊所,91330784MA2M3H4Q18,,无等级,,60834.0
永康毛有土中医诊所,92330784MA2EC13M09,,无等级,,60342.0
永康民轩中西医结合诊所,91330784MACEF0QX9M,,无等级,,60657.0
永康永泽西医诊所,91330784MAEAQKWW3R,,无等级,,60589.0
永康汇康西医诊所,91330784MADG6RWM52,,无等级,,60669.0
永康汤云起西医诊所,92330784MA29RU1F71,,无等级,,60881.0
永康沈伟娟中西医结合诊所,92330784MA2E7J5C3Q,,无等级,,60759.0
永康沈秋鹰口腔诊所,91330784MA7B58RC9F,,无等级,,60757.0
永康济佳西医诊所,91330784MADCD37N3J,,无等级,,60577.0
永康济康中西医结合诊所,91330784MADC21T26F,,无等级,,60677.0
永康济生中西医结合诊所,91330784MADBDHWJ7L,,无等级,,60586.0
永康济通中西医结合诊所,91330784MAD9ER6X7F,,无等级,,60684.0
永康海川西医诊所,91330784MACMLDG94T,,无等级,,60707.0
永康海沙西医诊所,91330784MAD9HEQ134,,无等级,,60690.0
永康海泓西医诊所,91330784MACNJ1G40M,,无等级,,60711.0
永康海浪西医诊所,91330784MACJ2HDB6U,,无等级,,60717.0
永康海涛中西医结合诊所,91330784MAD304TGX4,,无等级,,60296.0
永康海淋西医诊所,91330784MACFY5RN16,,无等级,,60720.0
永康涌川西医诊所,91330784MADMPGT216,,无等级,,60319.0
永康淑扬口腔诊所,91330784MACM21KXXU,,无等级,,60317.0
永康清匀中医诊所,91330784MAD8GB4L23,,无等级,,60628.0
永康清源西医诊所,92330784MA29MCL80L,,无等级,,60391.0
永康渤川中西医结合诊所,91330784MADEWF1EXQ,,无等级,,60675.0
永康温汉武口腔诊所,92330784MA2M6KQX3P,,无等级,,60787.0
永康源见医疗美容诊所,91330784MACXUL4A7E,,无等级,,60682.0
永康潘桂芳西医诊所,92330784MA2EA2TR9K,,无等级,,60774.0
永康爱平西医诊所,91330784MAEDXGJ848,,无等级,,60564.0
永康王伟剑西医诊所,92330784MADKDUND4X,,无等级,,60670.0
永康王元豪西医诊所,92330784MA2FNKDM7R,,无等级,,60555.0
永康王天放中医诊所,92330784MA2FKG9Y20,,无等级,,60766.0
永康王岩通西医诊所,92330784MAEADFBQ69,,无等级,,60579.0
永康王志森口腔诊所,91330784MA7BPUP82Y,,无等级,,60585.0
永康王文秋西医诊所,92330784MA2FQ2RW5K,,无等级,,60781.0
永康王月平中医诊所,92330784MA29PEWN5X,,无等级,,60659.0
永康王杰伟中医诊所,92330784MA29LPBX12,,无等级,,60794.0
永康王毅君西医诊所,92330784MA2HQ4Q71F,,无等级,,60543.0
永康王永祥西医诊所,92330784MAD90A9B3M,,无等级,,60691.0
永康王清珍西医诊所,92330784MA2M66M18B,,无等级,,60761.0
永康王灵芝西医诊所,92330784MA2M3GU79P,,无等级,,60899.0
永康王玲芝西医诊所,92330784MA2M3HW66A,,无等级,,60843.0
永康王裕芳西医诊所,92330784MA2FLK7H74,,无等级,,60298.0
永康王跃军口腔诊所,92330784MA2FQ0AF29,,无等级,,60817.0
永康王金爱中医诊所,92330784MA2FQBCJ8R,,无等级,,60863.0
永康王金香西医诊所,92330784MA2FNEQC18,,无等级,,60824.0
永康玲燕口腔诊所,91330784MAE5QQUP5C,,无等级,,60595.0
永康珍明中西医结合诊所,91330784MADR74YE5D,,无等级,,60645.0
永康田克斌口腔诊所,92330784MA2DFHAP97,,无等级,,60821.0
永康益视眼科诊所,91330784MADN9AAJ79,,无等级,,60637.0
永康祥泰口腔诊所,91330784MADB1YT03B,,无等级,,60312.0
永康科雅口腔诊所,91330784MADKQYQF10,,无等级,,60638.0
永康程俊标西医诊所,92330784MA2E7NJC3F,,无等级,,60722.0
永康程军毅西医诊所,92330784MA2FQH4X83,,无等级,,60310.0
永康程政蔚西医诊所,92330784MA2HRYCM2G,,无等级,,60688.0
永康程歆西医诊所,92330784MA2HTF232G,,无等级,,60562.0
永康程莉莉西医诊所,92330784MA2FK6E76Q,,无等级,,60660.0
永康程高虎中医诊所,92330784MA2FLW137L,,无等级,,60887.0
永康章晓娅口腔诊所,92330784MADP6G149H,,无等级,,60636.0
永康米度医疗美容诊所,91330784MAD9H9C530,,无等级,,60674.0
永康米斯悦医疗美容诊所,91330784MA2M4AEE32,,无等级,,60810.0
永康红新口腔诊所,92330784MA2HW1EB27,,无等级,,60531.0
永康缪添兵口腔诊所,92330784MA2K0EWA20,,无等级,,60872.0
永康罗婧口腔诊所,92330784MA2EBHN651,,无等级,,60750.0
永康美原子觅星颜医疗美容诊所,91330784MAC9T8M66M,,无等级,,60665.0
永康美艺黛妮尔医疗美容诊所,91330784MADXKFLY2J,,无等级,,60307.0
永康胡丽贞西医诊所,92330784MA2HUWU16E,,无等级,,60876.0
永康胡军中医诊所,92330784MA2FLYRW5Y,,无等级,,60778.0
永康胡华锋中医诊所,92330784MAC95PDEXE,,无等级,,60799.0
永康胡博恩口腔诊所,92330784MA2DBU5F9U,,无等级,,60850.0
永康胡响亮中医诊所,92330784MA2FP4YWX1,,无等级,,60811.0
永康胡响进口腔诊所,92330784MA2FM2CU15,,无等级,,60815.0
永康胡妹子口腔诊所,92330784MA2DF81453,,无等级,,60746.0
永康胡安厂中医诊所,92330784MA2FP6WC9M,,无等级,,60803.0
永康胡小愚西医诊所,92330784MA2FP42B43,,无等级,,60802.0
永康胡巍芳西医诊所,92330784MADHCG8498,,无等级,,60656.0
永康胡平康西医诊所,92330784MA2FNJ8539,,无等级,,60826.0
永康胡建江西医诊所,92330784MA2FP6QC03,,无等级,,60287.0
永康胡振有西医诊所,92330784MA2FP7Y06J,,无等级,,60743.0
永康胡昌多西医诊所,92330784MACB3P1BXW,,无等级,,60559.0
永康胡春姬西医诊所,92330784MA29QMY15X,,无等级,,60827.0
永康胡晓口腔诊所,92330784MA2FP7QG61,,无等级,,60860.0
永康胡晓慧西医诊所,92330784MA2DB49781,,无等级,,60547.0
永康胡晓琍西医诊所,92330784MA2E9K330H,,无等级,,60567.0
永康胡晓红西医诊所,92330784MA7LMJ7H47,,无等级,,60561.0
永康胡晓艳西医诊所,92330784MA2HTT3R3F,,无等级,,60545.0
永康胡晓青西医诊所,92330784MA2FP3GHXY,,无等级,,60775.0
永康胡杰浩口腔诊所,92330784MA2FQ1GP54,,无等级,,60878.0
永康胡洪涛西医诊所,92330784MA2FJ77K5R,,无等级,,60554.0
永康胡源西医诊所,92330784MA28QXJ51Q,,无等级,,60814.0
永康胡珍珍西医诊所,92330784MAC4HH79XU,,无等级,,60706.0
永康胡琛璐西医诊所,92330784MACXA53Q9A,,无等级,,60372.0
永康胡琦美中医诊所,92330784MA2HQ05P4G,,无等级,,60664.0
永康胡益屏西医诊所,92330784MA28PA1P2W,,无等级,,60552.0
永康胡苏晓西医诊所,92330784MA2FL8Q819,,无等级,,60804.0
永康胡英鹏口腔诊所,92330784MA29MTTX2P,,无等级,,60770.0
永康胡莹莹口腔诊所,92330784MA2E997J75,,无等级,,60606.0
永康胡静口腔诊所,92330784MA2FPUNT6G,,无等级,,60655.0
永康胡颖飞西医诊所,92330784MA2FKEK41C,,无等级,,60553.0
永康臻星医疗美容诊所,91330784MAEJ8L3420,,无等级,,60293.0
永康臻禧医疗美容诊所,91330784MADJ6Y1L1L,,无等级,,60614.0
永康臻蓉颜医疗美容诊所,91330784MA2EC95T2W,,无等级,,60731.0
永康舒小玲西医诊所,92330784MA2E9XKF27,,无等级,,60550.0
永康舒成新口腔诊所,92330784MA2FPPU267,,无等级,,60603.0
永康艾尚口腔诊所,91330784MACTDDF31C,,无等级,,60703.0
永康苏金水西医诊所,92330784MA2M1N7038,,无等级,,60823.0
永康范慧明口腔诊所,92330784MA2FMBQA1Q,,无等级,,60841.0
永康萌芽口腔诊所,91330784MA2M1YLQ5X,,无等级,,60446.0
永康萍子医疗美容诊所,91330784MADT3MRH4F,,无等级,,60620.0
永康董君瑞口腔诊所,92330784MA29P5TC1T,,无等级,,60859.0
永康蒋应君西医诊所,92330784MA29LJC01M,,无等级,,60582.0
永康蓉蓉西医诊所,91330784MADRFW1M0U,,无等级,,60639.0
永康薇阁医疗美容诊所,91330784MAD0KRDG79,,无等级,,60697.0
永康薛艮富西医诊所,92330784MA8G6P9E9T,,无等级,,60748.0
永康蜜美医疗美容诊所,91330784MAD204K86A,,无等级,,60649.0
永康裘敏航西医诊所,92330784MA2HR58X80,,无等级,,60861.0
永康西正口腔诊所,92330784MA2E83902B,,无等级,,60572.0
永康貌雅口腔诊所,91330784MA7LRJBG9E,,无等级,,60663.0
永康贾国勇中医诊所,92330784MA29QLXWX7,,无等级,,60779.0
永康赵巧姿西医诊所,92330784MA2FN3470Y,,无等级,,60873.0
永康赵文通西医诊所,92330784MA2HRT6N98,,无等级,,60848.0
永康赵爱媛西医诊所,92330784MA2M82EQ18,,无等级,,60782.0
永康赵红霞西医诊所,92330784MA2FJH0X4H,,无等级,,60825.0
永康赵艳口腔诊所,92330784MA2E5BQQ9H,,无等级,,60822.0
永康邵春西医诊所,92330784MA2FKLKM8Y,,无等级,,60532.0
永康邵红敏西医诊所,92330784MA2FKF2H60,,无等级,,60538.0
永康邵雄果口腔诊所,92330784MA2FP56E7D,,无等级,,60613.0
永康郎高雄中医诊所,92330784MA2MPXMW94,,无等级,,60792.0
永康郑子雍西医诊所,92330784MA2FK4P2XF,,无等级,,60544.0
永康酷齿口腔诊所,91330784MACXPAMB29,,无等级,,60316.0
永康金旭珍口腔诊所,92330784MA2EEJ0M1M,,无等级,,60769.0
永康金晓岚西医诊所,92330784MA2DDCJ31K,,无等级,,60875.0
永康金秀梅西医诊所,92330784MA2DDQWG99,,无等级,,60816.0
永康金红艳西医诊所,92330784MA2EB6H24X,,无等级,,60758.0
永康金蓓蕾西医诊所,92330784MA2FP3MU48,,无等级,,60542.0
永康铭仁中医诊所,91330784MACD2L0RXG,,无等级,,60604.0
永康铭依口腔诊所,91330784MADEBW7Q8E,,无等级,,60600.0
永康铭和西医诊所,92330784MA2M4N89XY,,无等级,,60574.0
永康铭康中西医结合诊所,91330784MACBHD1L53,,无等级,,60575.0
永康铭德西医诊所,91330784MAD5P8PA4K,,无等级,,60323.0
永康铭心中西医结合诊所,91330784MACHXBBQ74,,无等级,,60709.0
永康铭惠西医诊所,91330784MAD62TUC5H,,无等级,,60325.0
永康铭楷西医诊所,91330784MADG5YKQ5E,,无等级,,60328.0
永康铭沁西医诊所,91330784MACYW0E970,,无等级,,60322.0
永康铭泓西医诊所,91330784MAEBH90T79,,无等级,,60581.0
永康铭济西医诊所,91330784MACYXPBE2J,,无等级,,60320.0
永康铭润中西医结合诊所,91330784MAD0YLLX7F,,无等级,,60327.0
永康铭源西医诊所,91330784MACKPQP03P,,无等级,,60324.0
永康铭溢西医诊所,91330784MAD0YP8Y3M,,无等级,,60698.0
永康铭瀚西医诊所,91330784MACYXMEB9P,,无等级,,60699.0
永康铭爱西医诊所,92330784MAC5091W6B,,无等级,,60326.0
永康铭盛西医诊所,91330784MAC8EXBD9M,,无等级,,60501.0
永康铭福中西医结合诊所,91330784MADELFQUXT,,无等级,,60584.0
永康铭程西医诊所,91330784MADCAFX66P,,无等级,,60680.0
永康铭至西医诊所,91330784MAEB6K8N9U,,无等级,,60576.0
永康铭铵西医诊所,91330784MAC92UEK2E,,无等级,,60321.0
永康铭锋西医诊所,91330784MAE3ML7H6E,,无等级,,60598.0
永康陈兴有西医诊所,92330784MA7K9A5Q99,,无等级,,60852.0
永康陈勋中医诊所,92330784MA2FKNF876,,无等级,,60580.0
永康陈志伟西医诊所,92330784MA2E66061H,,无等级,,60768.0
永康陈扬美口腔诊所,92330784MA2FPNAT42,,无等级,,60763.0
永康陈桂仙口腔诊所,92330784MA2FP77W6W,,无等级,,60793.0
永康陈洪斌西医诊所,92330784MA2FMEXA44,,无等级,,60541.0
永康陈火林中医诊所,92330784MA2FLW4790,,无等级,,60898.0
永康陈秀群西医诊所,92330784MA28QN3M1H,,无等级,,60302.0
永康陈美姣西医诊所,92330784MA2FP4L48E,,无等级,,60897.0
永康陈美琛西医诊所,92330784MA2FN1GUX3,,无等级,,60783.0
永康陈荣栽口腔诊所,92330784MA29MYAT2N,,无等级,,60845.0
永康陈金委西医诊所,92330784MAC3MHDW2A,,无等级,,60739.0
永康陈雁鸣西医诊所,92330784MA2FP4DY2Y,,无等级,,60882.0
永康雅康口腔诊所,91330784MACDTQ2025,,无等级,,60318.0
永康雅洁口腔诊所,91330784MACLRDN4X9,,无等级,,60640.0
永康雷学员中西医结合诊所,92330784MA7E3XG19X,,无等级,,60786.0
永康露西亚西医诊所,91330784MADEX2252B,,无等级,,60668.0
永康韩古妃医疗美容诊所,92330784MA2JYLL47W,,无等级,,60594.0
永康韩法斋西医诊所,92330784MAD8PEE79W,,无等级,,60692.0
永康韩芳芳口腔诊所,92330784MAE2R7PK3D,,无等级,,60611.0
永康高方明西医诊所,92330784MA2FNLQE78,,无等级,,60548.0
永康高贤良皮肤科诊所,92330784MA2K1X995G,,无等级,,60737.0
永康高镇西医诊所,92330784MA2FQB9U95,,无等级,,60289.0
永康黄兆阳西医诊所,92330784MAC51WJR80,,无等级,,60734.0
永康黄晓峰口腔诊所,92330784MA29Q0HW0Q,,无等级,,60732.0
永康黄海洲西医诊所,92330784MABTFYJ687,,无等级,,60738.0
永康黄绍嫦西医眼科诊所,92330784MA2FK3TY4Q,,无等级,,60629.0
永康黄荣月口腔诊所,92330784MA2M6UUY4N,,无等级,,60744.0
永康黄莉姜西医诊所,92330784MA29LQDR86,,无等级,,60536.0
永康黄雪鹏中医诊所,92330784MABM2M9X50,,无等级,,60870.0
永康龚晓莉西医诊所,92330784MABQUD4C3B,,无等级,,60727.0
永明口腔诊所,92330411MA2B82TA6C,,无等级,,51308.0
永贞中西医结合诊所（杭州）,91330102MA8GEFUJXJ,,无等级,,36714.0
江北区慈城镇白米湾村卫生室,12330205419550490N,无级别,无级别,未定级,41759.0
江北文教伊来美医疗美容诊所,91330205MA2KPNT022,,无等级,,41738.0
江北甬江陈敏口腔诊所,92330205MA2EM2Q47A,,无等级,,41831.0
江山一诺口腔诊所,91330881MA2DH08L87,,无等级,,61364.0
江山严忠民中医诊所,92330881MAEQAIPU88,,无等级,,61303.0
江山严荣新诊所,92330881MA28FWUM8Y,,无等级,,61188.0
江山刘凤玲口腔诊所,92330881MA2DH9579R,,无等级,,61400.0
江山刘斯进口腔诊所,92330881MA2DH7YM0U,,无等级,,61172.0
江山刘日才中医诊所,92330881MA29TRTY35,,无等级,,61402.0
江山可恩口腔城南诊所,91330881MA2DL8BP3W,,无等级,,61216.0
江山叶立强中医诊所,92330881MA7M9X9X64,,无等级,,61411.0
江山启宸口腔诊所,91330881MAEJJEN59E,,无等级,,61171.0
江山吴水华诊所,92330881MACJ0C4X48,,无等级,,61382.0
江山吴致定中医诊所,92330881ma2fukax6e,,无等级,,61229.0
江山周建春诊所,92330881MA2DKBYT5W,,无等级,,61332.0
江山周恰恰口腔诊所,92330881MA2FU60R5G,,无等级,,61367.0
江山周生海诊所,92330881MA28F94BXR,,无等级,,61388.0
江山周芝燕口腔诊所,92330881MA28FDCF4T,,无等级,,61355.0
江山壹加口腔峡口诊所,91330881MADBHQW321,,无等级,,61351.0
江山夏德武诊所,92330881MAEQ2LN789,,无等级,,61242.0
江山姜小华口腔诊所,92330881MA2DG4PA1E,,无等级,,61390.0
江山姜岳文中医诊所,92330881MA2DLBPN4M,,无等级,,61401.0
江山姜济云中医诊所,TE3308813300185330,,无等级,,61408.0
江山姜纪容诊所,92330881MA2DH0HDX1,,无等级,,61422.0
江山姜芬口腔诊所,92330881MA29TPC95P,,无等级,,61368.0
江山姜魏巍口腔诊所,92330881MA2DGHHW6C,,无等级,,61363.0
江山小满口腔诊所,TE3308813300708120,,无等级,,61210.0
江山市上余镇方家村卫生室（院办）,123308814720613110,无级别,无级别,未定级,61150.0
江山市元安健康管理有限公司南市街全科诊所,92330881MA2FUPGC6U,,无等级,,61348.0
江山市医仁居健康管理有限公司中医诊所,91330881MA2DLE2K1T,,无等级,,61237.0
江山市医和堂医药有限公司中西医结合诊所,913308810669097789,,无等级,,61387.0
江山市双塔街道坳里村卫生室（院办）,12330881577741719C,未定级,未定级,无级别,61146.0
江山市峡口镇养老服务中心诊所,12330881307372749E,,无等级,,61343.0
江山市康隆门诊服务有限公司石门诊所,91330881MAC3B54R1R,,无等级,,61420.0
江山市清湖街道前村村卫生室（院办）,12330881472060562C,无级别,无级别,一级,61144.0
江山市石门镇长山源村卫生室（院办）,12330881472060482Q,无级别,无级别,一级,61149.0
江山市虎山街道社区卫生服务中心,1233088147206044X8,一级,一级,无级别,61127.0
江山市贺村镇丰益村卫生室（院办）,12330881472061506R,无级别,无级别,一级,61147.0
江山市贺村镇淤头中心卫生院,12330881472061469K,一级,一级,无级别,61131.0
江山市长台镇金檀村卫生室（院办）,12330881472060597Y,无级别,无级别,一级,61148.0
江山广剂中西医结合诊所,91330881313693549M,,无等级,,61170.0
江山张炳荣西医诊所,92330881MA2FUHQF2L,,无等级,,61417.0
江山徐丽华诊所,92330881MA2FW7MF0W,,无等级,,61399.0
江山徐华口腔诊所,92330881MA28FWHM5W,,无等级,,61309.0
江山徐善水诊所,92330881MA2FW7CW6R,,无等级,,61405.0
江山徐建芳中医诊所,TE3308813300188150,,无等级,,61421.0
江山徐深成口腔诊所,92330881MA2DKKLT74,,无等级,,61423.0
江山徐盛口腔诊所,92330881MA2FT2W52W,,无等级,,61385.0
江山徐荣诊所,92330881MA29T4PT4B,,无等级,,61381.0
江山心怡健康管理有限公司心怡诊所,91330881MA2DL7FH0W,,无等级,,61419.0
江山控颜时代医疗美容诊所,91330881MACRYGX7X7,,无等级,,61378.0
江山朱俊善诊所,92330881MA29TGX86P,,无等级,,61404.0
江山朱源清诊所,92330881MACH4HXY0B,,无等级,,61376.0
江山朱炬兴中医诊所,92330881MA2FU7736U,,无等级,,61386.0
江山杨小华诊所,92330881MA2DG6JP1X,,无等级,,61379.0
江山柴伟东诊所,92330881MAC4PBCF8A,,无等级,,61360.0
江山欣享蓉医疗美容诊所,91330881MAD7AABGXU,,无等级,,61349.0
江山毛利艳口腔诊所,92330881MA29U20K1H,,无等级,,61354.0
江山毛卓强口腔诊所,92330881MA28FJAA7P,,无等级,,61362.0
江山毛继良诊所,92330881MABYJT3BXN,,无等级,,61425.0
江山江赛清中医诊所,92330881MA2DK5J57X,,无等级,,61406.0
江山王剑口腔诊所,92330881MA2FUNQH54,,无等级,,61414.0
江山王华诊所,92330881MA29T5AL6Q,,无等级,,61352.0
江山王巧珍诊所,92330881MADNLJUA0H,,无等级,,61167.0
江山王忠中医诊所,92330881MA2FT4TQ0D,,无等级,,61403.0
江山王水勇诊所,92330881MA2DKQMR3G,,无等级,,61397.0
江山王永爱诊所,92330881MA29T43K06,,无等级,,61383.0
江山王江滨口腔诊所,92330881MA2FUQX92D,,无等级,,61365.0
江山王淑梅口腔诊所,92330881MA2FRUPW4B,,无等级,,61396.0
江山王锡亮中医诊所,92330881MA2DKET20K,,无等级,,61371.0
江山玥禧口腔诊所,91330881MACT8FA462,,无等级,,61359.0
江山益延堂中医综合诊所,92330881MAD3AC430X,,无等级,,61370.0
江山祝世荣口腔诊所,92330881MA2DG3YL6Q,,无等级,,61415.0
江山祝利芽口腔诊所,92330881MA2FUPAA18,,无等级,,61366.0
江山祝希奇口腔诊所,92330881MA2FW7NG53,,无等级,,61412.0
江山祝林波口腔诊所,92330881MACGM89R3X,,无等级,,61416.0
江山程小萍妇科诊所,92330881MA29TW5651,,无等级,,61391.0
江山程春红口腔诊所,92330881MAEQT4EW6H,,无等级,,61299.0
江山胭脂今生医疗美容诊所,92330881MADKR03991,,无等级,,61304.0
江山语卿医疗美容诊所,91330881MADCXH6813,,无等级,,61357.0
江山贝壳口腔诊所,91330881MA2DJHFX8T,,无等级,,61160.0
江山赵瑞蓉中医诊所,92330881MA28FA1Q66,,无等级,,61418.0
江山郑元根诊所,92330881MA2FTENB77,,无等级,,61374.0
江山郑小红口腔诊所,92330881MA28F95B68,,无等级,,61384.0
江山郑立强口腔诊所,92330881MA2DL0R843,,无等级,,61377.0
江山郑英龙口腔诊所,92330881MA28FBFT2J,,无等级,,61413.0
江山郑邦江中医诊所,92330881MA29T63J8C,,无等级,,61410.0
江山陈兴国诊所,92330881MA29U12G9B,,无等级,,61424.0
江山陈利芬医疗美容诊所,92330881MA2DG88612,,无等级,,61394.0
江山陈国良中西医结合诊所,92330881MA29TQEJ2A,,无等级,,61341.0
江山陈惠权中医综合诊所,92330881MA2DGQL47A,,无等级,,61407.0
江山陈骞口腔诊所,92330881MA2DGARP3Q,,无等级,,61345.0
江山雅熙医疗美容诊所,91330881MAE1Q0UM6F,,无等级,,61335.0
江山颜十九医疗美容诊所,91330881MADHA2D17K,,无等级,,61356.0
江山鹏泽口腔门诊有限公司黄氏口腔诊所,91330881MA2DGATR2G,,无等级,,61340.0
江艳芳西医诊所,92330702MA2EBUTK3E,,无等级,,57699.0
池佳佳儿科诊所,92330302MA2BXP9W8Q,,无等级,,48840.0
汤氏牙科诊所,92330402MA2B86MM0L,,无等级,,51107.0
沈家门东大诊所,92330903MA28KWRD2X,,无等级,,63197.0
沈家门中洲诊所,92330903MA2ETW2YX6,,无等级,,63215.0
沈家门乐勇中医诊所,92330903MA2ETAD01W,,无等级,,63192.0
沈家门乐诚口腔诊所,92330903MA2ETWT03Y,,无等级,,63210.0
沈家门仁心诊所,91330903MA2A35CX67,,无等级,,63149.0
沈家门兴影诊所,91330900MA2A3MF36M,,无等级,,63158.0
沈家门和谐口腔诊所,92330903MA2EU4U332,,无等级,,63159.0
沈家门和馨口腔诊所,92330903MA2A3CJ93T,,无等级,,63204.0
沈家门天打岩诊所,91330903MA2A370T22,,无等级,,63184.0
沈家门广群诊所,91330903MA28K6UT1P,,无等级,,63216.0
沈家门教场诊所,92330903MA28KU1J0D,,无等级,,63179.0
沈家门李莲芝妇科诊所,91330900MA2A3RQD1G,,无等级,,63118.0
沈家门浙康口腔诊所,91330903MA2A24NU3M,,无等级,,63193.0
沈家门海欣诊所,92330903MA2A3JB75J,,无等级,,63206.0
沈家门滨港中医诊所,92330903MA2A3KK40L,,无等级,,63161.0
沈家门益康中西医结合诊所,92330903MA28KN990D,,无等级,,63190.0
沈家门美呀口腔诊所,91330903MA2A254266,,无等级,,63172.0
沈家门舟济诊所,91330903MA28KUQ12P,,无等级,,63143.0
沈家门范系王氏福宇中医诊所,92330903MA2EU2FT5D,,无等级,,63160.0
沈家门荷外中西医结合诊所,92330903MA2EU0GK24,,无等级,,63209.0
沈家门金源诊所,91330903MA28KBHF8D,,无等级,,63151.0
沈家门鲁家峙中西医结合诊所,92330903MA28KD3NXH,,无等级,,63203.0
沈更新内科诊所,92330402MA29G5B77L,,无等级,,51091.0
油车港友合内科诊所,92330411MAD8GE9J65,,无等级,,51311.0
泰顺华桦医疗美容诊所有限公司,91330329MA7KPLN835,,无等级,,47779.0
泰顺县何克族中医诊所,TE3303293300470360,,无等级,,47789.0
泰顺县叶朝亮中医综合诊所,TE3303293300528140,,无等级,,47791.0
泰顺县希洛缇医疗美容诊所有限公司,91330329MA2CRCDJXH,,无等级,,47767.0
泰顺县徐克生中医诊所,TE3303293300411890,,无等级,,47786.0
泰顺县慕研医疗美容诊所有限公司,91330329MAC2YELAXA,,无等级,,47777.0
泰顺县杨传俭中医诊所,TE3303293300487750,,无等级,,47793.0
泰顺县林延柱中医诊所,TE3303293300462000,,无等级,,47780.0
泰顺县翁孔练中医综合诊所,TE3303293300497790,,无等级,,47792.0
泰顺县翁秀芳中医诊所合伙企业（普通合伙）,91330329MADYR96U7U,,无等级,,47766.0
泰顺县舒雨微中医诊所,TE3303293300471080,,无等级,,47790.0
泰顺县董宏生中医诊所,TE3303293300362690,,无等级,,47781.0
泰顺县蓝成其外科诊所,92330329MAD67L44X0,,无等级,,47776.0
泰顺县锐康诊所有限公司,92330329MAD461MY84,,无等级,,47637.0
泰顺县陈黎丽中医诊所,TE3303293300179270,,无等级,,47788.0
泰顺县陶慧敏中医诊所,TE3303293300194630,,无等级,,47787.0
泰顺县雷宜通内科诊所,92330329MA287N2A3R,,无等级,,47784.0
泰顺县黄期高中医诊所,TE3303293300362710,,无等级,,47650.0
泰顺好美尊尚医疗美容诊所有限公司,91330329MAC3H54T03,,无等级,,47765.0
泰顺张勇强外科诊所有限公司,91330329MA2L3MQM1P,,无等级,,47783.0
泰顺颐和诊所有限公司,91330329MAEQTN9C2A,,无等级,,47638.0
洪合宏浩口腔诊所,91330411MADH2N0A12,,无等级,,51298.0
洪合康和诊所,91330411MADMRMPT4K,,无等级,,51264.0
洪合陈医师诊所,92330411MA2CWYD79G,,无等级,,51321.0
洪霞诊所,92330702MA2DFRFJ9F,,无等级,,57697.0
济春堂（丽水）中医综合诊所,91331102MAK404JX9J,,无等级,,67415.0
浙江东阳众高诊所,91330783MA2EDLJ29C,,无等级,,56071.0
浙江为老健康管理服务有限公司萧山义桥蛟山诊所,91330109MA2J0BMR9M,,无等级,,38293.0
浙江仲方健康管理有限公司萧山金风诊所,91330109MA2HXJ5938,,无等级,,38619.0
浙江优你可妇科诊所,9133000068913637XP,,无等级,,34708.0
浙江伦身健康管理有限公司衢州柯城云杏堂诊所,91330802MA2DGBU94M,,无等级,,62068.0
浙江保锦堂医疗有限公司临海杜桥滨海西路中医（综合）诊所,91331082MACLBT5T65,,无等级,,63679.0
浙江保锦堂医疗有限公司椒江白云诊所,91331002MA2MAH3R19,,无等级,,64785.0
浙江保锦堂医疗有限公司椒江解放路诊所,91331002MA2DXNAY7B,,无等级,,64824.0
浙江值的医疗科技有限责任公司萧山民和路诊所,91330109MA7GUH8G6F,,无等级,,37903.0
浙江健一行医药零售连锁有限公司紫荆中医诊所,91330802MA29UNN36K,,无等级,,62203.0
浙江创越健康管理有限公司衢州柯城肤之言医疗美容诊所,91330800MACUJ9U13G,,无等级,,62277.0
浙江华仁医学科技有限公司钱塘医疗美容诊所,91330114MA8GH1UA4B,,无等级,,36883.0
浙江华帆健康管理有限公司龙游同林诊所,91330825MABUG0EHX8,,无等级,,61883.0
浙江华通医药连锁有限公司诸暨大药房中医坐堂医诊所,TE3306813300454860,,无等级,,55924.0
浙江启峰医疗信息咨询有限公司萧山瓜沥横埂头内科诊所,91330109MA2GNBQT3A,,无等级,,38491.0
浙江国力医院管理有限公司余杭西溪中医诊所,91330110MA28XFX68D,,无等级,,39120.0
浙江大学医学院附属口腔医院,12330000470003281H,三级,三级,未定级,32784.0
浙江大学医学院附属邵逸夫医院,12330000470003265U,三级,三级,未定级,32787.0
浙江安吉管愿愿医疗美容诊所,91330523MACMNRJ418,,无等级,,52057.0
浙江家家健康实业有限公司临平保健路诊所,91330110MA27XGH09T,,无等级,,35417.0
浙江家家健康实业有限公司临平星光街诊所,91330113MACCGCKN55,,无等级,,35273.0
浙江家家健康实业有限公司杭州萧山闻堰中医诊所,91330109MA27W4264G,,无等级,,38522.0
浙江家家健康实业有限公司萧山金色钱塘诊所,91330109MA7G3LTM2A,,无等级,,38520.0
浙江家家健康控股股份有限公司临平乔司诊所,91330110MA28U5YX1D,,无等级,,35650.0
浙江家家健康控股股份有限公司临平九曲营路中医诊所,91330110MA27XA8L7T,,无等级,,35638.0
浙江家家健康控股股份有限公司临平南苑府前路诊所,91330110MA27YAU191,,无等级,,35646.0
浙江家家健康控股股份有限公司临平南苑政法中医诊所,91330110MA27XEKE70,,无等级,,35402.0
浙江家家健康控股股份有限公司临平南苑街道新颜南路诊所,91330110MA28NCCN0Q,,无等级,,35647.0
浙江家家健康控股股份有限公司临平南苑龙湖路诊所,91330110MA28WX82XG,,无等级,,35649.0
浙江家家健康控股股份有限公司临平星桥诊所,91330110MA2B0F407D,,无等级,,35418.0
浙江家家健康控股股份有限公司临平梅堰诊所,91330110MA28XQ0F1D,,无等级,,35648.0
浙江家家健康控股股份有限公司临平红枫中西医结合诊所,91330110MA27Y8QL1C,,无等级,,35608.0
浙江家家健康控股股份有限公司临平邱山诊所,91330110MA27XHM38Q,,无等级,,35637.0
浙江家家健康控股股份有限公司余杭凤新路中医诊所,91330110MA27XGH33B,,无等级,,38789.0
浙江家家健康控股股份有限公司余杭山西园路诊所,91330110MA27XJ439J,,无等级,,39132.0
浙江家家健康控股股份有限公司余杭狮山路诊所,91330110MA27XJJC88,,无等级,,39099.0
浙江家家健康控股股份有限公司富阳体育馆路中西医结合诊所,91330183MA28MQRJ6P,,无等级,,33955.0
浙江家家健康控股股份有限公司富阳永兴路诊所,91330183MA2GM9D37F,,无等级,,33882.0
浙江家家健康控股股份有限公司富阳金浦路中医诊所,91330183MA28M3DC7Q,,无等级,,33798.0
浙江家家健康控股股份有限公司春晓路诊所,91330108MA27Y7Q820,,无等级,,33503.0
浙江家家健康控股股份有限公司杭州丁兰西医诊所,91330104MA2B1JX59E,,无等级,,36733.0
浙江家家健康控股股份有限公司杭州丁桥西医诊所,91330104MA2GK0F771,,无等级,,36641.0
浙江家家健康控股股份有限公司杭州下城华悦诊所,91330103MA2CG3L861,,无等级,,34059.0
浙江家家健康控股股份有限公司杭州下城杭玻街西医内科诊所,91330103MA28X1AG59,,无等级,,34412.0
浙江家家健康控股股份有限公司杭州下城莫衙营西医内科诊所,91330103MA28MTMQX1,,无等级,,34863.0
浙江家家健康控股股份有限公司杭州会林路诊所,91330104MA28NT5W69,,无等级,,36724.0
浙江家家健康控股股份有限公司杭州拱墅半山路中西医结合诊所,91330105MA280A4A25,,无等级,,34209.0
浙江家家健康控股股份有限公司杭州拱墅回龙路诊所,91330103MA28MXRW1T,,无等级,,34553.0
浙江家家健康控股股份有限公司杭州拱墅广业街西医诊所,91330105MA28061N99,,无等级,,34843.0
浙江家家健康控股股份有限公司杭州拱墅德胜巷诊所,91330105MA7MCMKF5M,,无等级,,34842.0
浙江家家健康控股股份有限公司杭州拱墅湖墅南路西医诊所,91330105MA28MMQQ6K,,无等级,,34844.0
浙江家家健康控股股份有限公司杭州祥符诊所,91330105MA2GK0DD3X,,无等级,,34208.0
浙江家家健康控股股份有限公司杭州金河弄诊所,91330108MA2B0KU73U,,无等级,,33400.0
浙江家家健康控股股份有限公司湖州建设南路诊所,91330502MA2B5KC337,,无等级,,52804.0
浙江家家健康控股股份有限公司萧山北干诊所,91330109MA28TB4L3W,,无等级,,38608.0
浙江家家健康控股股份有限公司萧山城北诊所,91330109MA2B0P0X97,,无等级,,38152.0
浙江家家健康控股股份有限公司萧山山阴路诊所,91330109MA2KH7254Y,,无等级,,38610.0
浙江家家健康控股股份有限公司萧山崇化诊所,91330109MA28WHD1XP,,无等级,,38478.0
浙江家家健康控股股份有限公司萧山建设四路诊所,91330109MA2802CD62,,无等级,,38257.0
浙江家家健康控股股份有限公司萧山新街枫香路诊所,91330109MA2CFRW00H,,无等级,,38680.0
浙江家家健康控股股份有限公司萧山永晖路诊所,91330109MA2KJ65C97,,无等级,,38411.0
浙江家家健康控股股份有限公司萧山瓜沥东灵诊所,91330109MA2CF9CH3X,,无等级,,38098.0
浙江家家健康控股股份有限公司萧山知稼苑诊所,91330109MA2B0B0359,,无等级,,38640.0
浙江家家健康控股股份有限公司萧山美之园诊所,91330109MA7BLKHH6Y,,无等级,,38698.0
浙江家家健康控股股份有限公司萧山育才诊所,91330109MA2AX8XM1C,,无等级,,38481.0
浙江家家健康控股股份有限公司萧山苎萝路诊所,91330109MABPGD010Q,,无等级,,38224.0
浙江家家健康控股股份有限公司萧山萧然东路诊所,91330109MA27XUHFXA,,无等级,,38641.0
浙江容伯健康管理有限公司龙游云杏堂中医综合诊所,91330825MAD4TC5FX8,,无等级,,61688.0
浙江寿之道健康管理有限公司萧山所前袄庄陈诊所,91330109MA2GMHDB43,,无等级,,38307.0
浙江寿仙谷医药股份有限公司武义中西医诊所,91330723063180774D,,无等级,,58725.0
浙江延福堂医药连锁有限公司壶山店中医坐堂医诊所,91330723569357872B,,无等级,,58898.0
浙江思柏美业管理有限公司杭州临安汇锦华庭医疗美容诊所,91330185MA2KFGP46Y,,无等级,,35040.0
浙江慈信堂健康管理有限公司衢州柯城中医诊所,91330802MA28F3CL6K,,无等级,,62014.0
浙江昊屹生物医药科技有限公司杭州三坝中医（综合）诊所,91330106MA7EMW2D94,,无等级,,37482.0
浙江极艾美健康管理有限公司衢州柯城蔚蓝医疗美容诊所,91330802MAD1BWAX2W,,无等级,,62234.0
浙江泊洱道健康产业有限公司杭州明月桥路诊所,91330102MACJR98E3R,,无等级,,36231.0
浙江济龙堂健康管理有限公司龙游显济堂中医综合诊所,91330825MAC9BW8G69,,无等级,,61879.0
浙江淯乔健康管理有限公司衢州柯城淯乔诊所,91330800MA2DJCFD03,,无等级,,62236.0
浙江湖州华圣医药零售连锁有限公司中医诊所,91330502MA2JJPXG0F,,无等级,,52705.0
浙江源始天医健康科技有限责任公司源始天医中医诊所,91331123MA2E44CE7P,,无等级,,68712.0
浙江爱呀医疗管理有限公司义乌大陈口腔诊所,91330782MA2EDJT27N,,无等级,,59865.0
浙江爱呀医疗管理有限公司义乌柳青口腔诊所,91330782MA2EC9WC5D,,无等级,,59850.0
浙江爱呀医疗管理有限公司义乌龙回口腔诊所,91330782MA2ED09287,,无等级,,59851.0
浙江省临海医药有限公司赤城路中医诊所,91331082MA2KAW7K9Q,,无等级,,63819.0
浙江省人民医院省委党校医务室,12330000470051726F,未定级,未定级,三级,32772.0
浙江省医疗健康集团衢州医院花径社区门诊部,12330000X09760348Q,未定级,未定级,三级,62056.0
浙江省医疗健康集团长兴康复医院,91330522MA2B4E1G8Q,,无等级,,52982.0
浙江省立同德医院,12330000470051793D,三级,三级,未定级,32789.0
浙江省第二监狱医院,12330782689145495P,未定级,未定级,三级,35264.0
浙江福寿康医养服务有限公司杭州翠苑中医诊所,91330106MA2H3P019M,,无等级,,37523.0
浙江绿悠杏生物科技有限公司上城中医诊所,91330102MAD92QLT1D,,无等级,,36193.0
浙江自贸区京恩诊所,91330900MA2A396B9D,,无等级,,63147.0
浙江自贸区方舟恩泰生物科技有限公司诊所,91330900MAE85X5H80,,无等级,,63032.0
浙江英特怡年药房连锁有限公司余杭仓前诊所,91330110MA2KDR2Y49,,无等级,,38763.0
浙江英特怡年药房连锁有限公司清吟街诊所,91330102MA2AXF641M,,无等级,,36076.0
浙江英特生物制品营销有限公司苼苼医疗美容诊所,91330105MACKELAA6J,,无等级,,34155.0
浙江萧康医药有限公司萧山俊良诊所,91330109MACBU26G7W,,无等级,,38030.0
浙江长生堂健康科技有限公司中医综合诊所,91330481MA2CU3BL5T,,无等级,,50490.0
浙江震元医药连锁有限公司光裕堂中西医结合诊所,91330602MA7N1F2MX6,,无等级,,54281.0
浙江震元医药连锁有限公司善禄堂中西医结合诊所,91330602MA7N1F0W94,,无等级,,54297.0
浙江震元医药连锁有限公司城南中西医结合诊所,91330602MA7N1EQ34U,,无等级,,54296.0
浙江震元医药连锁有限公司天宝堂中西医结合诊所,91330621MABN25K18R,,无等级,,53615.0
浙江震元医药连锁有限公司天禄堂中西医结合诊所,91330602MA7N1F0U2D,,无等级,,54313.0
浙江震元医药连锁有限公司府山中西医结合诊所,91330602MA7L132EX3,,无等级,,54135.0
浙江震元医药连锁有限公司绍兴震元堂中西医结合诊所,91330602MA2D744J2K,,无等级,,54355.0
浙江震元医药连锁有限公司马山中西医结合诊所,91330602MA7N88B578,,无等级,,54280.0
浙荣口腔诊所,92330411MA2CXL4R53,,无等级,,51295.0
浦江一美医疗美容诊所,91330726MA2K1FTP4A,,无等级,,58673.0
浦江严洁西医诊所,92330726MA28PQ8X6C,,无等级,,58636.0
浦江中锐西医诊所,91330726MADP7PWJ9N,,无等级,,58585.0
浦江于玉娟西医诊所,92330726MA7JQ8J95A,,无等级,,58606.0
浦江仁心西医诊所,91330726MAEX85EE3U,,无等级,,58395.0
浦江仁杰中医诊所,91330726MADRQU4E90,,无等级,,58376.0
浦江仕佳口腔诊所,91330726MA2MNACUX8,,无等级,,58710.0
浦江伶牙口腔诊所,91330726MA2MNJEW98,,无等级,,58607.0
浦江何丹兰口腔诊所,92330726MA28P0426C,,无等级,,58605.0
浦江何和平中医诊所,92330726MA2EDM1U6Y,,无等级,,58649.0
浦江何杰西医诊所,92330726MACFPUP18G,,无等级,,58594.0
浦江俞文杰口腔诊所,92330726MA2FQGQM5U,,无等级,,58694.0
浦江倪卫庆中医诊所,92330726MA2E6XH719,,无等级,,58609.0
浦江倪旭刚西医诊所,92330726MA29MWUQXA,,无等级,,58675.0
浦江傅爱国中西医结合诊所,92330726MA2FL7LW36,,无等级,,58650.0
浦江傅超平口腔诊所,92330726MA2FJ3Y450,,无等级,,58651.0
浦江刘晓芳西医诊所,92330726MA2EDKJA10,,无等级,,58602.0
浦江前方西医诊所,91330726MAG132YN3N,,无等级,,58379.0
浦江协宏中医诊所,91330726MADRQWK1XW,,无等级,,58554.0
浦江卓美荟医疗美容诊所,91330726MA2HUINY73,,无等级,,58592.0
浦江博芽口腔诊所,91330726MAEM60E63B,,无等级,,58558.0
浦江县屹康西医诊所,91330726MADJ6U9Q2K,,无等级,,58402.0
浦江县康诚中医诊所,91330726MADLNHRA52,,无等级,,58575.0
浦江县浦阳街道西站社区卫生服务站,12330726673859071Y,未定级,未定级,无级别,58373.0
浦江合心口腔诊所,91330726MAEAWYF04L,,无等级,,58403.0
浦江同德中医诊所,91330726MA2JXDPF5U,,无等级,,58656.0
浦江吕冰口腔诊所,92330726MA29MCH185,,无等级,,58626.0
浦江吴书利皮肤病诊所,92330726MA29MBE24H,,无等级,,58595.0
浦江吴亦强西医诊所,92330726MA28Q7T54G,,无等级,,58637.0
浦江吴军松口腔诊所,91330726MA2JW0600N,,无等级,,58696.0
浦江吴宏胜西医诊所,92330726MA2E5T3RXM,,无等级,,58633.0
浦江吴建波口腔诊所,92330726MA29P6TU1H,,无等级,,58707.0
浦江吴春雨西医诊所,92330726MA2DD1K46A,,无等级,,58686.0
浦江吴苏芳西医诊所,92330726MA2EEF772C,,无等级,,58655.0
浦江吴贤君西医诊所,92330726MA2EDL4H6E,,无等级,,58689.0
浦江周巧云西医诊所,92330726MA2EB1DT62,,无等级,,58661.0
浦江周淑萍西医诊所,92330726MAEEGM4WXR,,无等级,,58561.0
浦江周荣庆中医诊所,92330726MA2EDM9M1N,,无等级,,58616.0
浦江善元堂中医诊所,92330726MA2FQF998C,,无等级,,58693.0
浦江善禾中医诊所,91330726MA2EAF1EX9,,无等级,,58665.0
浦江复元普通诊所,91330726MA2EECU54F,,无等级,,58700.0
浦江天芙妮医疗美容诊所,91330726MA7KN08M47,,无等级,,58698.0
浦江奕美朵瑞医疗美容诊所,91330726MA7EJ7LY7L,,无等级,,58580.0
浦江孙攀峰口腔诊所,92330726MA2FQGPJ40,,无等级,,58623.0
浦江季杭淦西医诊所,91330726MA8G4RJU8A,,无等级,,58653.0
浦江季肖华西医诊所,92330726MA2DD1FF4Q,,无等级,,58662.0
浦江宇辉口腔诊所,92330726MA2HQHDA9T,,无等级,,58699.0
浦江履信西医诊所,91330726MA2M236D4L,,无等级,,58632.0
浦江康仁西医诊所,91330726MAERRPL9XL,,无等级,,58389.0
浦江康元中西医结合诊所,91330726MADD496T4C,,无等级,,58399.0
浦江康明眼科诊所,91330726MA2E9Q441J,,无等级,,58598.0
浦江康民西医诊所,91330726MAEJ5Q34X9,,无等级,,58560.0
浦江康祥西医诊所,91330726MAK2UMX25T,,无等级,,58370.0
浦江康馨西医诊所,91330726MAD7672606,,无等级,,58552.0
浦江张丹信普通诊所,92330726MA2HTUBE0F,,无等级,,58641.0
浦江张丽娟普通诊所,92330726MA2EELL27L,,无等级,,58638.0
浦江张仙芳口腔诊所,92330726MA2E8F69XX,,无等级,,58657.0
浦江张兰月西医诊所,92330726MA28EWX01D,,无等级,,58557.0
浦江张娟红中医诊所,92330726MA2FLYMG2J,,无等级,,58701.0
浦江张宗铝中医诊所,92330726MACXDHA853,,无等级,,58591.0
浦江张方钢西医诊所,92330726MA2MNTD67C,,无等级,,58630.0
浦江张旭权口腔诊所,92330726MA2FN7P91W,,无等级,,58670.0
浦江张永福中医诊所,92330726MA2EDL6XXD,,无等级,,58615.0
浦江张洪燚口腔诊所,92330726MA2DC2L66H,,无等级,,58621.0
浦江张灵芝中西医结合诊所,92330726MA2HQHCL2R,,无等级,,58610.0
浦江徐佩璋西医诊所,92330726MA2EB1FW36,,无等级,,58663.0
浦江徐晓敏口腔诊所,92330726MA2FNH0M6E,,无等级,,58703.0
浦江徐飞龙中西医结合诊所,92330726MA2EEQ887K,,无等级,,58645.0
浦江德元昇中医诊所,91330726MAE0WRN4X0,,无等级,,58563.0
浦江德裕中医诊所,91330726MADFDH968R,,无等级,,58568.0
浦江恒心口腔诊所,91330726MAEHTWP7XT,,无等级,,58559.0
浦江恒美口腔诊所,91330726MADM7B391T,,无等级,,58583.0
浦江戴千红普通诊所,91330726MA2EEPJQ16,,无等级,,58556.0
浦江戴友妹口腔诊所,92330726MA2E5BKAXL,,无等级,,58647.0
浦江戴德泰中医诊所,91330726MA2JXY0J6A,,无等级,,58586.0
浦江戴文杰西医诊所,92330726MA28PMA165,,无等级,,58676.0
浦江新宅中医骨伤科诊所,92330726MA2EDL9Y7B,,无等级,,58682.0
浦江方世进口腔诊所,92330726MA29NQ9M28,,无等级,,58667.0
浦江方文彪口腔诊所,92330726MA28P8XL8W,,无等级,,58669.0
浦江方英西医诊所,92330726MA2DD57T93,,无等级,,58604.0
浦江施生良西医诊所,92330726MA2DFHPK3A,,无等级,,58660.0
浦江昊东口腔诊所,91330726MA2M4ACQ9K,,无等级,,58697.0
浦江晨心西医诊所,91330726MAEK8YEL8C,,无等级,,58387.0
浦江晨澄口腔诊所,91330726MADMWXU30E,,无等级,,58587.0
浦江景祥西医诊所,91330726MAEADYD40W,,无等级,,58564.0
浦江月泉口腔诊所,91330726MAC5UBU16M,,无等级,,58589.0
浦江朱元伟中医诊所,92330726MAE8BB1W89,,无等级,,58570.0
浦江朱勇进口腔诊所,92330726MA29MPAHXE,,无等级,,58683.0
浦江朱方明西医诊所,92330726MA2EDLC914,,无等级,,58590.0
浦江朱江舟口腔诊所,92330726MA2FMGFR4J,,无等级,,58624.0
浦江朱红根中医诊所,92330726MA2EDKRT8X,,无等级,,58685.0
浦江朱长春口腔诊所,92330726MA2FQEUJ0U,,无等级,,58622.0
浦江李玉莲口腔诊所,92330726MA2FJ56E4D,,无等级,,58659.0
浦江杨黎明中医诊所,92330726MA2DFC461N,,无等级,,58612.0
浦江杭惠口腔诊所,91330726MAEM223Q0M,,无等级,,58416.0
浦江楼亚芳医疗美容诊所,92330726L31940858U,,无等级,,58672.0
浦江楼永强中医诊所,92330726MA28QGBY1W,,无等级,,58678.0
浦江楼蓉莉普通诊所,92330726MA2EENECXF,,无等级,,58674.0
浦江正雅口腔诊所,92330726MA2FKC751T,,无等级,,58625.0
浦江毛子良中医诊所,92330726MA2FLB0D58,,无等级,,58677.0
浦江江樟根西医诊所,92330726MA2M1DFP16,,无等级,,58644.0
浦江洪南峰中医诊所,92330726MA2FM28277,,无等级,,58613.0
浦江洪宏亮中医诊所,92330726MA2EDUP21X,,无等级,,58684.0
浦江洪杰口腔诊所,92330726MA2FQH7741,,无等级,,58705.0
浦江洪翠翠口腔诊所,92330726MA28P7484Y,,无等级,,58648.0
浦江浦华西医诊所,91330726MAE6NNAG0R,,无等级,,58565.0
浦江浦齿古正口腔诊所,91330726MACAL7QK0E,,无等级,,58666.0
浦江涵钰中医诊所,91330726MACGTDEE0R,,无等级,,58579.0
浦江清宁西医诊所,91330726MADWR72Y7X,,无等级,,58581.0
浦江潘光口腔诊所,92330726MA2FQLXM3Y,,无等级,,58680.0
浦江澳玛医疗美容诊所,91330726MA2HTRCX4M,,无等级,,58573.0
浦江爱铭西医诊所,91330726MADXU4FG13,,无等级,,58577.0
浦江王云峰西医诊所,92330726MA2EDL4T4H,,无等级,,58681.0
浦江王彩玲西医诊所,92330726MA28PKH311,,无等级,,58634.0
浦江王忠兴中医诊所,92330726MA2DFKBE3F,,无等级,,58664.0
浦江王文巍中医妇科诊所,92330726MA2EDM2K0R,,无等级,,58603.0
浦江王玲口腔诊所,92330726MA29P01G20,,无等级,,58706.0
浦江王红亮口腔诊所,92330726MA2HW2YE7U,,无等级,,58600.0
浦江瑞元普通诊所,92330726MA2EEWKQ7F,,无等级,,58658.0
浦江瑾誉西医诊所,91330726MA2MNM022X,,无等级,,58652.0
浦江申浦中医诊所,91330726MA2M41FW22,,无等级,,58593.0
浦江礼义口腔诊所,91330726MA2HQQAL4A,,无等级,,58618.0
浦江筱鸣口腔诊所,91330726MA2JW30E58,,无等级,,58569.0
浦江维她颜医疗美容诊所,91330726MAET77YA4L,,无等级,,58369.0
浦江胡敏慧西医诊所,92330726MA7D0DY62F,,无等级,,58631.0
浦江舒有康中西医结合诊所,91330726MAE738KM4Q,,无等级,,58567.0
浦江葛凯强西医诊所,92330726MA2EAH0043,,无等级,,58704.0
浦江葛向赟口腔诊所,92330726MA2E6BWF21,,无等级,,58371.0
浦江谭德钰西医诊所,92330726MA2EDKDCXC,,无等级,,58691.0
浦江贻恩医疗美容诊所,91330726MAEKBEH90W,,无等级,,58550.0
浦江贾秀月普通诊所,92330726MA2EELKG57,,无等级,,58642.0
浦江赵宗发口腔诊所,92330726MA2E689059,,无等级,,58571.0
浦江赵川西医外科诊所,92330726MA2EAY8CX8,,无等级,,58597.0
浦江赵罗平中医诊所,91330726MAC6XLGX3X,,无等级,,58711.0
浦江邵渊口腔诊所,92330726MA2FKMM46R,,无等级,,58629.0
浦江邵荣普通诊所,92330726MA2EE6R595,,无等级,,58646.0
浦江郑张赟西医诊所,91330726MAC8JHAE4R,,无等级,,58566.0
浦江金利明普通诊所,92330726MA2EEPFCIM,,无等级,,58640.0
浦江金士舰西医诊所,92330726MA2E7PU004,,无等级,,58601.0
浦江金淑珍口腔诊所,92330726MA2DFEP87M,,无等级,,58620.0
浦江金认正西医诊所,92330726MA2FLPW35K,,无等级,,58599.0
浦江钢梁皮肤病专科诊所,92330726L4116248XL,,无等级,,58596.0
浦江铭烶口腔诊所,92330726MA2MP3X05C,,无等级,,58608.0
浦江阮丽红口腔诊所,92330726MA2EEC82XT,,无等级,,58671.0
浦江陈书先口腔诊所,92330726MA2FP1M2XD,,无等级,,58627.0
浦江陈亚丽中医诊所,92330726MA2FJX7E7R,,无等级,,58614.0
浦江陈向东口腔诊所,92330726MA29P4KP8W,,无等级,,58619.0
浦江陈妙妙口腔诊所,32330726MA2HU0042H,,无等级,,58679.0
浦江陈灵芳西医诊所,91330726MACUXLML5D,,无等级,,58578.0
浦江陈炎平西医诊所,92330726MA2HQ6XA6W,,无等级,,58628.0
浦江陈田兴西医诊所,92330726MA2FKWK59B,,无等级,,58635.0
浦江陶永平口腔诊所,92330726MA2E780W5T,,无等级,,58695.0
浦江陶玉芳口腔诊所,92330726MA28QWLU63,,无等级,,58668.0
浦江露西亚西医诊所,91330726MADEF0RX7B,,无等级,,58576.0
浦江马聪英普通诊所,92330726MA2EEN3XIU,,无等级,,58639.0
浦江魏燕珍西医诊所,92330726MA2MM90G67,,无等级,,58654.0
浦江鹿鹿口腔诊所,91330726MABT0GJ32B,,无等级,,58708.0
浦江黄云霞西医诊所,92330726MA2EDNE732,,无等级,,58692.0
浦江黄兆鋆中医诊所,92330726MA2FLWLE4J,,无等级,,58617.0
浦江黄娟芬中西医结合诊所,92330726MA2EDLFG82,,无等级,,58690.0
浦江黄守勇西医诊所,92330726MA2FN7YY3G,,无等级,,58688.0
浦江黄小杭西医诊所,92330726MA2HUGD22W,,无等级,,58687.0
浦江黄巧普通诊所,91330726MA2EER2R7D,,无等级,,58643.0
浦江黄建丰西医诊所,92330726MA2E8ABA60,,无等级,,58391.0
浦江黄桂华西医诊所,92330726MA2E6U6L8F,,无等级,,58709.0
浦江齐卫平中医诊所,92330726MA2M4JTP36,,无等级,,58611.0
海妈记得（温州）健康科技有限公司中医综合诊所,91330304MADCXEYQ9L,,无等级,,49301.0
海宁丁桥应丽玲口腔诊所,92330481MA2B8AW13B,,无等级,,50453.0
海宁丁桥徐文豪口腔诊所,92330481MACGQEXQ6M,,无等级,,50469.0
海宁丁桥白歆怡口腔诊所,92330481MADEL05504,,无等级,,50460.0
海宁丰士戚海潮牙科诊所,92330481MA2F00DP1T,,无等级,,50533.0
海宁优嘉医疗美容诊所,91330481MACT7D199J,,无等级,,50477.0
海宁佳佑医疗科技有限公司春澜路诊所,91330481MAD48X1L6D,,无等级,,50468.0
海宁佳佑医疗科技有限公司许村塘桥诊所,91330481MAD33UQH65,,无等级,,50318.0
海宁佳誉诊所,91330481MAG0BH0G33,,无等级,,50323.0
海宁厚古中西医结合诊所,91330481MAD6NCUN3G,,无等级,,50305.0
海宁合禾中西医结合诊所,91330481MAE9WL2R65,,无等级,,50347.0
海宁名协眼科诊所,91330481MAEBQ89F62,,无等级,,50378.0
海宁周王庙陈建新口腔诊所,92330481MA2EWUTK8F,,无等级,,50497.0
海宁周王庙马琰雷口腔诊所,92330481MA2EYFTW6B,,无等级,,50451.0
海宁唐新军牙科诊所,92330481MA28B4L29M,,无等级,,50506.0
海宁唐萍诊所,91330481MADLJFJPXR,,无等级,,50445.0
海宁嘉医医疗科技有限公司许巷商贸城诊所,91330481MA2JFNJH22,,无等级,,50471.0
海宁嘉医医疗科技有限公司许村创业园诊所,91330481MA2JFQD03M,,无等级,,50470.0
海宁嘉医医疗科技有限公司许村翁金诊所,91330481MA2JG2C82X,,无等级,,50359.0
海宁四之堂诊所,91330481MA28AA1B6G,,无等级,,50306.0
海宁夏操斌诊所,92330481MA2BBD401Q,,无等级,,50479.0
海宁天顺堂中西医结合诊所,91330481MAEH0FRU6H,,无等级,,50334.0
海宁孙皓口腔诊所,92330481MA2B9M8N99,,无等级,,50528.0
海宁安波口腔诊所,92330481MA2EXBR13U,,无等级,,50450.0
海宁宝康中西医结合诊所,91330481MAD8AYNQ4K,,无等级,,50454.0
海宁富春骨伤医院西山路诊所,91330481094514343E,,无等级,,50424.0
海宁市盐仓医药有限责任公司盐仓诊所,91330481MA28ADP66X,,无等级,,50461.0
海宁市老百姓大药房有限责任公司南苑路天生成诊所,9133048132999846XE,,无等级,,50296.0
海宁市老百姓大药房有限责任公司建设路诊所,91330481MA28AF37X3,,无等级,,50447.0
海宁市老百姓大药房有限责任公司海洲嘉贝诊所,91330481099038593D,,无等级,,50352.0
海宁市老百姓大药房有限责任公司许村镇翁埠诊所,91330481099038518L,,无等级,,50538.0
海宁市老百姓大药房有限责任公司长安镇开元诊所,91330481337063058Q,,无等级,,50539.0
海宁康庆诊所,91330481MAD2W35825,,无等级,,50452.0
海宁康燃医疗科技有限责任公司许村家纺城中西医结合诊所,91330481MADUA9H72Q,,无等级,,50437.0
海宁弘佳医疗科技有限公司石井诊所,91330481MADMMNPQ59,,无等级,,50439.0
海宁弘安医疗科技有限公司新诚诊所,91330481MAEBK2XA9M,,无等级,,50422.0
海宁弘安医疗科技有限公司沈士中西医结合诊所,91330481MADDEBCK9P,,无等级,,50328.0
海宁弘安医疗科技有限公司辛江诊所,91330481MADE56TW3N,,无等级,,50459.0
海宁张学口腔诊所,92330481MA2B9EC715,,无等级,,50510.0
海宁张峰口腔诊所,92330481MA2CUCUD5C,,无等级,,50519.0
海宁张春益堂中医药馆有限公司海昌路诊所,91330481MA28BAFK4R,,无等级,,50522.0
海宁恩肌医疗美容诊所,91330481MAE07HYK7H,,无等级,,50387.0
海宁悦安医疗科技有限公司文海北路诊所,91330481MACHNYTJ2U,,无等级,,50346.0
海宁悦安医疗科技有限公司春汇路诊所,91330481MACH6TTD7D,,无等级,,50458.0
海宁悦安医疗科技有限公司朱家桥诊所,91330481MACFW9MK5B,,无等级,,50457.0
海宁悦安医疗科技有限公司栋梁路诊所,91330481MADPY8K08Q,,无等级,,50438.0
海宁悦安医疗科技有限公司艺潮路诊所,91330481MACJ3A077B,,无等级,,50514.0
海宁惠优诊所,91330481MAELFKJJ43,,无等级,,50338.0
海宁惠林医疗科技有限公司南联诊所,91330481MA2LCBLH8E,,无等级,,50353.0
海宁慧仁堂健康管理有限公司斜桥庆仲路中西医结合诊所,91330481MADQA1Y167,,无等级,,50421.0
海宁慧华诊所,91330481MAD1UTR9X7,,无等级,,50290.0
海宁敬德中西医结合诊所,91330481MAENPWRU48,,无等级,,50295.0
海宁斜桥刘长志口腔诊所,92330481MA2CWGH24R,,无等级,,50502.0
海宁斜桥戚海平口腔诊所,92330481MA29FCPA4T,,无等级,,50529.0
海宁斜桥高周明诊所,92330481MA2BBBC66D,,无等级,,50498.0
海宁新杭诊所,91330481MADDUR2R3C,,无等级,,50444.0
海宁星面孔蔚岚深语医疗美容诊所,91330481MAEBLT0N43,,无等级,,50362.0
海宁曹萌蕾诊所,92330481MA2EX4UH48,,无等级,,50472.0
海宁李森牙科诊所,92330481MA29GDN91R,,无等级,,50526.0
海宁杏林春暖健康管理有限公司许村建设路诊所,91330481MAEFRLTM5E,,无等级,,50366.0
海宁林克诊所,92330481MA2B877408,,无等级,,50473.0
海宁植得口腔诊所,91330481MAEXMTWX5J,,无等级,,50316.0
海宁欣合中西医结合诊所,91330481MADK6QK857,,无等级,,50446.0
海宁民兴诊所,91330481MAE9266C4R,,无等级,,50415.0
海宁民康诊所,91330481MAD728M50E,,无等级,,50467.0
海宁江铭杰口腔诊所,92330481MA29GG8M09,,无等级,,50525.0
海宁济生诊所,92330481MADAGPY525,,无等级,,50406.0
海宁浦海斌口腔诊所,92330481MA2EWHUJ03,,无等级,,50476.0
海宁海创医疗服务有限公司丰收路诊所,91330481MACXXBYD16,,无等级,,50317.0
海宁海昌朱晓欢口腔诊所,92330481MA2CUY1C2G,,无等级,,50540.0
海宁海昌杨之义诊所,92330481MA2JHHU59N,,无等级,,50487.0
海宁海昌王银芳诊所,92330481MA2JD08Q2Y,,无等级,,50475.0
海宁海昌陆建军诊所,92330481MACGANYL9X,,无等级,,50499.0
海宁海洲俞雅萍牙科诊所,92330418MA28B8M93W,,无等级,,50536.0
海宁海洲周爱林医疗美容诊所,92330481MA2CYHA31G,,无等级,,50524.0
海宁海洲邵磊磊口腔诊所,92330481MACD4NEM4E,,无等级,,50512.0
海宁王少龙牙科诊所,92330481MAC4C7E30R,,无等级,,50463.0
海宁王琴芳牙科诊所,92330481MA2F0N0R8P,,无等级,,50509.0
海宁甄美医疗美容诊所,91330481MA2D0FJ8XQ,,无等级,,50293.0
海宁百佳肤中医综合诊所,91330481MABNXHWH7L,,无等级,,50491.0
海宁盐官冯凯口腔诊所,92330481MA2EW2GH4K,,无等级,,50442.0
海宁盐官姚宇波口腔诊所,92330481MA28BDLQXB,,无等级,,50518.0
海宁盐官林思英口腔诊所,92330481MA2EXM2F9J,,无等级,,50462.0
海宁盐官韩桂芳中西医结合诊所,92330481MACCXJ7P0E,,无等级,,50507.0
海宁盛丽君牙科诊所,92330481MA2JG8WB0X,,无等级,,50504.0
海宁目闻眼科诊所,91330481MA2JFL2MXG,,无等级,,50542.0
海宁硖石刘海龙牙科诊所,92330481MA2EW7EF9R,,无等级,,50481.0
海宁硖石钱浩口腔诊所,92330481MA2BBCX62Q,,无等级,,50501.0
海宁硖石陈向伟牙科诊所,92330481MA2F38T904,,无等级,,50367.0
海宁硖石顾征宇牙科诊所,92330481MA2BATFG0T,,无等级,,50478.0
海宁碧妍哲理珀理医疗美容诊所,91330481MA7BMWUP22,,无等级,,50425.0
海宁神飞亿美医疗美容诊所,91330481MAD9E2L12H,,无等级,,50345.0
海宁福康牙科门诊部有限公司许村汇杭府牙科诊所,91330481MAEA5TDP5A,,无等级,,50320.0
海宁禹杏堂中医综合诊所,91330481MAD3GPQ713,,无等级,,50364.0
海宁笙杨医疗科技有限公司轻纺村诊所,91330481MACT8AWU54,,无等级,,50466.0
海宁维多利亚医疗美容诊所,91330481MA29FR5L8C,,无等级,,50351.0
海宁翟珠妹针灸推拿诊所,92330481MA2EX3NH7X,,无等级,,50531.0
海宁老蔡诊所,91330481MAD6H4JY9P,,无等级,,50302.0
海宁胡德勇口腔诊所,92330481MA2EXJ9B2T,,无等级,,50521.0
海宁若颜医疗美容诊所,9133048IMADUG5Y80Y,,无等级,,50435.0
海宁藏海雾中医综合诊所,91330481MACR7RXX5X,,无等级,,50483.0
海宁袁秀春牙科诊所,92330481MA2F36CH2L,,无等级,,50505.0
海宁袁花姜永力口腔诊所,92330481MAD617780D,,无等级,,50455.0
海宁袁花孙浩杰牙科诊所,92330481MA2F24A42M,,无等级,,50515.0
海宁袁花陈伟松口腔诊所,92330481MA2F2JH80G,,无等级,,50480.0
海宁许张洪口腔诊所,92330481MA29FKQN9Y,,无等级,,50428.0
海宁许村凡伟口腔诊所,92330481MA2CW5JR1E,,无等级,,50474.0
海宁许村张肖琼口腔诊所,92330481MA2CY4AR2C,,无等级,,50513.0
海宁许村徐伟宇医疗美容诊所,92330481MA2BC73L6K,,无等级,,50441.0
海宁许村汤晓杰口腔诊所,92330481MADM4J944E,,无等级,,50448.0
海宁许村汪钧口腔诊所,92330481MA2JDQXP4Q,,无等级,,50500.0
海宁许村胡平诊所,92330481MA2D04Y50D,,无等级,,50530.0
海宁许村谈一平口腔诊所,92330481MABYG0PF78,,无等级,,50537.0
海宁许村陈奇贤中医诊所,TE3304813300520140,,无等级,,50541.0
海宁许村马浩丽口腔诊所,92330481MA2B9L5Q1A,,无等级,,50523.0
海宁诸海龙口腔诊所,92330481MA2EXXT750,,无等级,,50365.0
海宁郑良凯诊所,TE3304813300494810,,无等级,,50535.0
海宁金海华口腔诊所,92330481MA2F3HDBX7,,无等级,,50516.0
海宁金燃医疗科技有限公司科同诊所,91330481MACYNUWD7D,,无等级,,50337.0
海宁铂诗玥医疗美容诊所,91330481MACX7RAA6U,,无等级,,50432.0
海宁长安冯小平口腔诊所,92330481MA29GLDKXA,,无等级,,50492.0
海宁长安朱振叶诊所,92330481MAD94PND1D,,无等级,,50456.0
海宁长安杨德龙中西医结合诊所,92330481MA2B8PD059,,无等级,,50511.0
海宁长安邱根贤针灸推拿诊所,92330481MA2F2J6059,,无等级,,50532.0
海宁长安郑丰英口腔诊所,92330481MA2F1UW215,,无等级,,50520.0
海宁长安陈静伊口腔诊所,91330481MA2BBWMX8C,,无等级,,50534.0
海宁长安韩春梅口腔诊所,92330481MA29G86061,,无等级,,50517.0
海宁闻道堂医疗科技有限公司春石路诊所,91330481MA2JEEGD0T,,无等级,,50486.0
海宁闻道堂医疗科技有限公司杭海路诊所,91330481MA2JDXM250,,无等级,,50484.0
海宁闻道堂医疗科技有限公司盐仓创新路诊所,91330481MABRR5088H,,无等级,,50493.0
海宁闻道堂医疗科技有限公司盐仓安澜路诊所,91330481MA2JEEH27T,,无等级,,50488.0
海宁闻道堂医疗科技有限公司盐仓袁家坝诊所,91330481MA7LJ9QY0Q,,无等级,,50485.0
海宁闻道堂医疗科技有限公司许东路诊所,91330481MA2JDLPPXA,,无等级,,50503.0
海宁闻道堂医疗科技有限公司许村园区路中医综合诊所,91330481MA2JFFBW23,,无等级,,50482.0
海宁颜值印象医疗美容诊所,91330481MACWMGRB3H,,无等级,,50465.0
海宁颜星锁龄医疗美容诊所,91330481MA2LBUJM2G,,无等级,,50464.0
海宁马桥陈叶承口腔诊所,92330481MA2JFPRE41,,无等级,,50496.0
海宁驭心医疗美容诊所,91330481MACLKPLB96,,无等级,,50291.0
海宁黄湾占先进口腔诊所,92330481MAEA51KU4M,,无等级,,50416.0
海宁黄湾周徐锋口腔诊所,92330481MA29FT2L43,,无等级,,50508.0
海宁黄湾曹建良中医骨伤科诊所,92330481MA29F39659,,无等级,,50527.0
海宁黄珺口腔诊所,92330481MA29GNM68P,,无等级,,50489.0
海曙励慧琴皮肤科诊所,92330203MA2EQRT70K,,无等级,,41650.0
海曙包佩莉口腔诊所,92330203MA28Y3060Y,,无等级,,41663.0
海曙竺灵康中医外科诊所,92330203MA2EQQN61P,,无等级,,41665.0
海曙黄剑虹口腔诊所,92330203MA292LF02Q,,无等级,,41678.0
海泽口腔诊所,91330922MAE6K25Y2T,,无等级,,62820.0
海盐万生堂中医（综合）诊所,91330424MA2B9M4D12,,无等级,,50698.0
海盐三合口腔诊所,91330424MACPF93FXR,,无等级,,50681.0
海盐东雅口腔诊所,91330424MA2CW79TX3,,无等级,,50685.0
海盐乾通妇科诊所,91330424MACNR9M60P,,无等级,,50687.0
海盐仁德中医（综合）诊所,91330424MA2BB6CX39,,无等级,,50677.0
海盐俪笙伊童医疗美容诊所,91330424MA2BCP0M4J,,无等级,,50678.0
海盐千娇悦医疗美容诊所,91330424MA7JGT4414,,无等级,,50700.0
海盐妃妮施医疗美容诊所,91330424MA7F1PAP5L,,无等级,,50689.0
海盐康华口腔诊所,91330424MA2CX8732B,,无等级,,50705.0
海盐徐松青口腔诊所,91330424MACURN7C95,,无等级,,50686.0
海盐恒一口腔诊所,913304Z4MA2CUB339G,,无等级,,50660.0
海盐春春口腔诊所,91330424MA2CW3WX84,,无等级,,50707.0
海盐朱建月口腔诊所,92330424MA2F18RDXB,,无等级,,50706.0
海盐欣星口腔诊所,91330424MA7C9H4J7E,,无等级,,50702.0
海盐沈锋口腔诊所,91330424MA2CUXBM56,,无等级,,50703.0
海盐沐颜医疗美容诊所,91330424MA2JGBWC7U,,无等级,,50699.0
海盐泾庆堂诊所,92330424MADY1RM783,,无等级,,50668.0
海盐海雅口腔诊所,91330424MA2CW4DMXY,,无等级,,50657.0
海盐爱尔眼科诊所,91330424MADD2DT89U,,无等级,,50679.0
海盐益品口腔诊所,91330424MA2BCLRY31,,无等级,,50576.0
海盐美佳口腔诊所,91330424MAE4HH7XXK,,无等级,,50667.0
海盐花霆医疗美容诊所,91330424MA2JGB6T0P,,无等级,,50694.0
海盐诚亮口腔诊所,91330424MA2JEEFR9U,,无等级,,50704.0
海盐诚怡口腔诊所,91330424MA2JHLFW55,,无等级,,50628.0
海盐贝壳口腔诊所,91330424MA2CYCRE6X,,无等级,,50697.0
海盐轻柚医疗美容诊所,91330424MAD8Y0C50B,,无等级,,50680.0
海盐鎏颜医疗美容诊所,91330424MAENJM2R0C,,无等级,,50575.0
海盐钟燕口腔诊所,91330424MA2D04U045,,无等级,,50701.0
海盐颌美健口腔诊所,92330424MA2BCU3664,,无等级,,50695.0
海盐鸿庆堂诊所,92330424MABWYQBQ5A,,无等级,,50693.0
淳安万康药店有限公司西医诊所,91330127751706928Q,,无等级,,32866.0
淳安临岐晓冰中医诊所,91330127MA2B2PJE53,,无等级,,32941.0
淳安临岐王雪军口腔诊所,92330127MA28W5NM24,,无等级,,32931.0
淳安临岐蔡顺富口腔诊所,TE3301273300029330,,无等级,,32929.0
淳安健民药店连锁有限公司咸春堂诊所,91330127754402241B,,无等级,,32867.0
淳安千岛湖余昌敏诊所,92330127MA2BLN7P75,,无等级,,32932.0
淳安千岛湖八正堂中医诊所,92330127MA28XG837Q,,无等级,,32928.0
淳安千岛湖凰后医疗美容诊所,91330127MA7B2LMY61,,无等级,,32919.0
淳安千岛湖华杏堂诊所,91330127MA2GPB1D47,,无等级,,32923.0
淳安千岛湖古月堂中医诊所,91330127MA2KF75B1F,,无等级,,32868.0
淳安千岛湖叶海勇口腔诊所,92330127MA2KE3B2X7,,无等级,,32945.0
淳安千岛湖唐巧先口腔诊所,92330127MA2CF1LW1M,,无等级,,32912.0
淳安千岛湖宋海梅诊所,TE3301273300012740,,无等级,,32933.0
淳安千岛湖徐建军诊所,92330127MA2BNW054C,,无等级,,32913.0
淳安千岛湖惠安诊所,91330127MA28UYALXJ,,无等级,,32927.0
淳安千岛湖李美月口腔诊所,TE3301273300000390,,无等级,,32934.0
淳安千岛湖梅记口腔诊所,91330127MA2KC5GR0K,,无等级,,32827.0
淳安千岛湖王国荣中医诊所,91330127MA2KC8HD0J,,无等级,,32948.0
淳安千岛湖益中堂中医（综合）诊所,91330127MAD56GXYXＤ,,无等级,,32911.0
淳安千岛湖贝目尔眼科诊所,91330127MA2B01L318,,无等级,,32942.0
淳安千岛湖郑桃花口腔诊所（淳安县千岛湖镇伢伢口腔诊所）,92330127MA28UMU88H,,无等级,,32925.0
淳安千岛湖郑苏军口腔诊所,92330127MA2AYC0WX9,,无等级,,32944.0
淳安千湖诊所,91330127MA28RKKB79,,无等级,,32860.0
淳安县中医院旅游码头中医（综合）诊所,12330127470421563B,,无等级,三级,32808.0
淳安县千岛湖诚德中医科技有限公司新塘诊所,TE3301273300338420,,无等级,,32924.0
淳安县康乐药店有限公司火炉尖诊所,913301277966778096,,无等级,,32920.0
淳安县神农中医药科技有限公司中医中药馆中医诊所,913301277517092136,,无等级,,32910.0
淳安县第一人民医院驻县府机关卫生所,12330127470421547M,未定级,未定级,三级,32817.0
淳安好牙艺口腔诊所,92330127MA28XYJG2L,,无等级,,32869.0
淳安姜家刘凯口腔诊所,TE3301273300461010,,无等级,,32915.0
淳安威坪丽齿口腔诊所,92330127MA2CDHOW05,,无等级,,32820.0
淳安威坪喜牙牙口腔诊所,TE3301273300505300,,无等级,,32947.0
淳安威坪徐文明口腔诊所,TE3301273300000620,,无等级,,32940.0
淳安威坪王胜口腔诊所,TE3301273300024610,,无等级,,32917.0
淳安威坪胡拥军中医诊所,92330127MA2ACD8R2U,,无等级,,32943.0
淳安康泰大药房有限公司康泰中医（综合）诊所,91330127ma2b28a23n,,无等级,,32939.0
淳安徐风洲诊所,92330127MA8GGC663C,,无等级,,32893.0
淳安御堂投资咨询有限公司汾口经门口腔诊所,91330127MA27W22934,,无等级,,32922.0
淳安怡心堂诊所（淳安怡心堂诊所有限公司）,91330127MA2B088DXP,,无等级,,32936.0
淳安梅薇口腔诊所,91330127MA7CDF4X89,,无等级,,32902.0
淳安梓桐金伟东口腔诊所,91330127MA27XCNA86,,无等级,,32822.0
淳安欧普眼视光诊所,91330127MA2J1B2M66,,无等级,,32938.0
淳安汾口余晓亮口腔诊所,TE3301273300019980,,无等级,,32930.0
淳安汾口和盛堂诊所,91330127MA2GKAF232,,无等级,,32946.0
淳安汾口宋桔生诊所,TE3301273300465090,,无等级,,32921.0
淳安汾口晓乾中医诊所,TE3301273300506030,,无等级,,32937.0
淳安汾口辅兴堂中医诊所,TE3301273300418630,,无等级,,32914.0
淳安致臻企业管理有限公司中洲街口腔诊所,91330127MA2B0CMY19,,无等级,,32916.0
温岭一心口腔医疗有限公司城东百丈路口腔诊所,91331081MA2KBP9G5R,,无等级,,66304.0
温岭万锦医疗美容有限公司松门医疗美容诊所,91331081MACTBLLR72,,无等级,,66305.0
温岭三又沐医疗美容有限公司城西医疗美容诊所,91331081MADDGY4G9P,,无等级,,66233.0
温岭东岸医疗有限公司温岭大溪东岸西医诊所,91331081MAK3AGUPX7,,无等级,,65619.0
温岭东部医鸿西医诊所,91331081MA2AMPWG2J,,无等级,,66363.0
温岭九城口腔医疗有限公司城西口腔诊所,91331081MAC0KQJN8E,,无等级,,65605.0
温岭人济诊所有限公司太平海普西医诊所,91331081MAG11GD5XP,,无等级,,65715.0
温岭仲阳诊所有限公司大溪老谢西医诊所,91331081MADBGXQC10,,无等级,,66265.0
温岭众慈医疗有限公司泽国牧屿口腔诊所,91331081MA2MCD0286,,无等级,,66149.0
温岭众慈医疗有限公司泽国牧屿西医诊所,91331081MAE2465R5R,,无等级,,66150.0
温岭优芽口腔医疗有限公司松门振兴路口腔诊所,91331081MA2MAM7T7X,,无等级,,66389.0
温岭优雅口腔医疗有限公司新河口腔诊所,91331081MAET65PA6R,,无等级,,65915.0
温岭俊英医疗有限责任公司太平康乐路口腔诊所,91331081MA2HG5C2X6,,无等级,,66367.0
温岭健坤医疗有限公司泽国联树西医诊所,91331081MAE3136D3J,,无等级,,66166.0
温岭健安医疗有限公司东部新区中医综合诊所,91331081MADPQ8B58R,,无等级,,65607.0
温岭华亿美医疗美容门诊部有限公司城东医疗美容诊所,91331081MAE8PD9H8N,,无等级,,65804.0
温岭华爱诊所有限公司大溪后岸西医诊所,91331081MAE0A01031,,无等级,,66087.0
温岭华爱诊所有限公司泽国湖亭西医诊所,91331081MADREM3784,,无等级,,66201.0
温岭华良医疗有限公司城南后塘惠民家园全科诊所,91331081MAE7NDF999,,无等级,,66049.0
温岭博信医疗有限公司大溪西医诊所,91331081MADAJBQU4K,,无等级,,66062.0
温岭博信医疗有限公司松门西医诊所,91331081MADN4MKA2A,,无等级,,66183.0
温岭博信医疗有限公司牧西西医诊所,91331081MAEBD80W72,,无等级,,66084.0
温岭友丽康诊所有限公司泽国蒋洋西医诊所,91331081MADWYRG78E,,无等级,,66188.0
温岭双美医疗美容有限公司太平医疗美容诊所,91331081MACE4REN4J,,无等级,,66076.0
温岭合和诊所有限公司泽国茶屿西医诊所,91331081MAE3PBYQ01,,无等级,,66175.0
温岭吉美口腔诊所有限公司横峰口腔诊所,91331081MAK191U740,,无等级,,65629.0
温岭唯镁口腔医疗有限公司新河环城东路口腔诊所,91331081MAEGPWHK2L,,无等级,,65860.0
温岭嘉合口腔医疗有限公司横湖中路口腔诊所,91331081MAE8124W8U,,无等级,,65773.0
温岭坞根君华全科诊所,92331081MA2KA6D021,,无等级,,66410.0
温岭坞根致雅口腔诊所,92331081MAK1C39X56,,无等级,,65647.0
温岭坞根金慧珍口腔诊所,92331081MA2AN8RK2W,,无等级,,66375.0
温岭城东众健西医诊所,92331081MA2DTA5MX6,,无等级,,66276.0
温岭城东健雅口腔诊所,92331081MA2APQ4P7L,,无等级,,66342.0
温岭城东健齿口腔诊所,92331081MA2ANHU10G,,无等级,,66345.0
温岭城东剑荣口腔诊所,92331081MA2DWU0Y79,,无等级,,66295.0
温岭城东壹臣医疗美容门诊部有限公司万昌中路医疗美容诊所,91331081MAD498H700,,无等级,,66290.0
温岭城东康为西医诊所,92331081MADRB1M40K,,无等级,,66199.0
温岭城东康诚西医诊所,92331081MA2APNFUXW,,无等级,,66419.0
温岭城东林琳西医诊所,92331081MA2AN77F18,,无等级,,66370.0
温岭城东清爽口腔诊所,92331081MA2ANC4M3P,,无等级,,66404.0
温岭城东灵芝西医诊所,92331081MA2AN20Y9L,,无等级,,66031.0
温岭城东王正华西医诊所,92331081MA2AM63808,,无等级,,66332.0
温岭城东罗懿平全科诊所,92331081MADYG9XA54,,无等级,,66200.0
温岭城东诚意口腔诊所,92331081MA2ALU6390,,无等级,,66416.0
温岭城北健为民口腔诊所有限公司联民西路口腔诊所,91331081MA2KBGBD9U,,无等级,,66430.0
温岭城北名康西医诊所,92331081MA7KC5F451,,无等级,,66341.0
温岭城北张帮荣口腔诊所,91331081MA2HE8NN9U,,无等级,,65798.0
温岭城北林佩敏中医诊所,91331081MA2HE9744U,,无等级,,66324.0
温岭城北郑勇中医综合诊所,91331081MA2HEAK58L,,无等级,,66326.0
温岭城南佳和口腔诊所,92331081MAED4E7T6C,,无等级,,65805.0
温岭城南叶灵峰全科诊所,92331081MADW7CTW7N,,无等级,,66222.0
温岭城南喜雨西医诊所,92331081MADK2WNM32,,无等级,,66121.0
温岭城南海珍口腔诊所,92331081MA2APM25X5,,无等级,,65938.0
温岭城南阳光芳芳口腔诊所,92331081MA2APCE675,,无等级,,66377.0
温岭城南阳光高斌口腔诊所,92331081MA2APLQK2M,,无等级,,66378.0
温岭城西品易口腔诊所,92331081MABQAGQG56,,无等级,,66411.0
温岭城西小泮口腔诊所,92331081MAEBDCW42J,,无等级,,65991.0
温岭城西硕博口腔诊所,91331081MACJJC4C6E,,无等级,,66096.0
温岭城西辉煌口腔诊所,92331081MA2DX96Y3L,,无等级,,66299.0
温岭城西颜利雅皮肤医疗美容诊所,91331081MA2MB0DP80,,无等级,,66242.0
温岭壹诺口腔医疗有限公司横峰口腔诊所,91331081MADMM01U2Y,,无等级,,66140.0
温岭大溪叶春晓西医诊所,92331081MADUTBR914,,无等级,,66211.0
温岭大溪天时口腔诊所,92331081MA2AP9FP01,,无等级,,66272.0
温岭大溪季夏星西医诊所,92331081MADPUYTX4E,,无等级,,66215.0
温岭大溪小丁当西医诊所,92331081MADRCND81W,,无等级,,66190.0
温岭大溪小波西医诊所,92331081MA2APC3324,,无等级,,66344.0
温岭大溪小海西医诊所,92331081MADWH6L45P,,无等级,,66191.0
温岭大溪徐学义西医诊所,92331081MADUB9MB20,,无等级,,66213.0
温岭大溪惠民口腔诊所,92331081MA2G8YN83M,,无等级,,66403.0
温岭大溪敏健全科诊所,92331081MADRY073XQ,,无等级,,66212.0
温岭大溪新美口腔诊所,92331081MA2DY7CQ63,,无等级,,66317.0
温岭大溪方巧玲全科诊所,92331081MA2DXGL69G,,无等级,,66414.0
温岭大溪楠雅口腔诊所,91331081MA2HECT85L,,无等级,,66374.0
温岭大溪民康全科诊所,92331081MADQY95U1X,,无等级,,66229.0
温岭大溪江锋西医诊所,92331081MADWE5N9X4,,无等级,,66214.0
温岭大溪百济西医诊所,92331081MADU32CA8X,,无等级,,66225.0
温岭大溪繁荣金鑫口腔诊所,92331081MA2G87GF2H,,无等级,,66424.0
温岭大溪美康口腔诊所有限公司大溪嵩溪南路口腔诊所,91331081MA2HETYB8W,,无等级,,66284.0
温岭大溪艾宁口腔诊所,92331081MA2HHADY7D,,无等级,,66409.0
温岭大溪金波全科诊所,92331081MADT5PN33L,,无等级,,66204.0
温岭大溪阳和中西医结合诊所,92331081MA2DUHM7XW,,无等级,,66350.0
温岭大溪陈华勇全科诊所,92331081MADULE2J9T,,无等级,,66207.0
温岭大溪陈君彬西医诊所,92331081MADTWG3M4X,,无等级,,66138.0
温岭大溪雅美口腔诊所,91331081MA2HED9D14,,无等级,,66239.0
温岭大溪雅美口腔诊所有限公司楼旗口腔诊所,91331081MAEGJ8RW6G,,无等级,,65912.0
温岭太平东辉口腔诊所,92331081MA2APNQJXN,,无等级,,66360.0
温岭太平仁芳口腔诊所,92331081MA2DU4L863,,无等级,,66288.0
温岭太平健豪西医诊所,91331081MA2DTHUAXD,,无等级,,66421.0
温岭太平卢静娴口腔诊所,92331081MA2G8J8529,,无等级,,66355.0
温岭太平友谊口腔诊所,92331081MA2AN0LE3L,,无等级,,66346.0
温岭太平康恒西医诊所,92331081MADTAC2G87,,无等级,,66185.0
温岭太平康源西医诊所,92331081MA2DU2A64K,,无等级,,66354.0
温岭太平微笑口腔诊所,91331081MA2HEC6P8U,,无等级,,66307.0
温岭太平惠博口腔诊所,92331081MA2K7J3M80,,无等级,,65775.0
温岭太平方瑾口腔诊所,92331081MA29X9CY8U,,无等级,,66361.0
温岭太平林泉口腔诊所,92331081MA2APUBG91,,无等级,,66330.0
温岭太平梁玲玲口腔诊所,92331081MA2APRCH5W,,无等级,,66347.0
温岭太平毓敏西医诊所,92331081MADQ921EXB,,无等级,,66217.0
温岭太平汤氏口腔诊所,92331081MA2G6NFQ9P,,无等级,,66420.0
温岭太平王燕口腔诊所,92331081MA2ANT2L93,,无等级,,66408.0
温岭太平百岁堂中医诊所,91331081MA2AP5CKXU,,无等级,,66314.0
温岭太平罗敏济西医诊所,92331081MA2ALUGE2E,,无等级,,66334.0
温岭太平艾康西医诊所,92331081MADUYXLL9W,,无等级,,66189.0
温岭太平赵曜口腔诊所,92331081MA2AMU60XJ,,无等级,,66353.0
温岭太平陈灵光中医综合诊所,92331081MA2AN5711B,,无等级,,66339.0
温岭太平非凡口腔诊所,92331081MA2G833J1T,,无等级,,66117.0
温岭妃妮施健康管理有限公司太平锦屏路医疗美容诊所,91331081MA2DX66903,,无等级,,66275.0
温岭妍依恩荟美医疗美容有限公司城东医疗美容诊所,91331081MADGCE3R9G,,无等级,,65808.0
温岭安加颜医疗美容有限公司城西医疗美容诊所,91331081MABUD6W056,,无等级,,66428.0
温岭安民医疗有限责任公司太平上水洞路西医诊所,91331081MA2KBXC21B,,无等级,,65636.0
温岭市万佳医疗美容诊所有限公司太平医疗美容诊所,91331081MA2DY4U34R,,无等级,,65875.0
温岭市万悦医疗器械有限公司大溪水仓西医诊所,91331081MA2APU4P8G,,无等级,,66390.0
温岭市万悦医疗器械有限公司松门滨海大道西医诊所,91331081MA2ANCAH0F,,无等级,,66391.0
温岭市世航医疗有限公司太平万寿路儿科诊所,91331081MA2KAFF0X4,,无等级,,65996.0
温岭市东辉医疗有限公司太平万昌全科诊所,91331081MA2AMUJG3R,,无等级,,66387.0
温岭市中医院,123310810873853447,三级,三级,未定级,65680.0
温岭市仁信诊所有限公司松门淋头西医诊所,91331081MA2DY5L802,,无等级,,66426.0
温岭市伊诺美医疗美容有限公司太平医疗美容诊所,91331081MAE6FDD75N,,无等级,,66160.0
温岭市冰山口腔医疗有限责任公司箬横口腔诊所,91331081MA2AP2ML3R,,无等级,,66405.0
温岭市利民口腔诊所有限公司泽国复兴路口腔诊所,91331081MACPFQFC8F,,无等级,,65637.0
温岭市医疗急救指挥中心台州市中西医结合医院急救站,12331081MB0264591E,未定级,未定级,三级,65997.0
温岭市医疗急救指挥中心温岭东方医院急救站,52331081472729123P,未定级,未定级,二级,65909.0
温岭市同铭堂药店有限公司城东中医综合诊所,91331081MADA7Q5L23,,无等级,,66109.0
温岭市坞根镇卫生院迴龙村卫生室,12331081E9696952XM,未定级,未定级,一级,66037.0
温岭市城东街道社区卫生服务中心,12331081E96968906U,一级,一级,未定级,65604.0
温岭市城北街道社区卫生服务中心,12331081472736112R,一级,一级,未定级,65602.0
温岭市城南镇卫生院,12331081E96970643K,一级,一级,未定级,66234.0
温岭市城西街道社区卫生服务中心西溪社区卫生服务站,12331081729096967B,未定级,未定级,一级,65862.0
温岭市壹言堂医疗有限公司箬横人民西路中医综合诊所,91331081MABY6B1X7N,,无等级,,66016.0
温岭市多多口腔医疗有限公司城东东湖路口腔诊所,91331081MA2KA9CH3Q,,无等级,,66245.0
温岭市大溪镇中心卫生院金岙村卫生室,1233108147272914XE,未定级,未定级,无级别,65660.0
温岭市太平街道社区卫生服务中心,12331081730919000M,一级,一级,未定级,65753.0
温岭市宇薇医疗有限公司大溪中医综合诊所,91331081MA2DXYG15G,,无等级,,66258.0
温岭市康康医药连锁有限公司太平三星西医诊所,91331081MA2AM01Q91,,无等级,,65641.0
温岭市康新医疗有限公司东部新区千禧路西医诊所,91331081MA2KALYQX6,,无等级,,66223.0
温岭市康齿口腔医疗有限公司石塘曙光大道口腔诊所,91331081MA2HH6EJX1,,无等级,,66297.0
温岭市恩夫口腔医疗有限公司石塘健民口腔诊所,91331081MA2HE41H9J,,无等级,,66429.0
温岭市恩康诊所有限公司城东恩康西医诊所,91331081MA2AN21E14,,无等级,,66333.0
温岭市惠民医院,12331081792097356F,一级,一级,未定级,65801.0
温岭市政坤口腔诊所有限公司石桥头石新路口腔诊所,91331081MA2K9PJC59,,无等级,,66111.0
温岭市斜一桥哎呗口腔诊所有限公司太平万昌路口腔诊所,91331081MA2AN4XX6G,,无等级,,66103.0
温岭市新河镇卫生院,12331081E96966687P,一级,一级,未定级,65754.0
温岭市旭虹口腔医疗有限责任公司温峤中大街口腔诊所,91331081MA2HHK1Y8G,,无等级,,65761.0
温岭市普仁西医门诊有限公司太平大元桥西医诊所,91331081MA2HEGRE2Q,,无等级,,66338.0
温岭市松门镇卫生院北门社区卫生服务站,123310814724738137,未定级,未定级,一级,65776.0
温岭市桂生口腔医疗有限责任公司箬横新浦路口腔诊所,91331081MACPUAFN6B,,无等级,,66343.0
温岭市横峰街道社区卫生服务中心,12331081730301411F,一级,一级,未定级,65603.0
温岭市泽国海燕诊所有限公司泽国复兴路西医诊所,91331081MA2K74D43M,,无等级,,65624.0
温岭市泽国镇卫生院下郑社区卫生服务站,12331081E969720241,未定级,未定级,无级别,65611.0
温岭市温峤镇中心卫生院桐山社区卫生服务站,123310814727222040,未定级,未定级,一级,65685.0
温岭市滨海镇卫生院,1233108147272228XM,一级,一级,未定级,65960.0
温岭市王康口腔医疗有限公司泽国夹屿泽楚路口腔诊所,91331081MA2HJ77T0N,,无等级,,65688.0
温岭市石塘镇卫生院,12331081E969691594,一级,一级,无级别,65923.0
温岭市石桥头镇卫生院洞桥双岙村卫生室,1233108147272930XM,未定级,未定级,一级,65762.0
温岭市第一人民医院,123310817458062608,三级,三级,未定级,65616.0
温岭市第一人民医院滨海新城院区,12331081472723725Q,二级,二级,未定级,66162.0
温岭市第五人民医院太平门诊部,12331081E96970598J,未定级,未定级,二级,65727.0
温岭市箬横镇中心卫生院严家桥村卫生室,123310814727288680,未定级,未定级,一级,65650.0
温岭市美博口腔医疗有限公司箬横口腔诊所,91331081MA2HHEBE1Y,,无等级,,66318.0
温岭市荣森诊所有限公司城西西溪山庄西医诊所,91331081MA2DXW8M0R,,无等级,,65911.0
温岭市薇悦医疗美容诊所有限公司城东医疗美容诊所,91331081MA2K7J4Y2F,,无等级,,66384.0
温岭康馨医疗有限公司太平三星西医诊所,91331081MAE1BRRC71,,无等级,,66116.0
温岭德瑞口腔医疗有限公司太平口腔诊所,91331081MADN0DW35N,,无等级,,66231.0
温岭恒沣医疗有限公司横峰中西医结合诊所,91331081MADXC3R57L,,无等级,,65765.0
温岭恒诺口腔医疗有限公司新河城南口腔诊所,91331081MA2HJ45M2N,,无等级,,66407.0
温岭新河一品口腔诊所,92331081MA2HHE3U1U,,无等级,,66336.0
温岭新河俊宝口腔诊所,92331081MA2APYGT8A,,无等级,,66357.0
温岭新河定晋口腔医疗有限公司新河南新街口腔诊所,91331081MA2HHGAW8U,,无等级,,66323.0
温岭新河年代口腔医疗有限公司新河锦山西路口腔诊所,91331081MA2HHGR475,,无等级,,66331.0
温岭新河张美平西医诊所（温岭新河张美平西医诊所有限公司）,91331081MADWEWDQ9U,,无等级,,66210.0
温岭新河李雪君全科诊所,91331081MA2DXX5K8N,,无等级,,66287.0
温岭新河百洁口腔诊所,91331081MA2DW16E2J,,无等级,,66415.0
温岭新河美乐口腔诊所,92331081MA2APUKY3A,,无等级,,66320.0
温岭新河莫海永西医诊所,92331081MA2DYHB04N,,无等级,,66159.0
温岭明朗医疗有限公司横峰口腔诊所,91331081MAC76GDX4G,,无等级,,65613.0
温岭朗朗医疗有限公司亭旁口腔诊所,91331022MAD4WJET75,,无等级,,63990.0
温岭朝晖口腔医疗有限公司太平万寿路口腔诊所,91331081MA2K7GQX6X,,无等级,,66251.0
温岭松门于红飞口腔诊所,92331081MA2HH3A94T,,无等级,,66337.0
温岭松门子善口腔诊所,92331081MA2AN4N45Q,,无等级,,66427.0
温岭松门朱君义口腔诊所,91331081MA2DXDDE52,,无等级,,66379.0
温岭松门林素芬口腔诊所,92331081MA2ANDJ28A,,无等级,,66422.0
温岭松门莫云芬口腔诊所,92331081MA2AN3G56K,,无等级,,66298.0
温岭松门蓝天口腔诊所,92331081MA2AN3PH18,,无等级,,66382.0
温岭松门郎氏口腔诊所,92331081MA2APP3B3Y,,无等级,,66292.0
温岭松门郭定聪中医综合诊所,92331081MA2DWFHU1D,,无等级,,66328.0
温岭松门锦园西医诊所,92331081MA2AN41D97,,无等级,,66373.0
温岭松门马剑波口腔诊所,91331081MA2DXG33XX,,无等级,,66380.0
温岭格立盛医疗有限公司城东西医诊所,91331081MADPQ5DM1A,,无等级,,66232.0
温岭横峰万康西医诊所,92331081MA2ANX5H6D,,无等级,,66402.0
温岭横峰军辉口腔诊所,92331081MA2AN66Y8G,,无等级,,66255.0
温岭横峰康洁口腔诊所,92331081MA2G8EFC05,,无等级,,66197.0
温岭横峰慧康西医诊所,92331081MA29XJ2DXK,,无等级,,66394.0
温岭横峰林氏全科诊所,92331081MAE0T20N4C,,无等级,,66173.0
温岭横峰湖悦全科诊所,92331081MACP7PY71H,,无等级,,66308.0
温岭横峰理想口腔诊所,TE3310813300130060,,无等级,,66359.0
温岭横峰范大夫西医诊所,92331081MA2ALFR82L,,无等级,,66372.0
温岭横峰裘东荣全科诊所,92331081MADYCACP59,,无等级,,66176.0
温岭永俪医疗有限公司横峰弘峰华庭西医诊所,91331081MAE4YD1Y1W,,无等级,,66126.0
温岭永军医疗有限公司大溪名溪西医诊所,91331081MA2AMK0D0D,,无等级,,66362.0
温岭永爱医疗有限公司横峰全科诊所,91331081MAEQAXNY5W,,无等级,,65986.0
温岭江志明医疗有限公司泽国中医综合诊所,91331081MAE34LWAXY,,无等级,,66178.0
温岭江英中医诊所有限公司大溪江英中医综合诊所,91331081MACXBPT795,,无等级,,65654.0
温岭泽国丹红口腔诊所,92331081MA2AM5AT4P,,无等级,,66241.0
温岭泽国丽娜西医诊所,92331081MACX980264,,无等级,,66102.0
温岭泽国亮光口腔诊所,92331081MA2HGWRC0K,,无等级,,66291.0
温岭泽国博亚口腔诊所,92331081MA2DU3TH8D,,无等级,,66246.0
温岭泽国博大口腔诊所,92331081MA2APNA7XU,,无等级,,66048.0
温岭泽国呈祥口腔诊所,92331081MA2DX664XL,,无等级,,66348.0
温岭泽国增超口腔诊所,92331081MA2APL7677,,无等级,,66417.0
温岭泽国安悦全科诊所,92331081MADUM0RC8N,,无等级,,66205.0
温岭泽国康悦口腔诊所,92331081MA2HE2PK04,,无等级,,66349.0
温岭泽国张丹虹全科诊所,92331081MADWE6UF6N,,无等级,,66187.0
温岭泽国文康口腔诊所,92331081MA29WFGQ93,,无等级,,66395.0
温岭泽国斌峰全科诊所,92331081MADWE850X0,,无等级,,66193.0
温岭泽国方福宝中医综合诊所,92331081MA2HEAFM52,,无等级,,66174.0
温岭泽国李平西医诊所,92331081MA2AMNCD5K,,无等级,,66406.0
温岭泽国林惠勤口腔诊所,92331081MA2APM364E,,无等级,,66088.0
温岭泽国灵丽口腔诊所,92331081MA2APLUE97,,无等级,,66322.0
温岭泽国王丹口腔诊所,92331081MA2APMT00E,,无等级,,66418.0
温岭泽国腾蛟西医诊所,92331081MA2DU4UX8N,,无等级,,66369.0
温岭泽国蓝天口腔诊所,92331081MA2APM7948,,无等级,,66400.0
温岭泽国郑燕口腔诊所,92331081MA2APNN64H,,无等级,,66335.0
温岭泽国雅平中西医结合诊所,92331081MADUM60C2H,,无等级,,66186.0
温岭泽国雅正口腔诊所,92331081MA2APMCF5X,,无等级,,66264.0
温岭润健医疗有限公司大溪前瓦屿西医诊所,91331081MAEG6Y8E8R,,无等级,,66021.0
温岭温峤海奇安康西医诊所,91331081MA2ANM2G9X,,无等级,,66383.0
温岭温峤灵琴全科诊所,92331081MABQ1X8U2M,,无等级,,66047.0
温岭滨海叶凌江西医诊所,92331081MA2HECJF9P,,无等级,,66216.0
温岭滨海崇锋口腔诊所,92331081MA2G7AKN64,,无等级,,66358.0
温岭滨海应先君西医诊所,92331081MA2KBLHF7K,,无等级,,66294.0
温岭滨海徐海彬口腔诊所,92331081MA2ALE5M4F,,无等级,,66180.0
温岭滨海翰森口腔诊所,92331081MABNX67N7P,,无等级,,66220.0
温岭熙禾医疗美容有限公司城西医疗美容诊所,91331081MADTQ0K73P,,无等级,,65995.0
温岭王亚舟诊所有限公司泽国二环路中西医结合诊所,91331081MA2KA1AXXG,,无等级,,66381.0
温岭琛山医疗有限公司温峤琛山西医诊所,91331081MACD3ATJ4U,,无等级,,66393.0
温岭瑞人堂坞根红军路西医诊所,91331081MA2DWK5386,,无等级,,66279.0
温岭瑞人堂城北浦江西医诊所,91331081MA2DWJ471P,,无等级,,65863.0
温岭瑞人堂大溪德明东路西医诊所,91331081MA2DWK4155,,无等级,,66094.0
温岭瑞人堂太平东城路西医诊所,91331081MA2DWJ7G4B,,无等级,,65961.0
温岭瑞人堂太平县前路西医诊所,91331081MA2DWJHX7T,,无等级,,65881.0
温岭瑞人堂太平鸣远路西医诊所,91331081MA2DWJ6QXB,,无等级,,66278.0
温岭瑞人堂新河振新路西医诊所,91331081MA2DWK87XC,,无等级,,65774.0
温岭瑞人堂松门沿海路西医诊所,91331081MA2DWJKPOA,,无等级,,66277.0
温岭瑞人堂松门迎宾西路西医诊所,91331081MA2DWK0529,,无等级,,66095.0
温岭瑞人堂横峰齐江路西医诊所,91331081MA2DWDNGXR,,无等级,,65720.0
温岭瑞人堂泽国幸福路西医诊所,91331081MA2DWK8P7Q,,无等级,,66063.0
温岭瑞人堂泽国杭温北路西医诊所,91331081MA2DWK2G59,,无等级,,66154.0
温岭瑞人堂泽国泽楚路西医诊所,91331081MA2DWK8F5A,,无等级,,66282.0
温岭瑞人堂温峤龙鸣南路西医诊所,91331081MA2DWJ5MOQ,,无等级,,65719.0
温岭瑞人堂滨海长盛东路西医诊所,91331081MA2DWK407A,,无等级,,66281.0
温岭瑞人堂石塘曙光大道西医诊所,91331081MA2DWJ586X,,无等级,,65963.0
温岭瑞人堂石桥头石桥路西医诊所,91331081MA2DWJ4G5D,,无等级,,65966.0
温岭瑞人堂箬横人民中路西医诊所,91331081MA2DWKE6XD,,无等级,,66283.0
温岭瑞人堂箬横人民西路西医诊所,91331081MA2DWK1K1A,,无等级,,65965.0
温岭益众医疗有限公司横峰下洋林西医诊所,91331081MA2HGW174M,,无等级,,66329.0
温岭益民医疗有限公司横峰西医诊所,91331081MABWYLUE47,,无等级,,66267.0
温岭盛阳诊所有限公司石塘西医诊所,91331081MADKAM4097,,无等级,,66218.0
温岭石塘上马中西医结合诊所,92331081MA2APLWM7X,,无等级,,66208.0
温岭石塘东健西医诊所,92331081MA2APM5H7E,,无等级,,66398.0
温岭石塘亨兵西医诊所,92331081MA2APLT24M,,无等级,,66351.0
温岭石塘仁庆口腔诊所,92331081MA2APMBC42,,无等级,,66285.0
温岭石塘如意口腔诊所,92331081MA2AN4CQ5L,,无等级,,66423.0
温岭石塘庄氏中医综合诊所,92331081MABW90NU7B,,无等级,,66230.0
温岭石塘张大夫西医诊所,91331081MA2AMXRF42,,无等级,,66250.0
温岭石塘旭康西医诊所,91331081MA2ALD8272,,无等级,,66399.0
温岭石塘晓灵全科诊所,92331081MAEDQJGH97,,无等级,,66086.0
温岭石塘潘文青全科诊所,92331081MADPMY9T00,,无等级,,66227.0
温岭石塘王志友西医诊所,92331081MADQFB1R3M,,无等级,,66172.0
温岭石塘益康西医诊所,91331081MA29XRHM0W,,无等级,,66392.0
温岭石塘福音口腔诊所,92331081MA2APP7RXL,,无等级,,66413.0
温岭石塘郑氏中医诊所,92331081MA2APLPN0W,,无等级,,66412.0
温岭石塘陈云良中医综合诊所,92331081MA2DTYF33C,,无等级,,65628.0
温岭石塘陈文静全科诊所,92331081MADWMLCDX2,,无等级,,66177.0
温岭石桥头杨军西医诊所,92331081MADTQ28F8C,,无等级,,66142.0
温岭石桥头阳光如桥口腔诊所,92331081MA2ANWC411,,无等级,,66236.0
温岭磊鑫医疗有限公司东部新区中西医结合诊所,91331081MADWQ5BF8B,,无等级,,66110.0
温岭磊鑫医疗有限公司泽国中西医结合诊所,91331081MADE6PX39T,,无等级,,66224.0
温岭箬横一意口腔诊所,92331081MA7M1FAMXQ,,无等级,,66396.0
温岭箬横丹平全科诊所,92331081MABQHKMLXF,,无等级,,66209.0
温岭箬横侨辉口腔诊所,92331081MA2APXWY8B,,无等级,,65799.0
温岭箬横元君芬西医诊所,92331081MA28HK7BXM,,无等级,,66060.0
温岭箬横友好口腔诊所,92331081MA29Y62Y1F,,无等级,,66371.0
温岭箬横国民口腔诊所,92331081MA2APXXD2W,,无等级,,66385.0
温岭箬横宏康全科诊所,92331081MADW33GR7T,,无等级,,66206.0
温岭箬横幼萌西医诊所,92331081MADWEJF2X3,,无等级,,66194.0
温岭箬横星都西医诊所,92331081MA2DU4QX23,,无等级,,66352.0
温岭箬横春晓口腔诊所,92331081MA2APXTP5F,,无等级,,66397.0
温岭箬横林君英西医诊所,92331081MA28HFY08Y,,无等级,,66244.0
温岭箬横林尧全科诊所,92331081MA2DXTMM15,,无等级,,66293.0
温岭箬横横滨西医诊所,91331081MA2DT110XU,,无等级,,66273.0
温岭箬横江绍德口腔诊所,92331081MA2ANU058C,,无等级,,66401.0
温岭箬横秀丽西医诊所,92331081MADX8WC166,,无等级,,66195.0
温岭箬横阿卫全科诊所,92331081MABRG1RQ6U,,无等级,,66182.0
温岭紫之泓诊所有限公司泽国长泾西医诊所,91331081MAENPMWT01,,无等级,,65806.0
温岭红松鼠儿童口腔诊所有限公司城东口腔诊所,91331081MADCM81L17,,无等级,,66158.0
温岭美福诊所有限公司松门悦湖湾西医诊所,91331081MAEK0GLF0A,,无等级,,65971.0
温岭至初医疗美容有限公司城东医疗美容诊所,91331081MACWHG7844,,无等级,,66153.0
温岭艺精口腔医疗有限公司温西口腔诊所,91331081MAE6UWX090,,无等级,,65932.0
温岭贤斌医疗有限公司大溪象山路口腔诊所,91331081MA2HF19WXB,,无等级,,66098.0
温岭金易德医疗有限公司大溪大桥南路西医诊所,91331081MA2DYA7BX9,,无等级,,66263.0
温岭金易德医疗有限公司大溪秀水路中医综合诊所,91331081MA2K9YNB7P,,无等级,,66306.0
温岭金杰口腔医疗有限公司城北石粘路口腔诊所,91331081MA2HE7TJ1E,,无等级,,66356.0
温岭鑫盛医疗有限公司城东彩屏路西医诊所,91331081MA2DYW427W,,无等级,,66327.0
温岭鑫盛医疗有限公司城北石粘路西医诊所,91331081MADNBC1HX4,,无等级,,66002.0
温岭长誉诊所有限公司太平尚书坊全科诊所,91331081MADKG4JB8J,,无等级,,66198.0
温岭韩辰医疗美容有限公司城东医疗美容诊所,91331081MACHG5AW0R,,无等级,,66082.0
温岭飞腾口腔医疗有限公司城南口腔诊所,91331081MA2KBXWC0D,,无等级,,66243.0
温岭鸿济医疗有限公司城东萧北全科诊所,91331081MADXRPD337,,无等级,,66181.0
温岭麦尔口腔医疗有限公司城北北繁路口腔诊所,91331081MAE5UMTW7G,,无等级,,65994.0
温州亦林医疗美容诊所,91330302MAC6M98A1U,,无等级,,48793.0
温州仟瑞医疗管理有限公司仟裕中医综合诊所,91330304MADDEPHK95,,无等级,,49271.0
温州优嘉医疗管理有限公司鹿城悦尚医疗美容诊所,91330302MAD81QE464,,无等级,,48806.0
温州佑美医疗管理有限公司仙岩佑美口腔诊所,91330304MAEGKLA238,,无等级,,49245.0
温州佳合医疗管理有限公司仙岩佳合口腔诊所,91330304MAEW9X0Y9H,,无等级,,49162.0
温州佳毅健康管理有限公司瓯海郭溪陈建兴口腔诊所,91330304MA2AQB6P46,,无等级,,49458.0
温州俏佳人医疗科技有限公司瓯海俏佳人医疗美容诊所,91330304MA298P8W3U,,无等级,,49287.0
温州兴雅口腔门诊部有限公司瑶溪兴雅口腔诊所,91330303MAELUDBN9C,,无等级,,47967.0
温州军华健康管理有限公司瓯海泽雅黄斌口腔诊所,91330304MA2CTBHQOX,,无等级,,49411.0
温州医科大学附属眼视光医院,123303007743926187,三级,三级,无级别,32774.0
温州华陀缘中西医结合诊所,91330302MAENR65N7Q,,无等级,,48499.0
温州华陀缘医疗美容诊所,91330302MAEN29YM53,,无等级,,48596.0
温州卓颜医疗美容诊所,91330302MAC0HUJ47L,,无等级,,48966.0
温州合漫美谷医疗美容诊所,91330304MACBXHJL86,,无等级,,49293.0
温州嘉豪诊所,91330303MAETLD2J78,,无等级,,47983.0
温州复原医疗管理有限公司瓯海泽雅复原口腔诊所,91330304MAEDTB3A36,,无等级,,49260.0
温州大医堂国医馆有限公司梧田中医综合诊所,91330304MAD44D247D,,无等级,,49297.0
温州大医堂国医馆有限公司欧悦中医综合诊所,91330304MAE3AATG2Y,,无等级,,49262.0
温州娜么美医疗科技有限公司瓯海娜么美内科诊所,91330304MAEL50TT00,,无等级,,49194.0
温州安瑞诊所,91330303MAK1UBXWX6,,无等级,,47960.0
温州容新医疗美容诊所,91330302MA7C49E73X,,无等级,,48689.0
温州市九神堂生物科技有限公司瞿溪中医综合诊所,91330304MAEUMJCJ3H,,无等级,,49157.0
温州市双美健康管理有限公司瓯海梧田新美口腔诊所,91330304MA285F6M4Q,,无等级,,49444.0
温州市合和中西医结合诊所,91330301MACH3PK22W,,无等级,,48182.0
温州市宁康大药房医药连锁有限公司乐清城南中医诊所,913303827639049217,,无等级,,45465.0
温州市平民中医诊所,91330303MAE7NQJ30U,,无等级,,48119.0
温州市平阳县平安医药连锁有限公司五洲店中医坐堂医诊所,913303263501364266,,无等级,,46413.0
温州市平阳县平安医药连锁有限公司大昌药店中医坐堂医诊所,91330326MA7CW9PE3T,,无等级,,46419.0
温州市明和中医诊所,91330303MADWHYJ9XG,,无等级,,48140.0
温州市明辉中医诊所,91330303MAG0C3A03R,,无等级,,47986.0
温州市民基诊所,91330303MAEXU5480P,,无等级,,47970.0
温州市洞头北岙余节梅诊所,92330322MA2AUPXF4D,,无等级,,47910.0
温州市洞头北岙周剑秋诊所,92330322MA2CAU1Q7F,,无等级,,47909.0
温州市洞头北岙庄克非诊所,92330322MA2BT9C26B,,无等级,,47903.0
温州市洞头北岙杨武坚中医诊所,92330322MA2AQG2E23,,无等级,,47905.0
温州市洞头北岙林烨口腔诊所（个体工商户）,92330322MA2JBDLH63,,无等级,,47849.0
温州市洞头北岙秀意口腔诊所,92330322MA2CNGM518,,无等级,,47898.0
温州市洞头北岙英勇口腔诊所,92330322MA2BRP4W3W,,无等级,,47901.0
温州市洞头北岙陈后进口腔诊所,92330322MA2BW7039J,,无等级,,47899.0
温州市洞头北岙陈志明诊所,92330322MA2C1HMC14,,无等级,,47908.0
温州市洞头北岙陈秋麟诊所,92330322MA2C939M6H,,无等级,,47912.0
温州市洞头北岙陈胜吉诊所,92330322MA2C14CB4B,,无等级,,47902.0
温州市洞头北岙陈青程中医综合诊所,92330322MAEXJBU4X3,,无等级,,47855.0
温州市洞头大门忠萍口腔诊所（个体工商户）,92330322MA2CA5U6XM,,无等级,,47843.0
温州市洞头大门林爱凤妇科诊所,92330322MA2C2FP10A,,无等级,,47907.0
温州市温州湾新区星海吴成清诊所,92330301MA2L823N6Q,,无等级,,48151.0
温州市温州湾新区星海章忠武中医诊所,92330301MA2L860XX3,,无等级,,48158.0
温州市致臻颐和医疗美容诊所,91330303MABN9H2A8X,,无等级,,48193.0
温州市莱薇儿妇科诊所,91330303MA2L61M48U,,无等级,,48257.0
温州市铭鼎医疗服务有限公司仰义中西医结合诊所,91330302MACEQGR767,,无等级,,48988.0
温州市铭鼎医疗服务有限公司永兴中西医结合诊所,91330303MA2L3EK953,,无等级,,48154.0
温州市铭鼎医疗服务有限公司鑫隆中西医结合诊所,91330301MADRAED86D,,无等级,,47894.0
温州市铭鼎医疗服务有限公司领誉园中医诊所,91330301MAC5KXXW4Y,,无等级,,48185.0
温州市震鑫中西医结合诊所,91330303MAEAFTNX99,,无等级,,48124.0
温州市高新技术产业开发区平平诊所,TE3303033300342760,,无等级,,48221.0
温州市龙湾中心区张敏妇科诊所,92330303MACR20XR57,,无等级,,48157.0
温州市龙湾区蒲州月亮眼科诊所,91330303MA2J9FY20B,,无等级,,48155.0
温州市龙湾原朱氏中医诊所,91330303MA7K4KF34B,,无等级,,48259.0
温州市龙湾天河周青本诊所,92330301MA2CA5720Q,,无等级,,48292.0
温州市龙湾天河王仁锋口腔诊所,92330303MAD7XF7D9F,,无等级,,48133.0
温州市龙湾孙少云儿科诊所,92330303MA2CB01B89,,无等级,,47974.0
温州市龙湾季绍胜诊所,92330303MA2L934J8C,,无等级,,48128.0
温州市龙湾寿天宇外科诊所,92330303MADPERM117,,无等级,,48138.0
温州市龙湾明珠口腔诊所,92330303MA286BRJ87,,无等级,,47925.0
温州市龙湾杨娟外科诊所,92330303MAEM9H5BXX,,无等级,,48022.0
温州市龙湾杨灵口腔诊所,92330303MAG0D2HT89,,无等级,,47987.0
温州市龙湾林桂娥诊所,92330303MADND0FB86,,无等级,,48134.0
温州市龙湾永中丁金莲诊所,TE3303033300339130,,无等级,,48241.0
温州市龙湾永中冯启高诊所,TE3303033300390490,,无等级,,48231.0
温州市龙湾永中卓伟中医诊所,92330303MA7NK85Y1E,,无等级,,47996.0
温州市龙湾永中周光林诊所,92330303MA2L3Q4Q5J,,无等级,,48256.0
温州市龙湾永中周氏诊所,92330303MAC29CT742,,无等级,,48184.0
温州市龙湾永中夏国亮诊所,TE3303033300387600,,无等级,,48260.0
温州市龙湾永中姜文波诊所,TE3303033300341360,,无等级,,48233.0
温州市龙湾永中孔春梅诊所,92330303MA2CTQTR61,,无等级,,48206.0
温州市龙湾永中安齿口腔诊所,92330303MA2HBHTG84,,无等级,,48174.0
温州市龙湾永中宪理诊所,TE3303033300472320,,无等级,,48307.0
温州市龙湾永中张晓微内科诊所,TE3303033300387710,,无等级,,48278.0
温州市龙湾永中张潇诊所,TE3303033300372280,,无等级,,48199.0
温州市龙湾永中张维聪牙科诊所,TE3303033300439650,,无等级,,48162.0
温州市龙湾永中微笑口腔诊所,92330303MA2BUR2Y9K,,无等级,,48160.0
温州市龙湾永中戴微微妇科诊所,TE3303033300387690,,无等级,,48118.0
温州市龙湾永中方剑凌口腔诊所,TE3303033300373910,,无等级,,48170.0
温州市龙湾永中朱洁好诊所,92330303MA296PJY98,,无等级,,48284.0
温州市龙湾永中朱海晓妇科诊所,TE3303033300414450,,无等级,,48196.0
温州市龙湾永中杨海霞妇科诊所,92330303MA2C77KPON,,无等级,,48187.0
温州市龙湾永中林峥口腔诊所,TE3303033300383300,,无等级,,48171.0
温州市龙湾永中梁付华诊所,92330303MA296PK90C,,无等级,,48302.0
温州市龙湾永中梁鹏口腔诊所,92330303MA2964Y84W,,无等级,,48176.0
温州市龙湾永中正雅口腔诊所,92330303MA2CT3YH3E,,无等级,,48165.0
温州市龙湾永中海帆诊所,92330303MA2BYWGD1M,,无等级,,48270.0
温州市龙湾永中滕虎诊所,92330303MA2979JJ8B,,无等级,,48235.0
温州市龙湾永中爱牙口腔诊所,92330303MA2BT2BP9H,,无等级,,48172.0
温州市龙湾永中王亚夫诊所,92330303MA2C42DF4D,,无等级,,48272.0
温州市龙湾永中王晨才内科诊所,TE3303033300389360,,无等级,,48234.0
温州市龙湾永中王湖诊所,92330303MACEFUXEXH,,无等级,,48181.0
温州市龙湾永中王芳诊所,TE3303033300451940,,无等级,,48217.0
温州市龙湾永中皓皓口腔诊所,92330303MA2L7H3T0U,,无等级,,48153.0
温州市龙湾永中瞿陈宇诊所,TE3303033300342130,,无等级,,48213.0
温州市龙湾永中程小华口腔诊所,92330303MA2JA38P6L,,无等级,,48169.0
温州市龙湾永中董仙飞妇科诊所,92330303MA2C27KA0J,,无等级,,48255.0
温州市龙湾永中街后牙科诊所,TE3303033300483290,,无等级,,48168.0
温州市龙湾永中邵爱增诊所,92330303MA2979NJ3J,,无等级,,48215.0
温州市龙湾永中阿军美珍诊所,92330303MA2BRTLC9Y,,无等级,,48295.0
温州市龙湾永中陈周诊所,TE3303033300341850,,无等级,,48252.0
温州市龙湾永中陈迦道中医诊所,92330303MA2CAEMG54,,无等级,,48212.0
温州市龙湾永中项用欣诊所,TE3303033300339920,,无等级,,48258.0
温州市龙湾永中黄晓海口腔诊所,TE3303033300521180,,无等级,,48163.0
温州市龙湾永兴夏玉英内科诊所,92330303MA7NH1TB0W,,无等级,,48262.0
温州市龙湾永兴季小燕妇科诊所,TE3303033300418530,,无等级,,48236.0
温州市龙湾永兴张河诊所,TE3303033300420100,,无等级,,48249.0
温州市龙湾永兴张珍诊所,92330303MA2H9HHC8D,,无等级,,48238.0
温州市龙湾永兴张立国中医针炙诊所,TE3303033300396200,,无等级,,48245.0
温州市龙湾永兴张维民诊所,TE3303033300339100,,无等级,,48250.0
温州市龙湾永兴晓燕诊所,92330303MA2CNKD12Y,,无等级,,48230.0
温州市龙湾永兴杨仙云内科诊所,92330303MA2L7U5A38,,无等级,,48180.0
温州市龙湾永兴林学赛诊所,TE3303033300423290,,无等级,,48239.0
温州市龙湾永兴益家诊所,92330303MA2CN3W41G,,无等级,,48222.0
温州市龙湾永兴胡云云妇科诊所,TE3303033300494230,,无等级,,48226.0
温州市龙湾永兴范崇银中医诊所,TE3303033300372470,,无等级,,48200.0
温州市龙湾永兴钟家佐内科诊所,92330303MABU7DCN2X,,无等级,,48308.0
温州市龙湾永兴黄集灿诊所,TE3303033300423310,,无等级,,48190.0
温州市龙湾沙城林朝晖诊所,92330301MA2BUG7J8J,,无等级,,48301.0
温州市龙湾海城钱秀林中医诊所,TE3303033300372210,,无等级,,48273.0
温州市龙湾海城陈建口腔诊所,92330301MA2CTUGW51,,无等级,,48152.0
温州市龙湾海滨吴胜和诊所,TE3303033300341920,,无等级,,48188.0
温州市龙湾海滨国兴诊所,TE3303033300340990,,无等级,,48303.0
温州市龙湾海滨孙光法诊所,92330303MA2CQ4ETOB,,无等级,,48216.0
温州市龙湾海滨李昌国诊所,92330303MA2C8BU73H,,无等级,,48277.0
温州市龙湾海滨李隆柄中医诊所,92330303MA29532B7B,,无等级,,48240.0
温州市龙湾海滨林凯诊所,TE3303033300387680,,无等级,,48218.0
温州市龙湾海滨林宝财诊所,TE3303033300419450,,无等级,,48227.0
温州市龙湾海滨韩群诊所,TE3303033300389370,,无等级,,48289.0
温州市龙湾海辰诊所,91330303MAE1RG3T0C,,无等级,,48123.0
温州市龙湾状元伟明诊所,TE3303033300340600,,无等级,,48223.0
温州市龙湾状元何宏贵诊所,TE3303033300380450,,无等级,,48205.0
温州市龙湾状元光泽诊所,92330303MA2C7T1EXA,,无等级,,48253.0
温州市龙湾状元容仁牙堂口腔诊所,92330303MACJT8F36M,,无等级,,48007.0
温州市龙湾状元晓倩诊所,TE3303033300342180,,无等级,,48225.0
温州市龙湾状元李小春妇科诊所,TE3303033300479220,,无等级,,48304.0
温州市龙湾状元王敬飞口腔诊所,92330303MA2C9NRG60,,无等级,,48173.0
温州市龙湾状元王铁雄诊所,92330303MA2CA09F6W,,无等级,,48016.0
温州市龙湾状元珍平诊所,92330303MA2JACAJ4M,,无等级,,48220.0
温州市龙湾状元良华诊所,TE3303033300341570,,无等级,,48232.0
温州市龙湾状元金旭外科诊所,92330303MA2AUMC93L,,无等级,,48254.0
温州市龙湾状元陈景淼诊所,92330303MA2C9RHL46,,无等级,,48224.0
温州市龙湾状元陈芝芬诊所,TE3303033300446630,,无等级,,48208.0
温州市龙湾瑶溪叶英宝诊所,92330303MA2984652T,,无等级,,48276.0
温州市龙湾瑶溪周建华诊所,TE3303033300387370,,无等级,,48285.0
温州市龙湾瑶溪朱成弟诊所,92330303MA296A2X1M,,无等级,,48204.0
温州市龙湾瑶溪林志良诊所,TE3303033300411740,,无等级,,48191.0
温州市龙湾瑶溪永恒口腔诊所,TE3303033300519650,,无等级,,48167.0
温州市龙湾维乐口腔诊所,91330303MADJU4LU1F,,无等级,,48136.0
温州市龙湾胡耀春中西医结合诊所,92330303MA2L8TLN4D,,无等级,,48137.0
温州市龙湾芽医森口腔诊所,92330303MADW3FQC00,,无等级,,48055.0
温州市龙湾蒲州尚庄口腔诊所,91330303MA7NCD4FX1,,无等级,,48175.0
温州市龙湾蒲州徐虎诊所,TE3303033300393080,,无等级,,48207.0
温州市龙湾蒲州汪庆亮诊所,92330303MA2C8GW021,,无等级,,48306.0
温州市龙湾蒲州王晓云诊所,TE3303033300390070,,无等级,,48305.0
温州市龙湾邵氏口腔诊所,92330303MAG1252H3E,,无等级,,47985.0
温州市龙湾铭豪中西医结合诊所,91330303MA7MAJ0306,,无等级,,48268.0
温州市龙湾陈光毅诊所,92330303MADX1CCJ0F,,无等级,,48141.0
温州市龙湾鲁志勇中医诊所,92330303MAE23LWX1J,,无等级,,48131.0
温州平康医疗投资管理有限公司仙岩平康口腔诊所,91330304MA2L372E2A,,无等级,,49202.0
温州康益医疗科技有限公司义盛堂中西医结合诊所,91330304MAE2YXCA8D,,无等级,,49242.0
温州康豪吉健康管理有限公司赵氏中医综合诊所,91330304MAE5JNED97,,无等级,,49268.0
温州延生堂健康管理有限公司大南中医诊所,91330302MAENHDHL1W,,无等级,,48568.0
温州德米尔医疗美容诊所,91330303MA2JCJE8XD,,无等级,,48282.0
温州护牙堂口腔门诊有限公司梧田护牙堂口腔诊所,91330304MA2ARHX624,,无等级,,49370.0
温州旭辉中西医结合诊所有限责任公司海经区中西医结合诊所,91330301MAK10GH22R,,无等级,,47844.0
温州旭通中西医结合诊所,91330303MAEBXXW309,,无等级,,48059.0
温州明眸眼科诊所,91330303MA2L19CD2J,,无等级,,48243.0
温州星联健康管理有限公司瓯海娄桥天天乐口腔诊所,91330304MAE5M7FQ4K,,无等级,,49286.0
温州杨宗仁内科诊所,91330302MACNWQMY3C,,无等级,,48839.0
温州林恩义诊所,92330304MADWPCCEXB,,无等级,,49294.0
温州梵熙美容管理有限公司大南医疗美容诊所,91330302MAEH85HP89,,无等级,,48520.0
温州欧兰阁医疗美容诊所,91330303MAEN0UMD1C,,无等级,,48013.0
温州正姿中西医结合诊所,91330302MAEPN0422Y,,无等级,,47947.0
温州民益乐口腔医疗管理有限公司仙岩口腔诊所,91330304MAD3L0AP6N,,无等级,,49092.0
温州浙一堂健康管理有限公司浙一堂中医综合诊所,91330304MAG077KF31,,无等级,,49124.0
温州海洋经济发展示范区昆鹏张文斌口腔诊所（个体工商户）,92330301MA2BYHFD4W,,无等级,,47858.0
温州海洋经济发展示范区昆鹏薛跃内科诊所,92330301MACQXY4E58,,无等级,,47897.0
温州牙美健康管理有限公司瞿溪美牙口腔诊所,91330304MA2CQE3X0R,,无等级,,49321.0
温州瑞涵颜星医疗美容诊所,91330302MA2L6U9P6J,,无等级,,48787.0
温州瑞美医疗管理有限公司鹿城睦邻口腔诊所,91330302MAK209Q99W,,无等级,,48382.0
温州瓯江口产业集聚区昆鹏侯再怀内科诊所,92330301MA7AR6XF5P,,无等级,,47906.0
温州瓯江口产业集聚区昆鹏谢保田内科诊所,92330301MACC5AL24A,,无等级,,47911.0
温州瓯江口产业集聚区灵昆娄进华诊所,92330301MA2C2U3L55,,无等级,,47904.0
温州瓯江口产业集聚区灵昆陈爱钗口腔诊所,92330301MA2HAWCUXU,,无等级,,47900.0
温州瓯海三垟王苍西内科诊所,92330304MA29AUET1Y,,无等级,,49485.0
温州瓯海三垟陈和义口腔诊所,92330304MA2CQ3693W,,无等级,,49501.0
温州瓯海三垟陈子妙内科诊所,92330304MA2C85295Y,,无等级,,49373.0
温州瓯海三垟陈淑芬妇科诊所,92330304MA29A8H032,,无等级,,49358.0
温州瓯海三垟黄美凤妇科诊所,92330304MA2C51M011,,无等级,,49429.0
温州瓯海丽岙卢茜茜内科诊所,92330304MA2BYW732R,,无等级,,49424.0
温州瓯海丽岙叶笃巨皮肤科诊所,92330304MA2C7EWX14,,无等级,,49451.0
温州瓯海丽岙吴康宪中医综合诊所,92330304MA2BXH744R,,无等级,,49171.0
温州瓯海丽岙周玲箫内科诊所,92330304MA2971A03G,,无等级,,49478.0
温州瓯海丽岙孙丽君口腔诊所,92330304MA2946H05B,,无等级,,49415.0
温州瓯海丽岙张瑞峰中医综合诊所,92330304MA287ERR77,,无等级,,49353.0
温州瓯海丽岙戴旭敏口腔诊所,92330304MA2C73RC8P,,无等级,,49414.0
温州瓯海丽岙林发麟内科诊所,92330304MA287T574G,,无等级,,49446.0
温州瓯海丽岙林春玲内科诊所,92330304MA2JBHY86D,,无等级,,49385.0
温州瓯海丽岙王春才口腔诊所,92330304MAE97FBH9R,,无等级,,49254.0
温州瓯海丽岙郑源雷内科诊所,92330304MA298YJB6U,,无等级,,49437.0
温州瓯海仙岩丁盈盈中医综合诊所,92330304MA2C41YTXX,,无等级,,49357.0
温州瓯海仙岩刘若华内科诊所,92330304MA29ADM5XJ,,无等级,,49390.0
温州瓯海仙岩周良光内科诊所,92330304MADF3B764M,,无等级,,49319.0
温州瓯海仙岩张微琴口腔诊所,92330304MA2CN2EJ79,,无等级,,49439.0
温州瓯海仙岩徐建平内科诊所,92330304MA2CAQ0R86,,无等级,,49365.0
温州瓯海仙岩李波内科诊所,92330304MA29AYNC0G,,无等级,,49392.0
温州瓯海仙岩李知勇内科诊所,92330304MA298K8LX4,,无等级,,49453.0
温州瓯海仙岩樊子汉内科诊所,92330304MA2J8X6E4L,,无等级,,49291.0
温州瓯海仙岩毛礼绿中医综合诊所,92330304MA298NJ57Y,,无等级,,49445.0
温州瓯海仙岩洪万敏中医综合诊所,92330304MA7CDNLN66,,无等级,,49398.0
温州瓯海仙岩涂志钢内科诊所,92330304MA2L56FGXY,,无等级,,49176.0
温州瓯海仙岩王聪棉内科诊所,92330304MA2JAMNU4J,,无等级,,49336.0
温州瓯海仙岩王顺海中西医结合诊所,92330304MA2CNHFA0D,,无等级,,49389.0
温州瓯海仙岩胡晓珍内科诊所,92330304MA2BU8J585,,无等级,,49384.0
温州瓯海仙岩苏春力内科诊所,92330304MA2C5GYE35,,无等级,,49441.0
温州瓯海仙岩郭小波中医综合诊所,92330304MA2CNJJE46,,无等级,,49314.0
温州瓯海仙岩麻良周内科诊所,92330304MA2C6J1H1K,,无等级,,49354.0
温州瓯海华娟医疗服务有限公司郭溪明真中西医结合诊所,91330304MADHYC2L9P,,无等级,,49322.0
温州瓯海南白象余俊内科诊所,92330304MA295CBA07,,无等级,,49487.0
温州瓯海南白象倪建芳内科诊所,92330304MA2HDX2U5J,,无等级,,49470.0
温州瓯海南白象叶爱光内科诊所,92330304MADE4KWN13,,无等级,,49115.0
温州瓯海南白象木燕燕内科诊所,92330304MA2BUPNK24,,无等级,,49518.0
温州瓯海南白象李光荣内科诊所,92330304MA2CTFF734,,无等级,,49366.0
温州瓯海南白象李娜口腔诊所,92330304MAE4K9165X,,无等级,,49172.0
温州瓯海南白象林国良内科诊所,92330304MA2AQPW469,,无等级,,49533.0
温州瓯海南白象林绿媚中医综合诊所,92330304MA2975YH6R,,无等级,,49349.0
温州瓯海南白象梁虎口腔诊所,92330304MAEP299LXH,,无等级,,49156.0
温州瓯海南白象王仙桃妇科诊所,92330304MAEGAPT041,,无等级,,49230.0
温州瓯海南白象秦培东口腔诊所,92330304MA2L1FHR5B,,无等级,,49382.0
温州瓯海南白象蔡正博口腔诊所,92330304MADP3PWW3U,,无等级,,49269.0
温州瓯海南白象陈显芳内科诊所,92330304MA294YREXY,,无等级,,49270.0
温州瓯海南白象项君静中医综合诊所,92330304MA2BWP3294,,无等级,,49421.0
温州瓯海吴建平内科诊所,91330304MACCUAE42W,,无等级,,49331.0
温州瓯海哈啰臻美医疗美容诊所,91330304MADB25LE3A,,无等级,,49236.0
温州瓯海娄桥任旭东内科诊所,92330304MAE4X8R26B,,无等级,,49100.0
温州瓯海娄桥吴月媚妇科诊所,92330304MA2CANMC7E,,无等级,,49364.0
温州瓯海娄桥周善伟内科诊所,92330304MACBUB8G4Y,,无等级,,49177.0
温州瓯海娄桥周海琴内科诊所,92330304MA7DDAFH4A,,无等级,,49378.0
温州瓯海娄桥周素萍内科诊所,92330304MA2L3UYD0F,,无等级,,49514.0
温州瓯海娄桥周飞远内科诊所,92330304MA294KP39T,,无等级,,49380.0
温州瓯海娄桥张仁中医综合诊所,92330304MA299D0N1E,,无等级,,49341.0
温州瓯海娄桥张闯内科诊所,92330304MAEALLNK33,,无等级,,49160.0
温州瓯海娄桥朱华内科诊所,92330304MA7E1UJC96,,无等级,,49363.0
温州瓯海娄桥李素萍内科诊所,92330304MAELXEHN67,,无等级,,49217.0
温州瓯海娄桥杜继鹏中西医结合诊所,92330304MADE69E85Q,,无等级,,49318.0
温州瓯海娄桥杨建海中医综合诊所,92330304MA2BY4TF4T,,无等级,,49367.0
温州瓯海娄桥杨燕飞口腔诊所,92330304MA287EQR0U,,无等级,,49309.0
温州瓯海娄桥池建余口腔诊所,92330304MA2JCGYN1W,,无等级,,49324.0
温州瓯海娄桥牙齐乐口腔诊所,91330304MA2CPWMJ02,,无等级,,49474.0
温州瓯海娄桥王玉球中医综合诊所,92330304MAEMKDJ08A,,无等级,,49229.0
温州瓯海娄桥胡丽丽内科诊所,92330304MA2CQX6R26,,无等级,,49465.0
温州瓯海娄桥谢约翰外科诊所,92330304MAC3XN215T,,无等级,,49360.0
温州瓯海娄桥邱前程内科诊所,92330304MA2C3LKE7G,,无等级,,49449.0
温州瓯海娄桥郑杰口腔诊所,92330304MA2BTGGJXA,,无等级,,49311.0
温州瓯海娄桥金胜丹内科诊所,92330304MA2C6BTN7N,,无等级,,49516.0
温州瓯海娄桥项云霞中医综合诊所,92330304MA2CNKWK9T,,无等级,,49502.0
温州瓯海娄桥高玉芬内科诊所,92330304MA2CNHX62Y,,无等级,,49515.0
温州瓯海娄桥黄玉雪内科诊所,92330304MA2C7E307T,,无等级,,49506.0
温州瓯海徐丽丹口腔医疗有限公司任桥诊所,91330304MADGKHNT4C,,无等级,,49329.0
温州瓯海徐丽丹口腔医疗有限公司曹埭诊所,91330304MADFUETW2L,,无等级,,49298.0
温州瓯海徐志飞医疗管理有限公司梧田徐志飞口腔诊所,91330304MAD7DKR04B,,无等级,,49325.0
温州瓯海徐象勇医疗管理有限公司仙岩徐象勇口腔诊所,92330304MA2C0WXX9H,,无等级,,49381.0
温州瓯海悦佳口腔门诊部有限公司娄桥悦佳口腔诊所,91330304MAK4523A01,,无等级,,49070.0
温州瓯海新桥余风樯内科诊所,92330304MA299LY60P,,无等级,,49396.0
温州瓯海新桥叶玉池内科诊所,92330304MA29773M50,,无等级,,49471.0
温州瓯海新桥叶继彪中医综合诊所,92330304MA2C58WUXX,,无等级,,49419.0
温州瓯海新桥吴向前内科诊所,92330304MADFQLB2X9,,无等级,,49320.0
温州瓯海新桥吴建坤中西医结合诊所,TE3303043300420940,,无等级,,49377.0
温州瓯海新桥吴江水内科诊所,92330304MAEKAQBG7L,,无等级,,49169.0
温州瓯海新桥周湘木中医综合诊所,92330304MA2C3WXN3Y,,无等级,,49495.0
温州瓯海新桥尹建新中医综合诊所,92330304MA2C10C70U,,无等级,,49383.0
温州瓯海新桥张维臻口腔诊所,92330304MA2C40NW1L,,无等级,,49316.0
温州瓯海新桥朱建爱妇科诊所,92330304MA2C200964,,无等级,,49180.0
温州瓯海新桥李洁英内科诊所,92330304MA296L80X7,,无等级,,49479.0
温州瓯海新桥李雪琴内科诊所,92330304MA2C6LAB5B,,无等级,,49468.0
温州瓯海新桥杨一慧内科诊所,92330304MA2C7KHQ51,,无等级,,49484.0
温州瓯海新桥杨勇内科诊所,92330304MA2CNTXC4C,,无等级,,49510.0
温州瓯海新桥林和敏医疗美容诊所,92330304MA2L260661,,无等级,,49490.0
温州瓯海新桥林建内科诊所,92330304MA2C7MM503,,无等级,,49327.0
温州瓯海新桥林权飞内科诊所,92330304MA2977460N,,无等级,,49500.0
温州瓯海新桥林爱娥内科诊所,92330304MA2AUNHK8G,,无等级,,49462.0
温州瓯海新桥潘建光中医综合诊所,92330304MA2BU1E57Q,,无等级,,49430.0
温州瓯海新桥王丰口腔诊所,92330304MAC18GJH79,,无等级,,49308.0
温州瓯海新桥王传怀内科诊所,92330304MABXCPWG5E,,无等级,,49405.0
温州瓯海新桥程吉勇口腔诊所,92330304MA2CQL9C65,,无等级,,49350.0
温州瓯海新桥邹乐琴诊所,92330304MA2ATTYJ9H,,无等级,,49295.0
温州瓯海新桥郑国光中医综合诊所,92330304MA2BU26LX6,,无等级,,49408.0
温州瓯海新桥郑达内科诊所,92330304MA2C5PLN9R,,无等级,,49507.0
温州瓯海新桥陈龙华内科诊所,92330304MA2C8DLH31,,无等级,,49246.0
温州瓯海景山兴麻主爱内科诊所,92330304MAEC6R3093,,无等级,,49263.0
温州瓯海景山叶氏中医综合诊所,92330304MA2C28127F,,无等级,,49406.0
温州瓯海景山崔瑞杰中西医结合诊所,92330304MA287FMFXH,,无等级,,49388.0
温州瓯海景山张小微妇科诊所,92330304MA2C4YPC3Q,,无等级,,49433.0
温州瓯海景山张闻哲口腔诊所,92330304MA2C9T0K37,,无等级,,49285.0
温州瓯海景山徐海标中医综合诊所,92330304MA2C7EC20A,,无等级,,49519.0
温州瓯海景山朱建素口腔诊所,92330304MA2AQ9H47Q,,无等级,,49185.0
温州瓯海景山李惠琴妇科诊所,92330304MA2C4YY45E,,无等级,,49532.0
温州瓯海景山杨启鹏内科诊所,92330304MA295EP62U,,无等级,,49288.0
温州瓯海景山林其达内科诊所,92330304MA2L1UGN7F,,无等级,,49529.0
温州瓯海景山林宇东内科诊所,92330304MA297DUDXM,,无等级,,49448.0
温州瓯海景山林郁聪全科诊所,92330304MA297AMD04,,无等级,,49371.0
温州瓯海景山潘秀娟内科诊所,92330304MA29AK3P1K,,无等级,,49359.0
温州瓯海景山潘胜波中医综合诊所,92330304MA296WL61L,,无等级,,49418.0
温州瓯海景山王娥丽妇科诊所,92330304MA2C3DA66F,,无等级,,49403.0
温州瓯海景山王珍珍中医综合诊所,92330304MA2BXH3J18,,无等级,,49386.0
温州瓯海景山王维众中医综合诊所,92330304MA2BRGY912,,无等级,,49402.0
温州瓯海景山蒋密女妇科诊所,92330304MA2BXPEQ05,,无等级,,49343.0
温州瓯海景山陈朝中口腔诊所,92330304MA2C6XCR1R,,无等级,,49310.0
温州瓯海柯宗成医疗管理有限公司陈辉口腔诊所,92330304MA2BYMPU0L,,无等级,,49440.0
温州瓯海梧田余成锐内科诊所,92330304MA2CN3YQ48,,无等级,,49527.0
温州瓯海梧田卢春燕妇科诊所,92330304MA296YG57X,,无等级,,49127.0
温州瓯海梧田卢立国中医综合诊所,92330304MA2977X49E,,无等级,,49379.0
温州瓯海梧田叶文权内科诊所,92330304MA2C3WB726,,无等级,,49372.0
温州瓯海梧田叶灵口腔诊所,92330304MA2C3T2699,,无等级,,49503.0
温州瓯海梧田吴春燕妇科诊所,92330304MA2974JGXL,,无等级,,49482.0
温州瓯海梧田周景郁内科诊所,92330304MA2CQJ208Q,,无等级,,49434.0
温州瓯海梧田夏向芳中医综合诊所,92330304MA2975FM6Q,,无等级,,49252.0
温州瓯海梧田徐泉内科诊所,92330304MA2CA5MP4M,,无等级,,49426.0
温州瓯海梧田林凤外科诊所,92330304MA2C5Y8459,,无等级,,49375.0
温州瓯海梧田林哲口腔诊所,92330304MA2C0J0C1A,,无等级,,49395.0
温州瓯海梧田林琦医疗美容诊所,92330304MA2H9LP87C,,无等级,,49306.0
温州瓯海梧田林逢春中医综合诊所,91330302MACBG0ER62,,无等级,,49475.0
温州瓯海梧田林金凤口腔诊所,92330304MA2BWGP16Q,,无等级,,49339.0
温州瓯海梧田毛慧华内科诊所,92330304MA286LA019,,无等级,,49517.0
温州瓯海梧田汪海洁内科诊所,92330304MA2C5X5P5L,,无等级,,49480.0
温州瓯海梧田潘丽娟妇科诊所,92330304MA2C66422H,,无等级,,49512.0
温州瓯海梧田潘毓荣中医综合诊所,92330304MA295CLP7D,,无等级,,49535.0
温州瓯海梧田潘玉平内科诊所,92330304MA2BTHFF38,,无等级,,49499.0
温州瓯海梧田潘胜芬内科诊所,92330304MA295UWA3D,,无等级,,49344.0
温州瓯海梧田潘锦晓内科诊所,92330304MA2C2D3585,,无等级,,49450.0
温州瓯海梧田王国造中西医结合诊所,92330304MA2H910U3P,,无等级,,49361.0
温州瓯海梧田王小东口腔诊所,92330304MA2CTE1X47,,无等级,,49315.0
温州瓯海梧田王建龙内科诊所,92330304MA2L1BFG1D,,无等级,,49346.0
温州瓯海梧田王朝彪内科诊所,92330304MA2J8K4J7E,,无等级,,49473.0
温州瓯海梧田王楚平内科诊所,92330304MA2BYWP88C,,无等级,,49387.0
温州瓯海梧田王武内科诊所,92330304MA2978P32W,,无等级,,49337.0
温州瓯海梧田王海军中医综合诊所,92330304MA2BW2P26L,,无等级,,49511.0
温州瓯海梧田王爱华妇科诊所,92330304MA2CP52D0P,,无等级,,49307.0
温州瓯海梧田王盛口腔诊所,92330304MA2C77287T,,无等级,,49416.0
温州瓯海梧田白德洪内科诊所,92330304MA2C6CD69R,,无等级,,49431.0
温州瓯海梧田程雪微内科诊所,92330304MA2979A809,,无等级,,49407.0
温州瓯海梧田翁超超内科诊所,92330304MA2L77Y542,,无等级,,49489.0
温州瓯海梧田胡建华中医综合诊所,92330304MADHM2BCXF,,无等级,,49326.0
温州瓯海梧田胡明华中医综合诊所,92330304MA2CBAUY87,,无等级,,49333.0
温州瓯海梧田胡静洁中医综合诊所,92330304MA297BD77D,,无等级,,49428.0
温州瓯海梧田郑锦荣儿科诊所,92330304MA296QCM9J,,无等级,,49508.0
温州瓯海梧田陈云中医综合诊所,92330304MA296LJH9K,,无等级,,49534.0
温州瓯海梧田陈冬雪内科诊所,92330304MA2CNF3W99,,无等级,,49244.0
温州瓯海梧田陈洁内科诊所,92330304MA296NBT1T,,无等级,,49438.0
温州瓯海梧田陈相娟内科诊所,92330304MA7CBPHG8W,,无等级,,49420.0
温州瓯海梧田陈策口腔诊所,92330304MA2BWTLAXG,,无等级,,49412.0
温州瓯海梧田高萍中医综合诊所,92330304MA2CB0K25B,,无等级,,49476.0
温州瓯海梧田魏伊艳内科诊所,92330304MA2L722U1C,,无等级,,49348.0
温州瓯海梧田鲁志林内科诊所,92330304MA2AU7CRXY,,无等级,,49524.0
温州瓯海梧田黄益清内科诊所,92330304MAEDDE7X8X,,无等级,,49240.0
温州瓯海泽雅周作平内科诊所,92330304MA7L9LR82Y,,无等级,,49477.0
温州瓯海泽雅王宪浩内科诊所,92330304MA2CQJD162,,无等级,,49423.0
温州瓯海潘桥仇敏内科诊所,92330304MA29714X5J,,无等级,,49393.0
温州瓯海潘桥余希诚内科诊所,92330304MA296RYW3L,,无等级,,49483.0
温州瓯海潘桥余珍南内科诊所,92330304MA2C2XY25M,,无等级,,49347.0
温州瓯海潘桥周焕盛内科诊所,92330304MA2AWQ4R1D,,无等级,,49452.0
温州瓯海潘桥巢初福内科诊所,92330304MA2L3Q7M1J,,无等级,,49504.0
温州瓯海潘桥张小燕口腔诊所,92330304MAEY0FYN9T,,无等级,,49091.0
温州瓯海潘桥张龙华中医综合诊所,92330304ma2cb0b1x7,,无等级,,49442.0
温州瓯海潘桥林露嫦内科诊所,92330304MA7E9D939J,,无等级,,49345.0
温州瓯海潘桥江义内科诊所,92330304MA295DHH9K,,无等级,,49472.0
温州瓯海潘桥潘爱忠内科诊所,92330304MA2JALY063,,无等级,,49404.0
温州瓯海潘桥王克华内科诊所,92330304MA2BU45QX3,,无等级,,49352.0
温州瓯海潘桥白建琪内科诊所,92330304MA2C83BF6W,,无等级,,49178.0
温州瓯海潘桥郑胜亮内科诊所,92330304MA29AW6M9C,,无等级,,49528.0
温州瓯海潘桥高海秋内科诊所,92330304MADJ4UBH0E,,无等级,,49304.0
温州瓯海潘桥高祥挺中医综合诊所,92330304MA29791X8L,,无等级,,49455.0
温州瓯海潘桥黄剑秋妇科诊所,92330304MA2L1RN649,,无等级,,49457.0
温州瓯海眼科门诊部有限公司娄桥眼科诊所,91330304MAD1PK7D3D,,无等级,,49369.0
温州瓯海瞿溪刘军妇科诊所,92330304MA2CNKEE5R,,无等级,,49413.0
温州瓯海瞿溪吴松波内科诊所,92330304MA2ATFWL49,,无等级,,49481.0
温州瓯海瞿溪吴波内科诊所,92330304MA2BUP5714,,无等级,,49522.0
温州瓯海瞿溪吴祖锋口腔诊所,92330304MA299YD54T,,无等级,,49394.0
温州瓯海瞿溪吴秀建内科诊所,92330304MA287DPK45,,无等级,,49443.0
温州瓯海瞿溪周小红内科诊所,92330304MA2HB9MG1N,,无等级,,49521.0
温州瓯海瞿溪张宏力内科诊所,92330304MA2AURC62R,,无等级,,49463.0
温州瓯海瞿溪徐盛口腔诊所,92330304MA29AN4U7M,,无等级,,49312.0
温州瓯海瞿溪林圣乐口腔诊所,91330304MA2L5TPW78,,无等级,,49488.0
温州瓯海瞿溪林建红口腔诊所,92330304MA2BXN7LXU,,无等级,,49300.0
温州瓯海瞿溪林建锡内科诊所,92330304MA2CA19E0Y,,无等级,,49374.0
温州瓯海瞿溪林洁港中医综合诊所,92330304MA2C21PW6H,,无等级,,49513.0
温州瓯海瞿溪沈隆中医综合诊所,92330304MA2ARRA12R,,无等级,,49520.0
温州瓯海瞿溪潘爱兰妇科诊所,92330304MA2C3T6PXF,,无等级,,49509.0
温州瓯海瞿溪潘雷波中医综合诊所,92330304MA2C2FEH1Q,,无等级,,49459.0
温州瓯海瞿溪王斌内科诊所,92330304MA295KMBOK,,无等级,,49531.0
温州瓯海瞿溪王永沩内科诊所,92330304MA2C0LE16C,,无等级,,49351.0
温州瓯海瞿溪王银锋内科诊所,92330304MA2JC4XM4Q,,无等级,,49493.0
温州瓯海瞿溪虞品旺内科诊所,92330304MA2C86NU34,,无等级,,49399.0
温州瓯海瞿溪许立彬内科诊所,92330304MA7EW3RG8J,,无等级,,49523.0
温州瓯海瞿溪贾徐勇中医综合诊所,92330304MA2C24KW24,,无等级,,49397.0
温州瓯海瞿溪陈银勋内科诊所,92330304MA286KTW1R,,无等级,,49467.0
温州瓯海瞿溪马长金中医综合诊所,92330304MA2C6D050A,,无等级,,49400.0
温州瓯海瞿溪鲁玲玲内科诊所,92330304MA29711E0J,,无等级,,49342.0
温州瓯海瞿溪黄志雄中医综合诊所,92330304MA2C2R4W3R,,无等级,,49454.0
温州瓯海经济开发区卢爱滔中医综合诊所,92330304MA2C81K64C,,无等级,,49340.0
温州瓯海经济开发区林美琴内科诊所,92330304MA287TXX5J,,无等级,,49417.0
温州瓯海经济开发区白德柱全科诊所,92330304MA2BRQDM1P,,无等级,,49174.0
温州瓯海经济开发区陈亨虎内科诊所,92330304MA2984YF2U,,无等级,,49425.0
温州瓯海经济开发区陈春蕊内科诊所,92330304MA2L7D4W05,,无等级,,49427.0
温州瓯海经济开发区黄品钧内科诊所,92330304MA295A5D1W,,无等级,,49355.0
温州瓯海经济开发区黄荣听内科诊所,92330304MA296GBC37,,无等级,,49432.0
温州瓯海茶山孙仁义口腔诊所,92330304MA2AUDE83K,,无等级,,49317.0
温州瓯海茶山木权通中医综合诊所,92330304MA2C0Q7M79,,无等级,,49464.0
温州瓯海茶山木金燕口腔诊所,92330304MA2CQ3NG9H,,无等级,,49323.0
温州瓯海茶山林庆法中医综合诊所,92330304MA2BRWGA93,,无等级,,49435.0
温州瓯海茶山王明良内科诊所,92330304MA2HC2R76Q,,无等级,,49391.0
温州瓯海茶山黄建平口腔诊所,92330304MA2BXYQM99,,无等级,,49332.0
温州瓯海郑国洪中医医疗管理有限公司中医综合诊所,92330304MA2BWWKK32,,无等级,,49335.0
温州瓯海郭溪任一之内科诊所,92330304MA7KMBXP2E,,无等级,,49494.0
温州瓯海郭溪倪建安口腔诊所,92330304MA2BRGP35G,,无等级,,49330.0
温州瓯海郭溪刘伟口腔诊所,92330304MA2HB9QN47,,无等级,,49447.0
温州瓯海郭溪叶冬蕊内科诊所,92330304MA2CQ5MA94,,无等级,,49460.0
温州瓯海郭溪吴圣槐内科诊所,92330304MADL2WC8XH,,无等级,,49313.0
温州瓯海郭溪吴良朋内科诊所,92330304MA2C82RQ5B,,无等级,,49536.0
温州瓯海郭溪吴苏村内科诊所,92330304MA296XUK6G,,无等级,,49486.0
温州瓯海郭溪吴鉴叟中医综合诊所,92330304MA297B7K5H,,无等级,,49505.0
温州瓯海郭溪周克俊内科诊所,92330304MA7C89TP8T,,无等级,,49356.0
温州瓯海郭溪夏晓东内科诊所,92330304MA2BTH1G2N,,无等级,,49491.0
温州瓯海郭溪孔庆栋内科诊所,92330304MA2C3KGUXR,,无等级,,49497.0
温州瓯海郭溪左雪武内科诊所,92330304MA2956AH5W,,无等级,,49328.0
温州瓯海郭溪徐利影口腔诊所,92330304MA29987B40,,无等级,,49492.0
温州瓯海郭溪朱家菊妇科诊所,92330304MA2JA32A5G,,无等级,,49461.0
温州瓯海郭溪李相华内科诊所,92330304MA2C2NQK4F,,无等级,,49436.0
温州瓯海郭溪李莉瑜内科诊所,92330304MA2CQ61L81,,无等级,,49530.0
温州瓯海郭溪林冬兰内科诊所,92330304MA2CPRRA57,,无等级,,49525.0
温州瓯海郭溪林冬文内科诊所,92330304MA2CQBA904,,无等级,,49498.0
温州瓯海郭溪林品锡内科诊所,92330304MA2CQH0Y85,,无等级,,49456.0
温州瓯海郭溪林明芳内科诊所,92330304MA297C5W3G,,无等级,,49422.0
温州瓯海郭溪浦北凌氏诊所,92330304MA2BUMYQ3B,,无等级,,49469.0
温州瓯海郭溪胡昕中医综合诊所,92330304MA296YQ265,,无等级,,49496.0
温州瓯海郭溪胡龙华内科诊所,92330304MA2CB23060,,无等级,,49368.0
温州瓯海郭溪谢尚霖内科诊所,92330304MA2BYAU55L,,无等级,,49401.0
温州瓯海郭溪谢道旺内科诊所,92330304MACPMBJ299,,无等级,,49410.0
温州瓯海郭溪邱世锋中医综合诊所,TE3303043300199590,,无等级,,49334.0
温州瓯海郭溪邱彩玲口腔诊所,92330304MA7NFMN92R,,无等级,,49305.0
温州瓯海郭溪金海武内科诊所,92330304MA2CABJE1D,,无等级,,49362.0
温州瓯海郭溪陈云明内科诊所,92330304MA7DNWT254,,无等级,,49526.0
温州瓯海郭溪陈西美内科诊所,92330304MAE97TBJ3P,,无等级,,49275.0
温州瓯海郭溪黄定包内科诊所,92330304MA2BXKJ571,,无等级,,49376.0
温州瓯海青囊医疗管理有限公司胡俊波中医综合诊所,91330304MAK142KU4A,,无等级,,49105.0
温州瓯海黄加珍医疗管理有限公司南白象黄加珍口腔诊所,91330304MACX5MDH88,,无等级,,49338.0
温州礼锦口腔诊所有限公司蟠凤礼锦口腔诊所,91330304MAE5Q6B725,,无等级,,49274.0
温州秦友元内科诊所,91330303MAC9C2GD6R,,无等级,,48189.0
温州约翰正骨外科诊所,91330302MAEJ2D073N,,无等级,,48582.0
温州经济技术开发区天河叶玲玲口腔诊所,92330301MA2L711D3U,,无等级,,48149.0
温州经济技术开发区天河戴凌云妇科诊所,92330301MA2AUU8H5T,,无等级,,48288.0
温州经济技术开发区天河林宝秋内科诊所,92330301MA2L3UUB9W,,无等级,,48274.0
温州经济技术开发区天河林青梅妇科诊所,92330301MA2ATMFF6G,,无等级,,48211.0
温州经济技术开发区天河潘雪兰内科诊所,92330301MA2L381B4G,,无等级,,48266.0
温州经济技术开发区天河陈斌口腔诊所,92330301MA2ATMFB33,,无等级,,48142.0
温州经济技术开发区天河陈月娥妇科诊所,92330301MA2JA4353N,,无等级,,48229.0
温州经济技术开发区天河项金水内科诊所,92330301MA2AQLQX45,,无等级,,48192.0
温州经济技术开发区星海吴方世中医诊所,92330301MA2BY5C576,,无等级,,48242.0
温州经济技术开发区星海林秋兰妇科诊所,92330301MA7J81H442,,无等级,,48156.0
温州经济技术开发区星海林绍赤内科诊所,92330301MA2L7HJ64U,,无等级,,48194.0
温州经济技术开发区星海狄昭芳中西医结合诊所,92330381MA2C0FA30H,,无等级,,48281.0
温州经济技术开发区星海陈小玲内科诊所,92330301MA2L2KTL16,,无等级,,48296.0
温州经济技术开发区星海黄祥景西医内科诊所,92330301MA2L5RNQXW,,无等级,,48279.0
温州经济技术开发区沙城刘飞内科诊所,92330301MA29A2PB88,,无等级,,48275.0
温州经济技术开发区沙城吴文杰内科诊所,92330301MA2CPC4Y48,,无等级,,48197.0
温州经济技术开发区沙城孙卫国口腔诊所,92330301MA2BRP6G5L,,无等级,,48178.0
温州经济技术开发区沙城孙珍儿科诊所,92330301MA2C8DFL8U,,无等级,,48264.0
温州经济技术开发区沙城章晓清内科诊所,92330301MA2C2MRB4A,,无等级,,48287.0
温州经济技术开发区沙城蔡培清内科诊所,92330301MA296KGT5J,,无等级,,48183.0
温州经济技术开发区沙城项敏洁中医诊所,92330301MA2CT4GA45,,无等级,,48201.0
温州经济技术开发区海城张军伟中医诊所,92330301MA2BY5EK2G,,无等级,,48271.0
温州经济技术开发区海城戴跃霞西医内科诊所,92330301MA2C22UC7N,,无等级,,48265.0
温州经济技术开发区海城林娜妇科诊所,92330301MA29577D6N,,无等级,,48294.0
温州经济技术开发区海城涂俊杰口腔诊所,92330301MA295NLN0K,,无等级,,48135.0
温州经济技术开发区海城涂思贤中医诊所,92330301MA29ALCG81,,无等级,,48198.0
温州经济技术开发区海城郑志口腔诊所,92330301MA2J8B490A,,无等级,,48159.0
温州经济技术开发区海城钱明远口腔诊所,92330301MA2C5EHL74,,无等级,,48166.0
温州经济技术开发区海城陈小隆西医内科诊所,92330301MA294LGMXF,,无等级,,48300.0
温州经济技术开发区海城陈龙珠中医诊所,92330301MA2L5D9A17,,无等级,,48269.0
温州经济技术开发区滨海孔玉霜中医诊所,92330301MA294RL40Y,,无等级,,48228.0
温州经济技术开发区滨海徐晓谦中西医结合诊所,92330301MA2CAKCW91,,无等级,,48290.0
温州经济技术开发区滨海戴建内科诊所,92330301MA2ARGKT5K,,无等级,,48261.0
温州经济技术开发区滨海甘苏庭西医内科诊所,92330301MA2CQUGH69,,无等级,,48280.0
温州经济技术开发区滨海翁谢华内科诊所,92330301MA2J9C3X94,,无等级,,48297.0
温州经济技术开发区滨海蓝如海内科诊所,92330301MA2AQP2U88,,无等级,,48299.0
温州经济技术开发区滨海郑昌升中医内科诊所,92330301MA2AULPF22,,无等级,,48214.0
温州经济技术开发区滨海雷顺跃外科诊所,92330301MA2JBD45XM,,无等级,,48298.0
温州经济技术开发区滨海项光松中医诊所,92330301MA286T2B2A,,无等级,,48267.0
温州联瑞医疗管理有限公司联瑞内科诊所,91330304MADJBWUB66,,无等级,,49258.0
温州舒正诊所,91330303MACEDTRM3X,,无等级,,48147.0
温州艾美形医疗美容科技有限公司鹿城府东医疗美容诊所,91330302MACA0QEF04,,无等级,,48741.0
温州茶山口腔医疗管理有限公司茶山口腔诊所,91330304MA285YGW1U,,无等级,,49409.0
温州蕊漾医疗美容诊所,91330303MAD9T7GD4A,,无等级,,48143.0
温州藤源医疗管理有限公司马鞍池内科诊所,91330302MADPHWYMX7,,无等级,,48749.0
温州观复堂中西医结合诊所,91330302MA7M07CH4R,,无等级,,48969.0
温州观恒堂中医馆有限公司瓯海三垟中医综合诊所,91330304MAEAMRTG0C,,无等级,,49272.0
温州迪贝雅医疗美容诊所,91330303MA2L2PHR8T,,无等级,,48139.0
温州金御康中西医结合诊所,91330301MACTELTC1J,,无等级,,47980.0
温州铭德医疗管理有限公司双岙嘉苑内科诊所,91330302MADFR0319A,,无等级,,48788.0
温州雅各恒恩口腔诊所,91330303MAC2HMKD7U,,无等级,,48019.0
温州雅美健康管理有限公司瓯海瞿溪恒美口腔诊所,91330304MAEA6B5576,,无等级,,49257.0
温州韩薇儿医疗美容诊所,91330302MA7M3GQ3X5,,无等级,,48684.0
温州颐馨医养服务有限公司南郊中医诊所,91330302MADW65BB6B,,无等级,,48744.0
温州颐馨医养服务有限公司梧田中医综合诊所,91330304MADWYUJ917,,无等级,,49299.0
温州颐馨医养服务有限公司潘桥中医综合诊所,91330304MADYAUNP9F,,无等级,,49296.0
温州高新技术产业开发区刘小莉诊所,92330303MA2AQGU57N,,无等级,,48286.0
温州高新技术产业开发区北岸诊所,TE3303033300507250,,无等级,,48210.0
温州高新技术产业开发区叶连建中医诊所,92330303MA2C89KK0Q,,无等级,,48263.0
温州高新技术产业开发区妃悦医疗美容诊所,92330303MA2CQA3U5Q,,无等级,,48246.0
温州高新技术产业开发区李佩佩诊所,92330303MA2C6A0X12,,无等级,,48126.0
温州高新技术产业开发区杨娟诊所,92330303MA2AWTLT4J,,无等级,,48202.0
温州高新技术产业开发区杨珍妇科诊所,92330303MA2ARGFD23,,无等级,,48283.0
温州高新技术产业开发区林文赛诊所,92330303MA298BWX6F,,无等级,,48203.0
温州高新技术产业开发区燕湖内科诊所,TE3303033300423730,,无等级,,48293.0
温州高新技术产业开发区瑾瑾中医诊所,92330303MA294X4U1Q,,无等级,,47991.0
温州高新技术产业开发区荣荣诊所,TE3303033300342310,,无等级,,48237.0
温州高新技术产业开发区金氏诊所,TE3303033300425570,,无等级,,48195.0
温州高新技术产业开发区阮泽民诊所,92330303MA2BWATC58,,无等级,,48219.0
温州高新技术产业开发区陈奕联合诊所,92330303MA297FT612,,无等级,,48244.0
温州高新技术产业开发区陈小墨诊所,TE3303033300339850,,无等级,,48209.0
温州高新技术产业开发区陈曾华诊所,92330303MA2CPCDN1N,,无等级,,48247.0
温州高新技术产业开发区陈锡修诊所,TE3303033300393070,,无等级,,48248.0
温州高新技术产业开发区雅致口腔诊所,TE3303033300469240,,无等级,,48177.0
温州鹿城一聿医疗美容诊所,91330302MACHK4XC21,,无等级,,48368.0
温州鹿城丁丽芳中西医结合诊所,92330302MA2AR5LR57,,无等级,,48826.0
温州鹿城严和忠内科诊所,92330302MA2L2PB924,,无等级,,48962.0
温州鹿城乐宁医疗美容诊所,91330302MAEXKANX5T,,无等级,,48400.0
温州鹿城乐肤医疗美容诊所,91330302MACUTJ0302,,无等级,,48831.0
温州鹿城仁心内科诊所,91330302MAEUQQEH08,,无等级,,48528.0
温州鹿城付小云妇科诊所,92330302MA295CXQ12,,无等级,,48892.0
温州鹿城仟朵医疗美容诊所,91330302MAEJUDGR1F,,无等级,,48599.0
温州鹿城仰义陈金龙内科诊所,92330302MA2L4U1P4C,,无等级,,48935.0
温州鹿城优齿堂口腔诊所,91330302MAD46F3P15,,无等级,,48685.0
温州鹿城何美英妇科诊所,92330302MAD6BN8N8H,,无等级,,48812.0
温州鹿城余彬内科诊所,92330302MADH3PXK4Y,,无等级,,48786.0
温州鹿城依牙口腔诊所,91330302MA2L84FR0D,,无等级,,48577.0
温州鹿城倾颜医疗美容诊所,91330302MACME20N9H,,无等级,,48792.0
温州鹿城健仁内科诊所,91330302MAEWQK0Q0E,,无等级,,48531.0
温州鹿城全医星内科诊所,91330302MADNJRKG7Y,,无等级,,48755.0
温州鹿城全益素内科诊所,92330302MABNE0QA1F,,无等级,,48862.0
温州鹿城刘皖生内科诊所,92330302MADBA40T3U,,无等级,,48780.0
温州鹿城刘铭生中医内科诊所,92330302MA2973Y52M,,无等级,,48815.0
温州鹿城千妗医疗美容诊所,91330302MACDPEFW2Y,,无等级,,48615.0
温州鹿城千颜医疗美容诊所,91330302MAC4TFD39N,,无等级,,48671.0
温州鹿城华悦医疗美容诊所,91330302MA7NHJ9379,,无等级,,48939.0
温州鹿城卓芝松内科诊所,92330302MA2BYB5AXH,,无等级,,48906.0
温州鹿城博美致臻医疗美容诊所,91330302MACFRQKR95,,无等级,,48480.0
温州鹿城厉丽珍口腔诊所,92330302MA2AWEPB1M,,无等级,,48920.0
温州鹿城叶会汉内科诊所,92330302MA2BWQ2337,,无等级,,48999.0
温州鹿城叶志彬口腔诊所,92330302MACCL81105,,无等级,,48931.0
温州鹿城叶慧珠内科诊所,92330302MA7ETJXN0N,,无等级,,48834.0
温州鹿城叶文敏内科诊所,92330302MAD7X5609M,,无等级,,48791.0
温州鹿城叶海英妇科诊所,92330302MABLND98XM,,无等级,,48896.0
温州鹿城叶莲莲口腔诊所,92330302MA2BTUM78W,,无等级,,48397.0
温州鹿城吕玉斋内科诊所,92330302MA2HAGK446,,无等级,,48997.0
温州鹿城吴信祥中医诊所,92330302MA2L8FXR5Q,,无等级,,48779.0
温州鹿城吴永海口腔诊所,92330302MA2L7GHXXJ,,无等级,,48895.0
温州鹿城吴祖昆内科诊所,92330302MA29639FXL,,无等级,,48957.0
温州鹿城周晓妇科诊所,92330302MA2AWW3C93,,无等级,,48857.0
温州鹿城周晓敏中医内科诊所,92330302MACE48224H,,无等级,,48965.0
温州鹿城品德口腔诊所,91330302MAEPBUGY7D,,无等级,,48558.0
温州鹿城哲颜医疗美容诊所,91330302MACJA0MC99,,无等级,,48849.0
温州鹿城唯然易美医疗美容诊所,91330302MAE5J7XQ2Q,,无等级,,48666.0
温州鹿城善玺医疗美容诊所,91330302MACTK2JU67,,无等级,,48845.0
温州鹿城嘉合医疗美容诊所,91330302MACJ2B4N0Q,,无等级,,48734.0
温州鹿城大麦科发医疗美容诊所,91330302MAEJJ0353K,,无等级,,48445.0
温州鹿城妃妮施医疗美容诊所,91330302MADA8C6E9Y,,无等级,,48519.0
温州鹿城妍姿初医疗美容诊所,91330302MADYC26M0L,,无等级,,48381.0
温州鹿城孙珍珍内科诊所,92330302MA2BWW1X9U,,无等级,,48880.0
温州鹿城孙红伟内科诊所,92330302MACGGRYD72,,无等级,,48955.0
温州鹿城季崇德内科诊所,92330302MA2H97XP99,,无等级,,48861.0
温州鹿城季淑贤内科诊所,92330302MA2HDGGK62,,无等级,,48938.0
温州鹿城宁青云口腔诊所,92330302MADDWYUT81,,无等级,,48743.0
温州鹿城宋建海口腔科诊所,92330302MA2BXHCL5W,,无等级,,48836.0
温州鹿城小鹿丽格医疗美容诊所,91330302MACH765X0M,,无等级,,48421.0
温州鹿城应金木中医内科诊所,92330302MA2L33UQ88,,无等级,,48942.0
温州鹿城康效内科诊所,91330302MAENX4XE9F,,无等级,,48572.0
温州鹿城张仁苗口腔诊所,92330302MA2AWCA27N,,无等级,,48876.0
温州鹿城张宗重内科诊所,92330302MA2BY0J826,,无等级,,48956.0
温州鹿城张志贵内科诊所,92330302MA2AQ0HF2N,,无等级,,48512.0
温州鹿城张爱珍内科诊所,92330302MAD9FHQQ5P,,无等级,,48765.0
温州鹿城张福贞中西医结合诊所,92330302MA2C84R67G,,无等级,,48936.0
温州鹿城张胜旗口腔诊所,92330302MA2HA0RF53,,无等级,,48643.0
温州鹿城张速建外科诊所,92330302MAD9NU7Y98,,无等级,,48804.0
温州鹿城彭光高内科诊所,92330302MADC1LBQ75,,无等级,,48801.0
温州鹿城徐丽蓉内科诊所,92330302MAE1M1L50A,,无等级,,48736.0
温州鹿城徐玉华妇科诊所,92330302MA2C0U0T0R,,无等级,,48890.0
温州鹿城徐芳芳中西医结合诊所,92330302MA2C6LTG7L,,无等级,,48864.0
温州鹿城徐顺娟口腔诊所,92330302MACLXB972Y,,无等级,,48785.0
温州鹿城德美喏妇科诊所,91330302MADP8FW60Y,,无等级,,48735.0
温州鹿城心逸中西医结合诊所,91330302MADT2XXN66,,无等级,,48737.0
温州鹿城思悦颜医疗美容诊所,91330302MAET8R2C7D,,无等级,,48457.0
温州鹿城恩美医疗美容诊所,91330302MADL7EM81M,,无等级,,48611.0
温州鹿城戴李芬内科诊所,92330302MAE177KWX5,,无等级,,48641.0
温州鹿城承信中医诊所,91330302MADH3AP92H,,无等级,,48540.0
温州鹿城方圣旺内科诊所,92330302MA7EXMJT09,,无等级,,48841.0
温州鹿城方群妇科诊所,92330302MA294MPD6D,,无等级,,48769.0
温州鹿城昱锦内科诊所,91330302MAECDT994J,,无等级,,48655.0
温州鹿城景冬梅妇科诊所,92330302MAE2QCHT4L,,无等级,,48739.0
温州鹿城曾林云内科诊所,92330302MA2C20K181,,无等级,,48760.0
温州鹿城术妍医疗美容诊所,91330302MABYJ88M4R,,无等级,,48914.0
温州鹿城朱丽丹中医骨伤科诊所,92330302MA2HCWBP3F,,无等级,,48949.0
温州鹿城朱丽珍中医骨伤科诊所,92330302MA2C8B1W35,,无等级,,48889.0
温州鹿城朱其荣妇科诊所,92330302MADXQ8XX4E,,无等级,,48675.0
温州鹿城李兴文中医诊所,92330302MA2C47UB3B,,无等级,,48680.0
温州鹿城李宝俊内科诊所,92330302MA2H9RC56Y,,无等级,,48973.0
温州鹿城李海隆内科诊所,92330302MA2L24PA20,,无等级,,48994.0
温州鹿城杨全霸中医内科诊所,92330302MA2C84UT47,,无等级,,48887.0
温州鹿城杨冬克口腔诊所,92330302MA2L229543,,无等级,,48927.0
温州鹿城杨静华中西医结合诊所,92330302MA2L8D148Y,,无等级,,48800.0
温州鹿城松禾颜集医疗美容诊所,91330302MAE1PT9J1K,,无等级,,48586.0
温州鹿城林型转外科诊所,92330302MA2AUK9999,,无等级,,48832.0
温州鹿城林家东内科诊所,92330302MA2L4WH74X,,无等级,,48903.0
温州鹿城林开诚口腔诊所,92330302MAC8GR8P2B,,无等级,,48726.0
温州鹿城林晓珍口腔诊所,92330302MADMGCBP5F,,无等级,,48730.0
温州鹿城林道兴内科诊所,92330302MA2C3BXF0N,,无等级,,48954.0
温州鹿城林鲜结内科诊所,92330302MABN27C98M,,无等级,,48762.0
温州鹿城柏荟医疗美容诊所,91330302MA2H9JXU2A,,无等级,,48594.0
温州鹿城梵瓯医疗美容诊所,91330302MAC167D39A,,无等级,,48795.0
温州鹿城森海医疗美容诊所,91330302MAD6GJKR3G,,无等级,,48434.0
温州鹿城正荣医疗管理有限公司尚德内科诊所,91330302MAE0TJWW8A,,无等级,,48396.0
温州鹿城浙森医疗美容诊所,91330302MADGK52C98,,无等级,,48578.0
温州鹿城温晖内科诊所,92330302MA7JGE2A7N,,无等级,,49010.0
温州鹿城潘乐平内科诊所,92330302MAD2H1HY4W,,无等级,,48799.0
温州鹿城潘天虹儿科诊所,92330302MA2L6GQCX1,,无等级,,48508.0
温州鹿城潘筱莲内科诊所,92330302MA2JB53G19,,无等级,,48817.0
温州鹿城潘若霜内科诊所,91330302MAD75GRQ2D,,无等级,,48778.0
温州鹿城爱儿康儿科诊所,91330302MAEP2EUC39,,无等级,,48541.0
温州鹿城牙乐美口腔诊所,91330302MAER09WC3G,,无等级,,48525.0
温州鹿城王加龙内科诊所,92330302MA2C69R864,,无等级,,48878.0
温州鹿城王宗关内科诊所,92330302MA2L7PMM6C,,无等级,,48813.0
温州鹿城王宗兴口腔诊所,92330302MA2C7GA074,,无等级,,48855.0
温州鹿城王敬飞口腔诊所,92330302MAC99AKY9N,,无等级,,48777.0
温州鹿城王春霞妇科诊所,92330302MADCJJDC8C,,无等级,,48796.0
温州鹿城王月珍内科诊所,92330302MA2JBAND8U,,无等级,,48907.0
温州鹿城田明珍内科诊所,92330302MAELA8YL6K,,无等级,,48626.0
温州鹿城甲一方皮肤科诊所,91330302MAD36DXU7E,,无等级,,48805.0
温州鹿城皓雅口腔诊所,91330302MAEE5WYT3X,,无等级,,48625.0
温州鹿城益口佳口腔诊所,92330302MA2L8UCW3U,,无等级,,48584.0
温州鹿城益安内科诊所,91330302MAK0UPUP0H,,无等级,,48415.0
温州鹿城知己医疗美容诊所,91330302MAETUB8T06,,无等级,,48370.0
温州鹿城程丽丽内科诊所,92330302MA2HA1C69K,,无等级,,48818.0
温州鹿城程桂优内科诊所,92330302MACKA4CB9H,,无等级,,48395.0
温州鹿城程诒英内科诊所,92330302MA2C1JG00G,,无等级,,48941.0
温州鹿城维他滴中西医结合诊所,91330302MAEB1LU81K,,无等级,,48688.0
温州鹿城美之术烽荟医疗美容诊所,91330302MADR60J33M,,无等级,,48569.0
温州鹿城美之术谧荟妇科诊所,91330302MAEKN7NU7N,,无等级,,48620.0
温州鹿城聚茵美妇科诊所,91330302MA7MLN859D,,无等级,,48844.0
温州鹿城胡北鉴内科诊所,92330302MAC8EAY579,,无等级,,48974.0
温州鹿城胡君士内科诊所,92330302MA2AWQ4J6Q,,无等级,,48891.0
温州鹿城胡建华中医诊所,92330302MACHM26X8G,,无等级,,48933.0
温州鹿城胡秀丽内科诊所,92330302MA2C4T3YXG,,无等级,,48738.0
温州鹿城胡长克内科诊所,92330302MA2L496Q71,,无等级,,48960.0
温州鹿城舒洁皓白口腔诊所,91330302MADDMP641P,,无等级,,48766.0
温州鹿城芭媞芭媞医疗美容诊所,91330302MAE0W8L53W,,无等级,,48706.0
温州鹿城薛海鸥内科诊所,92330302MA2BYR173C,,无等级,,48985.0
温州鹿城虞丽丹口腔诊所,92330302MA2L87PJ7U,,无等级,,48782.0
温州鹿城袁伦英妇科诊所,92330302MA2L7FHW9C,,无等级,,48798.0
温州鹿城褚成锐外科诊所,92330302MADLD3A536,,无等级,,48768.0
温州鹿城言初美学医疗美容诊所,91330302MACKTH9U4E,,无等级,,48485.0
温州鹿城诗丽堂医疗美容诊所,91330302MADGF0EJ1N,,无等级,,48747.0
温州鹿城谷建丹口腔诊所,92330302MA2L866325,,无等级,,48759.0
温州鹿城贺平梅内科诊所,92330302MADJKL549F,,无等级,,48771.0
温州鹿城贾方飞口腔诊所,92330302MA2ATH4XX9,,无等级,,48921.0
温州鹿城赵典节内科诊所,92330302MA2L3RA2X1,,无等级,,48854.0
温州鹿城迈尔斯中西医结合诊所,91330302MAE91GU94U,,无等级,,48627.0
温州鹿城邵少丹口腔诊所,92330302MADKUU8Y3U,,无等级,,48662.0
温州鹿城郑启新内科诊所,92330302MADUPCUQ0H,,无等级,,48748.0
温州鹿城郭忠华内科诊所,92330302MA2BYWD736,,无等级,,48946.0
温州鹿城金丽珍妇科诊所,92330302MADL5K8L43,,无等级,,48775.0
温州鹿城金微华内科诊所,92330302MA2C8Y4T04,,无等级,,48982.0
温州鹿城金斌斌口腔诊所,92330302MA2AU5R336,,无等级,,48565.0
温州鹿城金晓敏妇科诊所,92330302MACB548K1Y,,无等级,,48995.0
温州鹿城针素颜医疗美容诊所,91330302MAD6DG8X1A,,无等级,,48548.0
温州鹿城钧济堂中西医结合诊所,91330302MAK0W0WB1F,,无等级,,48365.0
温州鹿城铂海医疗美容诊所,91330302MACJXK4L8A,,无等级,,48724.0
温州鹿城铂诗玥医疗美容诊所,91330302MACPFCGY6G,,无等级,,48661.0
温州鹿城铭程中医诊所,91330302MACHTRK97J,,无等级,,48823.0
温州鹿城陆西林内科诊所,92330302MA2L85LA2L,,无等级,,48900.0
温州鹿城陈丽中西医结合诊所,92330302MA2HBHG633,,无等级,,49003.0
温州鹿城陈佩妇科诊所,92330302MA2L6J7J4P,,无等级,,48898.0
温州鹿城陈喜内科诊所,92330302MAC50HBJ53,,无等级,,49006.0
温州鹿城陈惠明口腔诊所,92330302MA2C5YKD54,,无等级,,48874.0
温州鹿城陈敏妇科诊所,92330302MA7JCA6833,,无等级,,48851.0
温州鹿城陈淑漫内科诊所,92330302MA2BYJAM15,,无等级,,48725.0
温州鹿城陈澄中内科诊所,92330302MABPRTBC4L,,无等级,,48952.0
温州鹿城陈玉鉴皮肤科诊所,92330302MA2BTDRQ93,,无等级,,49019.0
温州鹿城陈金龙内科诊所,92330302MA2H9L8R4J,,无等级,,48776.0
温州鹿城陈静内科诊所,92330302MA2L89EW9P,,无等级,,48833.0
温州鹿城雍禾医疗美容诊所,91330302MA2CQF653M,,无等级,,48758.0
温州鹿城青华中医诊所,91330302MAD4UFK65D,,无等级,,48802.0
温州鹿城青禾医疗美容诊所,91330302MACMJCNE64,,无等级,,48727.0
温州鹿城韩乐伟外科诊所,92330302MABRHDET6K,,无等级,,48536.0
温州鹿城韩晓叶内科诊所,92330302MABM7ELW9G,,无等级,,48943.0
温州鹿城颜丽雅中医诊所,92330302MA2C1GM00E,,无等级,,48745.0
温州鹿城香悦荟医疗美容诊所,91330302MA2AQ62940,,无等级,,48723.0
温州鹿城马黎静中医皮肤科诊所,92330302MA2BWHLX5U,,无等级,,48865.0
温州鹿城鹿鸣口腔诊所,91330302MAD3LL5C5F,,无等级,,48402.0
温州鹿城麻胜远内科诊所,92330302MA2CRF325C,,无等级,,48750.0
温州鹿城黄奎口腔诊所,92330302MA2L778320,,无等级,,48918.0
温州鹿城黄安建口腔诊所,92330302MA2L7RGG43,,无等级,,48837.0
温州鹿城黄建珊内科诊所,92330302MA2L47U954,,无等级,,48989.0
温州鹿城黄道毅中医外科诊所,92330302MA294PBW0L,,无等级,,48970.0
温州鹿城黑晶元医疗美容诊所,91330302MAEQD01C12,,无等级,,48524.0
温州龙湾悦芽口腔诊所,91330303MAEG0HP88G,,无等级,,47988.0
温州龙湾春芽口腔诊所,91330303MAEG7KFM5U,,无等级,,47962.0
湖头倪雁君诊所,92330702MA2EC0WM2D,,无等级,,57709.0
湖州一笑护齿口腔诊所,91330501MA2JJ2WE51,,无等级,,52736.0
湖州一笑棠中医诊所,91330500MA2B7L0656,,无等级,,52755.0
湖州上岛口腔诊所,91330501MA2D4G6C4T,,无等级,,52898.0
湖州丝得利诊所,9133050359721545XN,,无等级,,52420.0
湖州丽上丽医疗美容诊所,91330501MA29KP612M,,无等级,,52518.0
湖州久成中医诊所,91330502MACB81M809,,无等级,,52768.0
湖州亚美尼医疗美容诊所,91330502MA2D5XHG91,,无等级,,52747.0
湖州仁寿永中医诊所,91330503MA2JJLCD1P,,无等级,,52390.0
湖州仁心堂中医诊所,91330501MACTPJ2B6A,,无等级,,52741.0
湖州仁皇山街道刘颖慧口腔诊所,92330501MA2D4ULT7E,,无等级,,52902.0
湖州仁皇山街道尤雪根口腔诊所,92330500MA29J40G4N,,无等级,,52805.0
湖州仁皇山街道沈建中医诊所,91330500355421031G,,无等级,,52824.0
湖州仁皇山街道研多萃笙花医疗美容诊所,91330501MA2JK5545H,,无等级,,52746.0
湖州仁皇山街道陈光敏口腔诊所,92330500MA29KDMT0L,,无等级,,52897.0
湖州众康诊所,92330502MA2F70YGXQ,,无等级,,52714.0
湖州优美鑫中医诊所,91330502MADNXUYH9J,,无等级,,52537.0
湖州佑明中西医结合诊所,91330501MAEAN10R0B,,无等级,,52711.0
湖州佑民诊所,91330501MAE5NDMAXN,,无等级,,52724.0
湖州佳博口腔诊所,91330502MAC1XR177J,,无等级,,52907.0
湖州依梵医疗美容诊所,91330501MA2JKL063D,,无等级,,52784.0
湖州俪莼医疗美容诊所,91330502MA2B72Q42X,,无等级,,52885.0
湖州倍丽医疗美容诊所,91330502MA2B3UG19Q,,无等级,,52767.0
湖州凤凰恩平中医诊所,9133050169360376XJ,,无等级,,52810.0
湖州凤凰街道侯晓燕口腔诊所,92330501MA29KXA79G,,无等级,,52807.0
湖州凤凰街道冯建华西医内科诊所,91330501MA28C4LY6D,,无等级,,52878.0
湖州凤凰街道吴亚萍口腔诊所,91330501MA28C3159R,,无等级,,52899.0
湖州凤凰街道喻凤珍西医内科诊所,92330501MA29KWHC1D,,无等级,,52750.0
湖州凤凰街道宋罡口腔诊所,92330501MAC49D3KX3,,无等级,,52864.0
湖州凤凰街道应玲玲口腔诊所,92330501MA29J40Q6K,,无等级,,52853.0
湖州凤凰街道恒芳中医诊所,92330501MA2B3Y8355,,无等级,,52826.0
湖州凤凰街道肖华美西医内科诊所,92330501MA2B36JP9H,,无等级,,52852.0
湖州凤凰街道邱萍萍口腔诊所,92330501MA29K8QN35,,无等级,,52874.0
湖州刘刚内科诊所,91330502MAC8EWB0XU,,无等级,,52910.0
湖州创宇口腔诊所,91330501MA2D4P3F4F,,无等级,,52884.0
湖州华财口腔诊所,91330502MA2JL3AC2L,,无等级,,52868.0
湖州南林美之匠医疗美容诊所,91330503MAC917CN6M,,无等级,,52378.0
湖州南浔一心内科诊所,91330503MA2B68Q6XM,,无等级,,52446.0
湖州南浔丁建红牙科诊所,91330503MA2D13BG7C,,无等级,,52451.0
湖州南浔中吉诊所,91330503MACKA9W85W,,无等级,,52395.0
湖州南浔乐乐口腔诊所,91330503MA2JKGEE48,,无等级,,52441.0
湖州南浔亚平中西医结合诊所,91330503MA7JUQGH27,,无等级,,52329.0
湖州南浔仁合口腔诊所,91330503MADHQ12J9K,,无等级,,52393.0
湖州南浔俪齿口腔诊所,91330503MA7H893Y0J,,无等级,,52404.0
湖州南浔兆姿医疗美容诊所,91330503MA2JKRUU7R,,无等级,,52442.0
湖州南浔刘其山内科诊所,91330503MA7F6LX62E,,无等级,,52328.0
湖州南浔加元口腔诊所,91330503MA7N6AWR5F,,无等级,,52332.0
湖州南浔南元诊所,91330503MA2D544735,,无等级,,52433.0
湖州南浔博诚口腔诊所,91330503MABQ4JAH7F,,无等级,,52443.0
湖州南浔双林百心大药房有限公司百心中医诊所,9133050335534884XG,,无等级,,52391.0
湖州南浔同欣诊所,913305035803887929,,无等级,,52394.0
湖州南浔姚成光口腔诊所,91330503MA28C37B6M,,无等级,,52447.0
湖州南浔尔悦医疗美容诊所,91330503MA7BCWP604,,无等级,,52400.0
湖州南浔德奥口腔诊所,91330503MABYDEK39J,,无等级,,52465.0
湖州南浔忆康内科诊所,91330503MACB8U6M22,,无等级,,52418.0
湖州南浔文心内科诊所,91330503MA2JKX2E42,,无等级,,52438.0
湖州南浔旧馆贺利强内科诊所,92330503MA2F4A265L,,无等级,,52468.0
湖州南浔杭雅口腔诊所,TE3305033300704940,,无等级,,52344.0
湖州南浔江妹内科诊所,91330503MA2D5CE282,,无等级,,52450.0
湖州南浔江蒋漾内科诊所,91330503MAC6PYYE46,,无等级,,52405.0
湖州南浔浔缘诊所,TE3305033300709770,,无等级,,52336.0
湖州南浔淼炎口腔诊所,91330503MA2B7DPW58,,无等级,,52426.0
湖州南浔爱牙口腔诊所,91330503MADFUYXK42,,无等级,,52375.0
湖州南浔百益内科诊所,91330503MA2JK6EH1R,,无等级,,52397.0
湖州南浔益民诊所,91330503MA2D4GY04K,,无等级,,52444.0
湖州南浔程祖伟中西医结合诊所,92330503MA2F6EB72U,,无等级,,52436.0
湖州南浔章卫平内科诊所,91330503MA2D5449XP,,无等级,,52401.0
湖州南浔细心内科诊所,91330503MAC9BLAK13,,无等级,,52415.0
湖州南浔西大街医疗诊所,91330503770742086H,,无等级,,52430.0
湖州南浔贾氏口腔诊所,91330503MA2JKYPT63,,无等级,,52440.0
湖州南浔郑洪辉内科诊所,TE3305033300699880,,无等级,,52364.0
湖州南浔郑远胜口腔诊所,91330503MA2JKCJA2P,,无等级,,52429.0
湖州南浔陆红妹口腔诊所,91330503MA2B6ARD93,,无等级,,52398.0
湖州南浔陆翔外科诊所,91330503554755843W,,无等级,,52445.0
湖州南浔陈建荣内科诊所,91330503770748306M,,无等级,,52452.0
湖州南浔顺玲口腔诊所,91330503MA2B704A6Y,,无等级,,52435.0
湖州南浔颂妍医疗美容诊所,91330503MAD8KPP39C,,无等级,,52331.0
湖州南浔黄氏牙科诊所,91330503MACB4YB70G,,无等级,,52338.0
湖州南浔齿源口腔诊所,TE3305033300707280,,无等级,,52330.0
湖州博笑口腔诊所,91330502MA7LFM6E3J,,无等级,,52715.0
湖州博美口腔诊所,91330502MA2D3NLD14,,无等级,,52877.0
湖州卿颜医疗美容诊所,91330502MABY463X5R,,无等级,,52772.0
湖州友佳口腔诊所,91330501MACHYTH588,,无等级,,52528.0
湖州叶美玲口腔诊所,91330502MA2B55TL8J,,无等级,,52834.0
湖州吉视力眼视光诊所,91330523MA2D40XJX9,,无等级,,52079.0
湖州吴兴严建华西医内科诊所,92330501MA29JKWU62,,无等级,,52704.0
湖州吴兴众合口腔诊所,91330502MACERC1C69,,无等级,,52794.0
湖州吴兴伟成口腔诊所,92330502MA2F7KQ61Y,,无等级,,52777.0
湖州吴兴佑安中医诊所,91330502MAC1D28A9H,,无等级,,52798.0
湖州吴兴凌惠泉西医内科诊所,92330502MA2F6XRL0G,,无等级,,52840.0
湖州吴兴博康堂中医诊所,TE3305023300495440,,无等级,,52769.0
湖州吴兴博雅口腔诊所,91330502MAC3KL032W,,无等级,,52911.0
湖州吴兴史壬林中医诊所,91330502MA2D1A283Q,,无等级,,52780.0
湖州吴兴同生堂大药房中医诊所,913305027719295985,,无等级,,52779.0
湖州吴兴名亮口腔诊所,91330502MAC1ULPW1Y,,无等级,,52865.0
湖州吴兴吴孝永西医内科诊所,92330502MA2B33NL3B,,无等级,,52870.0
湖州吴兴国华内科诊所,92330502MA2F6T5T5Y,,无等级,,52873.0
湖州吴兴威沃诊所,91330502MACN0TQE9F,,无等级,,52793.0
湖州吴兴宁刚内科诊所,91330502MA7LK98G4B,,无等级,,52764.0
湖州吴兴德榕诊所,91330502MA2B5P8G8A,,无等级,,52723.0
湖州吴兴新华路口腔诊所,92330502MA2F9E5J9K,,无等级,,52891.0
湖州吴兴易科易视露健康管理有限责任公司四中路眼科诊所,91330502MADPBMC77P,,无等级,,52697.0
湖州吴兴晨夕口腔诊所,91330502MACA21BK5A,,无等级,,52532.0
湖州吴兴朱冰西医内科诊所,92330501MA29K6T92H,,无等级,,52848.0
湖州吴兴桦莛医疗美容诊所,91330502MA2JKYU6XX,,无等级,,52695.0
湖州吴兴沈利民口腔诊所,92330502MA29JG485X,,无等级,,52886.0
湖州吴兴沈雪峰齿科诊所,92330502MA29JA1738,,无等级,,52816.0
湖州吴兴浙口口腔诊所,91330502MADKKRBL3K,,无等级,,52706.0
湖州吴兴海风内科诊所,91330502MA28C0C42A,,无等级,,52836.0
湖州吴兴添耀口腔诊所,91330502MACA4L3733,,无等级,,52786.0
湖州吴兴潘震亚口腔诊所,92330502MA29JLDTXQ,,无等级,,52869.0
湖州吴兴紫金花园诊所,91330502MACACM3536,,无等级,,52754.0
湖州吴兴维他滴诊所,TE3305023300708310,,无等级,,52558.0
湖州吴兴美杰口腔诊所,91330502MA2JJKC61T,,无等级,,52901.0
湖州吴兴美黛儿医疗美容诊所,91330502MAD98B1P3R,,无等级,,52757.0
湖州吴兴舒逸口腔诊所,TE3305023300716500,,无等级,,52499.0
湖州吴兴艾兴诊所,91330502MACQ3AQ28Q,,无等级,,52792.0
湖州吴兴莫晓栋口腔诊所,92330502MA29JLU00K,,无等级,,52820.0
湖州吴兴薰伊黛医疗美容诊所,91330502MACL5T1J69,,无等级,,52748.0
湖州吴兴邵家墩中西医结合诊所,91330502MACCAC0FXL,,无等级,,52751.0
湖州吴兴陈国民口腔诊所,92330502MA2F7A464M,,无等级,,52831.0
湖州和孚汤荣清牙科诊所,92330503MA2F60T364,,无等级,,52427.0
湖州和济内科诊所,92330502MA2B39YH7D,,无等级,,52716.0
湖州品乐口腔诊所,91330502MABPCC3R8L,,无等级,,52859.0
湖州品正口腔诊所,91330501MAC5Y71R5G,,无等级,,52776.0
湖州唯美医疗美容诊所,91330501MA7K2AW50P,,无等级,,52694.0
湖州嘉洁口腔诊所,91330501MA2D49957B,,无等级,,52795.0
湖州城区严宝明西医内科诊所,92330502MA29KC684Y,,无等级,,52849.0
湖州城区周国华口腔诊所,TE3305023300023090,,无等级,,52837.0
湖州城区王华西医内科诊所,92330502MA29KBYA68,,无等级,,52888.0
湖州复大中齿口腔诊所,91330501MACDTPWY9L,,无等级,,52759.0
湖州天使口腔诊所,91330502MA2B7FN571,,无等级,,52762.0
湖州天衡四高中医诊所,91330501MACR9B8036,,无等级,,52733.0
湖州学康诊所,91330502MACK2UY06Q,,无等级,,52857.0
湖州安吉微笑方舟口腔诊所,91330523MAEJ1TU99J,,无等级,,51978.0
湖州安如口腔诊所,91330502MABWYKQ36R,,无等级,,52734.0
湖州宏升诊所,91330502MACLDK0R40,,无等级,,52813.0
湖州宝颜医疗美容诊所,91330502MA29KXY8XJ,,无等级,,52882.0
湖州岐黄御养健康咨询有限公司中西医结合诊所,TE3305033300693490,,无等级,,52386.0
湖州市中医院杨家弄诊所,TE3305023300337030,,无等级,,52867.0
湖州市干休所诊所,123305004711712366,,无等级,,52743.0
湖州常林牙科诊所,91330502MA2B74AH2A,,无等级,,52812.0
湖州平泽口腔诊所,91330502MA2B4PRJ85,,无等级,,52765.0
湖州平泽口腔诊所有限公司三合家园口腔诊所,91330502MA2D55KX0G,,无等级,,52766.0
湖州康仁西医内科诊所,91330501MA2B7J1W9Y,,无等级,,52727.0
湖州康佑内科诊所,91330523MADK4C6M1D,,无等级,,52044.0
湖州康嘉诊所,91330502MA2JJ5793J,,无等级,,52781.0
湖州康山街道丁氏内科诊所,92330501MA28CYW34H,,无等级,,52900.0
湖州康山街道卢琴西医内科诊所,91330501MA29JBYP39,,无等级,,52893.0
湖州康山街道吴培杰口腔诊所,91330501072879819D,,无等级,,52773.0
湖州康山街道杨永金中医诊所,92330502MA29JYQP52,,无等级,,52841.0
湖州康山街道菁华口腔诊所,91330501355325269G,,无等级,,52903.0
湖州康山街道郭春根内科诊所,TE3305023300513850,,无等级,,52881.0
湖州康悦健康管理有限公司织里中路口腔诊所,91330502MA2D4PQ24P,,无等级,,52749.0
湖州康贝雅口腔诊所,91330502MA2B7F3H8L,,无等级,,52842.0
湖州康邦中西医结合诊所,91330501MA2D5XE84R,,无等级,,52770.0
湖州张利荣牙科诊所,91330503MA7CNC5HXF,,无等级,,52422.0
湖州彭氏医疗美容诊所,91330503MA2B52T59Y,,无等级,,52345.0
湖州德宾口腔诊所,91330502MA2D1G511P,,无等级,,52838.0
湖州德泰恒大药房连锁有限公司新市陌路中医诊所,9133050255751704XE,,无等级,,52808.0
湖州德诺口腔诊所,91330501MA7M549Y30,,无等级,,52493.0
湖州德贝口腔诊所,91330502MA2B5C8M1A,,无等级,,52745.0
湖州志勇中医诊所,91330501MA29JPB86X,,无等级,,52725.0
湖州惠缘中医诊所,91330501MA2B6Q3P8M,,无等级,,52876.0
湖州慕韩斋医药连锁有限公司慕韩斋中医诊所,913305006651774769,,无等级,,52717.0
湖州慕韩斋医药连锁有限公司环城北路中医诊所,91330502MABWUWJ59W,,无等级,,52707.0
湖州拾贰医疗美容诊所,91330502MABWH57W9J,,无等级,,52771.0
湖州晨新口腔诊所,91330502MABWU0BK3N,,无等级,,52883.0
湖州晶品口腔诊所,91330502MA7F76DP5J,,无等级,,52531.0
湖州晶美口腔诊所,91330501MA2B4UKE67,,无等级,,52585.0
湖州曲范松诊所,91330502MA2B797N6Y,,无等级,,52774.0
湖州月梅内科诊所,91330502MACAJ04M7F,,无等级,,52909.0
湖州月琳医疗美容诊所,91330502MA2JJ5M21L,,无等级,,52800.0
湖州月集医疗美容诊所,91330502MA2D1W6T0T,,无等级,,52801.0
湖州杨家埠陈敏敏西医内科诊所,92330501MA2B3CB0XB,,无等级,,52892.0
湖州林华医疗美容诊所,91330501MA2B5HWB8W,,无等级,,52802.0
湖州橘井堂健康咨询有限公司中西医结合诊所,TE3305033300702240,,无等级,,52383.0
湖州欣禾口腔诊所,91330501MA7NB9JL8D,,无等级,,52818.0
湖州殊润医疗美容诊所,TE3305023300710870,,无等级,,52535.0
湖州沈信章内科诊所,91330502MABQKTE830,,无等级,,52843.0
湖州沈烨口腔诊所,91330502MACHLX885M,,无等级,,52833.0
湖州浙美医疗美容诊所,TE3305023300700010,,无等级,,52699.0
湖州温馨口腔诊所,92330501MA29J0G71G,,无等级,,52819.0
湖州澜美人医疗美容诊所,TE3305023300517260,,无等级,,52788.0
湖州熹颜医疗美容诊所,91330502MA7BE8GG07,,无等级,,52797.0
湖州牙牙乐口腔诊所,91330501MACGJ3T85F,,无等级,,52502.0
湖州玖丽医疗美容诊所,91330502MACDE7B06R,,无等级,,52775.0
湖州玖妍医疗美容诊所,91330502MA2JL6T11N,,无等级,,52726.0
湖州瑞溢口腔诊所,91330501MA2B436B96,,无等级,,52791.0
湖州百姓缘中医诊所,TE3305023300705630,,无等级,,52588.0
湖州盛悦口腔诊所,91330502MABXNB686K,,无等级,,52871.0
湖州福龄虹阳路中医诊所,91330503MACHAA5E29,,无等级,,52413.0
湖州科媛医疗美容诊所,91330501MABPKKEA4H,,无等级,,52753.0
湖州红丰爱尔眼科诊所,91330502MAE89F5E6Q,,无等级,,52536.0
湖州练市郭有富牙科诊所,92330503MA2F7G0309,,无等级,,52463.0
湖州织城内科诊所,91330502MACBTBLK4Y,,无等级,,52906.0
湖州织美医疗美容诊所,91330502MA2JL2D78U,,无等级,,52850.0
湖州织里俞建忠口腔诊所,92330502MA29JAU6XB,,无等级,,52823.0
湖州织里周华荣西医内科诊所,92330502MA2B39YJ32,,无等级,,52778.0
湖州织里姚建强口腔诊所,92330502MA2F4UJ5X5,,无等级,,52782.0
湖州织里常恭洪中西医结合诊所,92330502MA29JJL59E,,无等级,,52845.0
湖州织里徐径达中医内科诊所,92330502MA2F6WE70D,,无等级,,52863.0
湖州织里朱永妹口腔诊所,91330502NA29K89U2K,,无等级,,52889.0
湖州织里汪利来牙科诊所,92330502MA29KTPE0E,,无等级,,52829.0
湖州织里沈晖内科诊所,91330502MA28CY76XC,,无等级,,52862.0
湖州织里潘月娥西医内科诊所,92330502MA2F40YK6D,,无等级,,52822.0
湖州织里瑞康内科诊所,91330502MA2B61RB8E,,无等级,,52847.0
湖州织里美之匠医疗美容诊所,91330502MA2B6HXT75,,无等级,,52744.0
湖州织里谈忠明口腔诊所,92330502MA2F9HXJ55,,无等级,,52721.0
湖州织里郭继轩中医诊所,92330502MA28CWP69P,,无等级,,52861.0
湖州织里陈杰华内科诊所,92330502MA28CYBE0E,,无等级,,52856.0
湖州维曼口腔诊所,91330502MAC1658236,,无等级,,52905.0
湖州美之匠医疗美容诊所,91330502MA2B4Q5U0B,,无等级,,52866.0
湖州美牙乐口腔诊所,91330503MA7LJQ5PX2,,无等级,,52403.0
湖州至善口腔诊所,91330501MA2JLG7K4G,,无等级,,52787.0
湖州臻美口腔诊所,91330502MACF9PUT8P,,无等级,,52731.0
湖州舒适口腔诊所,TE3305023300708070,,无等级,,52517.0
湖州芙蕾雅健康管理有限公司龙溪北路医疗美容诊所,91330502MA2D5XTC2U,,无等级,,52494.0
湖州苕溪中医诊所,91330502MA2D4G6Y4U,,无等级,,52702.0
湖州荣德中医诊所,91330502MAD3EH7HXG,,无等级,,52737.0
湖州诺一康健康管理有限公司织里民安口腔诊所,TE3305023300521130,,无等级,,52839.0
湖州诺美惠口腔诊所,91330501MACATQ8914,,无等级,,52509.0
湖州赫美医疗美容诊所,91330502MA2JKQWT9Y,,无等级,,52806.0
湖州辣椒医疗美容诊所,91330502MA2B3JL02P,,无等级,,52815.0
湖州迈迪柯心理诊所,91330502MAC7P4H35C,,无等级,,52844.0
湖州道自然中医诊所,91330502MACC5L6C0W,,无等级,,52908.0
湖州铭品健康管理有限公司德清铭益口腔诊所（湖州铭品健康管理有限公司德清铭益口腔诊所分公司）,91330521MACMCA159,,无等级,,52260.0
湖州雅忆口腔诊所,91330503MA2D5KKX17,,无等级,,52428.0
湖州雅植口腔诊所,92330501MADG76NA8T,,无等级,,52513.0
湖州雅美口腔诊所,91330501MAEKWWND54,,无等级,,52693.0
湖州顺康诊所,91330502MADEAREX02,,无等级,,52758.0
湖州颜美季医疗美容诊所,91330502MA2JKQ1B4N,,无等级,,52785.0
湖州鲁勇伟牙科诊所,91330503MABU3RYK4C,,无等级,,52437.0
湖州龙妍秀医疗美容诊所,91330502MAC22QJNIU,,无等级,,52712.0
湖州龙溪街道邵晓燕口腔诊所,92330501MA2B33BG6K,,无等级,,52887.0
湖州龙溪街道陈克中中医诊所,91330501MA28C4H45E,,无等级,,52890.0
湖州龙溪街道陈夏林中医诊所,91330501344103687P,,无等级,,52739.0
滋楷（杭州）医疗管理有限公司新湾中医诊所,91330114MA8GFLF940,,无等级,,33099.0
滨江区西兴街道社区卫生服务中心西陵社区卫生服务站,12330108470454306F,未定级,未定级,无级别,33231.0
漫态（杭州）医疗美容诊所,91330105MADUFTPH7L,,无等级,,34606.0
潘和平医疗诊所,92330902MA2ET3G01W,,无等级,,63020.0
潘宝和中医诊所,TE3303293300190740,,无等级,,47782.0
潘松林中医伤科诊所,TE3306023300110090,,无等级,,54295.0
潘琼洁内科诊所,92330302MA2C9A7E7M,,无等级,,48934.0
灵眸（杭州）医疗诊所,91330108MAD86QUG34,,无等级,,33384.0
熊丽诊所,92330301MA2C634WXY,,无等级,,48291.0
牙大夫健康管理（杭州）有限公司银湖口腔诊所,91330183MA2GKKAF5D,,无等级,,33956.0
玄洪（杭州）医疗管理有限公司大江东义蓬宏景街中医诊所,91330100MA2CF21EX8,,无等级,,33038.0
玉环一林口腔诊所,92331021MA2AK2HM22,,无等级,,66985.0
玉环万康中医综合诊所,92331021MA2K7X9L6D,,无等级,,66990.0
玉环不老堂中医综合诊所,91331021MA2MB7PY7J,,无等级,,66952.0
玉环为民中医（综合）诊所,92331021MA2AP76Y1W,,无等级,,66712.0
玉环乐成口腔诊所,92331021MA2MC9HF1H,,无等级,,66743.0
玉环优贝口腔诊所,92331021MADNCKM95D,,无等级,,66918.0
玉环传诚中医（综合）诊所,91331021MACNRN8T8M,,无等级,,66910.0
玉环佰依口腔诊所,92331021MA2DYY1U2L,,无等级,,66950.0
玉环元大御康堂中医综合诊所,91331021MAD8BG1C6K,,无等级,,66734.0
玉环先军诊所,92331021MADT9K609E,,无等级,,66941.0
玉环叶晶中医综合诊所,92331021MAENLJ6Q05,,无等级,,66737.0
玉环周仙慧中医诊所,92331021MA2MA88N6E,,无等级,,66970.0
玉环唯美口腔诊所,92331021MA2APM890L,,无等级,,66973.0
玉环圣康诊所,91331021MAE27WTA6X,,无等级,,66926.0
玉环壹壹口腔诊所,92331021MAE80HFP6K,,无等级,,66759.0
玉环大麦屿威海口腔诊所,92331021MA2AK55Q76,,无等级,,66976.0
玉环姚宗淼中医（综合）诊所,92331021MA2AP4RH8B,,无等级,,66979.0
玉环孝聪口腔诊所,92331021MA2G7WLX40,,无等级,,66964.0
玉环安鑫诊所,91331021MADPQRNF8G,,无等级,,66919.0
玉环宣康堂中医综合诊所,91331021MA2AP9KG9J,,无等级,,66951.0
玉环市坎门董建飞诊所,92331021MA2G8JER0W,,无等级,,66972.0
玉环市坎门街道灯塔社区松树脚卫生室,12331021472841502Q,未定级,未定级,无级别,66750.0
玉环市大麦屿街道陡门头村卫生室,123310214728420464,未定级,未定级,无级别,66782.0
玉环市楚门镇卫生院,12331021MB0U25686E,未定级,未定级,无级别,66746.0
玉环市楚门镇老街中医诊所,92331021MA2MA8LHXL,,无等级,,66980.0
玉环市清港镇卫生院,12331021054249530T,未定级,未定级,无级别,66747.0
玉环市玉城街道社区卫生服务中心,12331021MB0R05148F,未定级,未定级,无级别,66731.0
玉环市范红杰口腔诊所,92331021MA2G7DEQ00,,无等级,,66971.0
玉环康仁中医诊所,92331021MA2G902E16,,无等级,,66936.0
玉环康和诊所,91331021MADY9PH90L,,无等级,,66925.0
玉环康宇口腔诊所,92331021MA2AN78566,,无等级,,66982.0
玉环康意诊所,92331021MAE3HALM9B,,无等级,,66923.0
玉环弘涛诊所,92331021MADR15GD29,,无等级,,66935.0
玉环德舒仁中医（综合）诊所,91331021MA29YRHH53,,无等级,,66723.0
玉环德裕堂中医（综合）诊所,92331021MA2KAN831B,,无等级,,66940.0
玉环承启堂中医（综合）诊所,91331021MA2AMPURXW,,无等级,,66920.0
玉环承黄堂中医综合诊所,92331021MAENCG977X,,无等级,,66741.0
玉环新瑞口腔诊所,92331021MA7C3FLYX6,,无等级,,66947.0
玉环旭琛中医(综合)诊所,92331021MA7C02KF6L,,无等级,,66957.0
玉环昱滢口腔诊所,92331021MA2BTF7A8C,,无等级,,66922.0
玉环晶美口腔诊所,92331021MA2HJKT843,,无等级,,66938.0
玉环李琴口腔诊所,92331021MA2AKWRQ08,,无等级,,66978.0
玉环李进诊所,91331021MAE200FY8R,,无等级,,66929.0
玉环林皇均诊所,91331021MAE09TDK7C,,无等级,,66931.0
玉环桩头桥诊所,91331021MADQ6CBP47,,无等级,,66921.0
玉环楚洲中医诊所,92331021MA2G9526XQ,,无等级,,66955.0
玉环楚门圆圆口腔诊所,92331021MA2AP7N1XG,,无等级,,66984.0
玉环楚门柯大夫诊所,92331021MA2AK3EW82,,无等级,,66967.0
玉环楚门王氏诊所,92331021MA2AK0AX24,,无等级,,66968.0
玉环楚门金咨贤皮肤科诊所,92331021MA2HH5XK6Q,,无等级,,66977.0
玉环正中脊中医综合诊所,91331021MADABWF37Q,,无等级,,66937.0
玉环汉方堂中医综合诊所,92331021MACXAH4X5F,,无等级,,66988.0
玉环江林志诊所,91331021MAE2J5QA9T,,无等级,,66924.0
玉环江波悦皓口腔诊所,91331021MA2AK2D90U,,无等级,,66708.0
玉环沈九龙中医综合诊所,91331021MAEFRB6P6U,,无等级,,66913.0
玉环沙门黄小燕口腔诊所,92331021MA2AM55K9N,,无等级,,66969.0
玉环海宏诊所,92331021MADMXTDL4U,,无等级,,66946.0
玉环海诚中医（综合）诊所,91331021MA2DT11GOM,,无等级,,66983.0
玉环澍仁口腔诊所,92331021MA2DYUFL7N,,无等级,,66752.0
玉环爱军中西医结合诊所,91331021MADYJ5CM5P,,无等级,,66933.0
玉环牙管家口腔诊所,92331021MA2DY1CG8Q,,无等级,,66945.0
玉环王云高口腔诊所,92331021MA2DWWXL6T,,无等级,,66962.0
玉环王保平中医综合诊所,92331021MADP9J8Q8G,,无等级,,66953.0
玉环王祥琳诊所,92331021MADQHTB9XD,,无等级,,66939.0
玉环琪惠中医诊所,92331021MAEG8Q5DXW,,无等级,,66912.0
玉环百医宁中医综合诊所,91331021MAEW9HC89Q,,无等级,,66725.0
玉环皓媄口腔诊所,92331021MA2DW2T66F,,无等级,,66956.0
玉环章人才骨伤科诊所,92331021MA29XWB73B,,无等级,,66944.0
玉环章银忠骨伤科诊所,92331021MACH87WW2N,,无等级,,66963.0
玉环罗永林中西医结合诊所,92331021MADNTG3H1R,,无等级,,66987.0
玉环翁进勇口腔诊所,92331021MA2AK56943,,无等级,,66981.0
玉环苏爱柳诊所,91331021MAE0MPXA2M,,无等级,,66930.0
玉环莉齿口腔诊所,92331021MA2DY3G75B,,无等级,,66942.0
玉环董显虎口腔诊所,92331021MA2ALP4F0B,,无等级,,66719.0
玉环谢辉剑中医针灸推拿诊所,91331021MA28GUCX3C,,无等级,,66959.0
玉环贤松中西医结合诊所,91331021MADRMERG6T,,无等级,,66932.0
玉环贵隆中西医结合诊所,91331021MADYXX1Y68,,无等级,,66934.0
玉环邹时文诊所,92331021MA2G6MUX9W,,无等级,,66965.0
玉环郑文新口腔诊所,92331021MA2DWN7X4M,,无等级,,66975.0
玉环郭显香诊所,92331021MA2KBNKGXM,,无等级,,66954.0
玉环陈匡民骨伤科诊所,92331021MACH887B4B,,无等级,,66751.0
玉环陈孝满诊所,91331021MADYJ41X21,,无等级,,66927.0
玉环陈孟唐中医（综合）诊所,92331021MAD0YHTY5K,,无等级,,66960.0
玉环陈贤刚口腔诊所,92331021MA28H0RN07,,无等级,,66966.0
玉环雅正口腔诊所,92331021MA2DWFAK5W,,无等级,,66986.0
玉环青柠口腔诊所,92331021MAELMJYQ26,,无等级,,66733.0
玉环馨晟口腔诊所,92331021MA2APJRG0N,,无等级,,66916.0
玉环骆濠纬中西医结合诊所,92331021MADPUJH82U,,无等级,,66989.0
玉环高伟口腔诊所,92331021MA2DUA7AX1,,无等级,,66961.0
玉环高氏中医针灸推拿诊所,92331021MA2G6XJC7U,,无等级,,66974.0
玉环黄建锋口腔诊所,92331021MA2DWKPF39,,无等级,,66958.0
玉环黄氏诊所,91331021MAE1LMMP22,,无等级,,66928.0
玉环黎翔中医综合诊所,92331021MADQG4TE1A,,无等级,,66943.0
玉环龙泰中医（综合）诊所,92331021MAC4W54Q9T,,无等级,,66914.0
王前武口腔诊所,TE3306833300165180,,无等级,,54823.0
王剑刚诊所,92330902MA2EU3W332,,无等级,,63006.0
王国海口腔诊所,92330602MA2FGTDN1E,,无等级,,54346.0
王子平中医儿科诊所,92330302MA286TPE36,,无等级,,48820.0
王帮昆内科诊所,92330302MA2C7CQY6J,,无等级,,49005.0
王店仁慈中西医结合诊所,91330411MAEDNA9UXD,,无等级,,51273.0
王忠誉医疗诊所,92330902MA28KKUQ5E,,无等级,,62979.0
王执明中医诊所,92330604MA2D6F8B74,,无等级,,53981.0
王晓勇西医内科诊所,92330702MA2FMM3X3T,,无等级,,57698.0
王晓玲西医内科诊所,92330702MA2DCXRJ5H,,无等级,,57708.0
王江泾龙锦口腔诊所,92330411MA2CUNBR96,,无等级,,51319.0
王秀全中医诊所,92330602MA2FB77M81,,无等级,,54316.0
王育豪内科诊所,92330302MA286HQL44,,无等级,,48866.0
王雪琴口腔诊所,92330702MA2FJ19G9A,,无等级,,57785.0
玖康（杭州）健康管理有限公司萧山新塘诊所,91330109MA2B10233N,,无等级,,38642.0
球川姚建华口腔诊所,91330822MA2DJKWY23,,无等级,,61097.0
瑞人堂医药集团股份有限公司温岭太平万昌西医诊所,91331081MA2AM1BK6J,,无等级,,65964.0
瑞安一名口腔诊所,91330381MADG4YLM33,,无等级,,46970.0
瑞安一春堂中医诊所,91330381MADXDDG84E,,无等级,,46988.0
瑞安丁仪西医儿科诊所,91330381MA2L546N4R,,无等级,,47255.0
瑞安万丽娜西医内科诊所,91330381MA2L50GB9R,,无等级,,47015.0
瑞安三益堂国药馆有限公司中医坐堂医诊所,913303815609821450,,无等级,,46935.0
瑞安中视西医眼科诊所,91330381MA7FW9UP8N,,无等级,,47021.0
瑞安丽嘉联合医疗美容诊所,91330381MADX71167B,,无等级,,46787.0
瑞安丽星禧善医疗美容诊所,91330381MADMMBW20T,,无等级,,46813.0
瑞安亮颂西医眼科诊所,91330381MADJ8N7X9E,,无等级,,46923.0
瑞安仕志中西医结合诊所,91330381MAE8XJUW4H,,无等级,,46887.0
瑞安任光荣西医内科诊所,91330381MA2L534HXF,,无等级,,47106.0
瑞安伊美云端医疗美容诊所,91330381MACH3J7U2A,,无等级,,47183.0
瑞安优芽口腔诊所,91330381MAE9772003,,无等级,,46900.0
瑞安何向往中医诊所,91330381MA2L3A8JXA,,无等级,,47346.0
瑞安何新国中西医结合诊所,91330381064159432D,,无等级,,47010.0
瑞安何洪玉西医内科诊所,91330381MA2L3D941G,,无等级,,47115.0
瑞安余日晓口腔诊所,91330381MA2L3C2T91,,无等级,,47131.0
瑞安余玉香西医内科诊所,91330381MAC01U1G3M,,无等级,,47009.0
瑞安余锡西医内科诊所,91330381MABQMM4M6C,,无等级,,47101.0
瑞安倪达兴口腔诊所,TE3303813300433120,,无等级,,47402.0
瑞安傅光富西医内科诊所,91330381MA2L300W8X,,无等级,,47208.0
瑞安傅方熙中医诊所,91330381MA2L35E17J,,无等级,,47110.0
瑞安傅方钰中医诊所,91330381MA2L33TJ4G,,无等级,,47125.0
瑞安元康大药房有限公司中医坐堂医诊所,913303817352840241,,无等级,,47413.0
瑞安全裕西医内科诊所,91330381MAEPRCEH3M,,无等级,,46794.0
瑞安兰丽华中西医结合诊所,91330381MABXP63250,,无等级,,46961.0
瑞安刘宏伟医疗美容诊所,91330381MAC4CHE54E,,无等级,,47043.0
瑞安刘春兰西医妇科诊所,91330381MACH9U0215,,无等级,,47351.0
瑞安刘晓祥西医妇科诊所,92330381MA2CQWUR2N,,无等级,,47414.0
瑞安刘玮皮肤科诊所,92330381MA29880M4B,,无等级,,46958.0
瑞安刘辉跃口腔诊所,91330381MA2L3BBL8K,,无等级,,47340.0
瑞安刘辉阳口腔诊所,91330381MA2L3BC29R,,无等级,,47315.0
瑞安刘金华西医外科诊所,91330104757237114A,,无等级,,47090.0
瑞安创美口腔诊所,91330381MAEMT54T7J,,无等级,,46831.0
瑞安包海杭中医诊所,91330381MA7GUQUW1D,,无等级,,47135.0
瑞安卓越臻美医疗美容诊所,91330381MACHNHEW7E,,无等级,,46932.0
瑞安叶作锐西医内科诊所,91330381MA2L5A3B3M,,无等级,,47228.0
瑞安叶叔平口腔诊所,91330381MA2L5NX34T,,无等级,,46815.0
瑞安叶小玲西医内科诊所,91330381MA2L52UK7Q,,无等级,,47057.0
瑞安叶志淼内科诊所,91330381MACJ0CQA6M,,无等级,,47304.0
瑞安叶昌厚西医外科诊所,91330381MA7BN4D411,,无等级,,47202.0
瑞安叶进西医外科诊所,91330381MA2L308Y54,,无等级,,47291.0
瑞安叶雅口腔诊所,91330381MACJU0DF5K,,无等级,,47352.0
瑞安吕伟娜西医内科诊所,91330381MA2L2LEX74,,无等级,,47082.0
瑞安吴世县口腔诊所,TE3303813300280140,,无等级,,47088.0
瑞安吴剑双西医内科诊所,91330381MA7CJA6XXQ,,无等级,,47186.0
瑞安吴品琮中医妇科诊所,91330381MA2L5A8565,,无等级,,47116.0
瑞安吴增寿中医骨伤科诊所,91330381MACQMCUH5W,,无等级,,47044.0
瑞安吴方勇西医内科诊所,92330381MA2C9C2Q9M,,无等级,,47130.0
瑞安吴林敏西医内科诊所,91330381MA2L5L194K,,无等级,,47120.0
瑞安吴永平西医内科诊所,91330381MACHHBN70E,,无等级,,47014.0
瑞安吴海洋中医内科诊所,91330381MA2L5JQ204,,无等级,,47181.0
瑞安吴瑞生西医妇科诊所,91330381MACK0HRH43,,无等级,,47314.0
瑞安吴留群口腔诊所,91330381MA2L5N6H70,,无等级,,47377.0
瑞安吴积洪中医骨伤科诊所,91330381MA2L3FBP1X,,无等级,,47318.0
瑞安吴莉莉中医内科诊所,91330381MA2L5XQ10J,,无等级,,47219.0
瑞安吴雯昊口腔诊所,TE3303813300391140,,无等级,,47373.0
瑞安周军华西医内科诊所,91330381MA2L3B6G5R,,无等级,,47152.0
瑞安周婉春西医妇科诊所,91330381MA2L529T7R,,无等级,,47357.0
瑞安周小飞西医内科诊所,92330381MA2ARKFA9A,,无等级,,47417.0
瑞安周庆节口腔诊所,91330381MA2L39ML2B,,无等级,,47343.0
瑞安周文亮口腔诊所,91330381MAEC6XUD3N,,无等级,,46760.0
瑞安周立封西医内科诊所,91330381MACGW2K27F,,无等级,,47078.0
瑞安周舒翔口腔诊所,91330381MA2L39959D,,无等级,,46836.0
瑞安周雪如西医内科诊所,92330381MA2AU7QR9M,,无等级,,46802.0
瑞安品至口腔诊所,91330381MAEBFX40XA,,无等级,,46795.0
瑞安唐启坤西医内科诊所,92330381MA2HA3ED4J,,无等级,,47270.0
瑞安喻小辉口腔诊所,91330381MA7BQD6R6Y,,无等级,,47196.0
瑞安嘉嘉口腔诊所,91330381MADL080605,,无等级,,46845.0
瑞安圣辉医疗美容诊所,91330381MACNB5T83J,,无等级,,46804.0
瑞安夏光星中医内科诊所,92330381MA2CB1LM8M,,无等级,,46814.0
瑞安夏小岳西医内科诊所,91330381MA2L53XU0X,,无等级,,47229.0
瑞安孙丽明西医内科诊所,91330381MA7KCLTW71,,无等级,,47141.0
瑞安孙广聪中医骨伤科诊所,92330381MA29AY6W69,,无等级,,47453.0
瑞安孙志祥中医诊所,91330381MACF2HTK8C,,无等级,,47232.0
瑞安孙文丽中医诊所,91330381MA2L1Y5MXD,,无等级,,47420.0
瑞安孙林晚医疗美容皮肤科诊所,91330381MAC3MMFL93,,无等级,,46975.0
瑞安孙秀秀中医内科诊所,91330381MA2L54DB0R,,无等级,,47195.0
瑞安孟军西医内科诊所,91330381MADFR6W017,,无等级,,47102.0
瑞安季仙英西医妇科诊所,91330381MACKWTMQ3A,,无等级,,47145.0
瑞安季翠英西医诊所,91330381MABNDK45XH,,无等级,,47210.0
瑞安季金彪西医外科诊所,91330381MA2L515H0W,,无等级,,47292.0
瑞安季锡林中医内科诊所,91330381MA2L5DXC0N,,无等级,,47140.0
瑞安安珍房西医妇科诊所,91330381MADBTHCB1L,,无等级,,47024.0
瑞安安禾医疗美容诊所,91330381MACTDWCE4C,,无等级,,46820.0
瑞安安适口腔诊所,91330381MAECMLF06H,,无等级,,46755.0
瑞安宋建威西医内科诊所,91330381MA2L5ELK28,,无等级,,46978.0
瑞安宏安药品零售有限公司中西医结合诊所,913303817458250313,,无等级,,46833.0
瑞安尤佩华西医妇科诊所,91330381MA2L3UY20P,,无等级,,47328.0
瑞安尤献亮口腔诊所,92330381MA2ATXWNXE,,无等级,,47085.0
瑞安尤献清西医内科诊所,92330381MA296DBH6G,,无等级,,47256.0
瑞安岑礼操中医内科诊所,91330381MACKJ19A2J,,无等级,,47197.0
瑞安岑秀洁西医妇科诊所,91330381MABN8TRP73,,无等级,,47065.0
瑞安广合口腔诊所,91330381MADCQDWQ5F,,无等级,,46902.0
瑞安应洁口腔诊所,91330381MA7GGDHPXH,,无等级,,47403.0
瑞安张万义内科诊所,91330381MACJ2QXH7J,,无等级,,47298.0
瑞安张天益中医内科诊所,91330381MA2L47908E,,无等级,,47212.0
瑞安张媚媚中医内科诊所,91330381MACR9TND44,,无等级,,46966.0
瑞安张学恒内科诊所,91330381MA2L68HTXE,,无等级,,46999.0
瑞安张宇山西医诊所,91330381MA2L5HD9XF,,无等级,,47034.0
瑞安张峰西医内科诊所,92330381MA297AEE8N,,无等级,,47264.0
瑞安张建光中医骨伤科诊所,92330381MA297CH403,,无等级,,47187.0
瑞安张建国中医内科诊所,92330381MA297AGQ9F,,无等级,,46991.0
瑞安张志勇内科诊所,91330381MA2L39MA21,,无等级,,47319.0
瑞安张旭中医内科诊所,91330381MACJLKN95K,,无等级,,47303.0
瑞安张朝华西医内科诊所,91330381MA2L305G91,,无等级,,47257.0
瑞安张朝敏西医内科诊所,91330381MA2L45XF81,,无等级,,47260.0
瑞安张步妙外科诊所,91330381MA2L2T2B29,,无等级,,47331.0
瑞安张殊西医内科诊所,92330381MA2CAAQ25Q,,无等级,,46861.0
瑞安张海霞西医内科诊所,TE3303813300469110,,无等级,,47171.0
瑞安张珊珊口腔诊所,91330381MA2L52LQ9C,,无等级,,47178.0
瑞安张瑞夫西医内科诊所,91330381MACGEPK05J,,无等级,,47163.0
瑞安张秀玉西医妇科诊所,91330381MACF6CME23,,无等级,,47061.0
瑞安张维光西医内科诊所,91330381MA2L32DN2D,,无等级,,47156.0
瑞安张维凡西医内科诊所,91330381MA2L33CG1M,,无等级,,47083.0
瑞安张金弟西医内科诊所,91330381MACL4L0QX1,,无等级,,47164.0
瑞安张金荣西医内科诊所,91330381MA2L59QQXK,,无等级,,47242.0
瑞安张青云西医妇科诊所,91330381MABP5LAX87,,无等级,,47073.0
瑞安张飞丽西医内科诊所,91330381MA2L3A6443,,无等级,,47193.0
瑞安彭祖岳中医内科诊所,91330381MA2L391U21,,无等级,,47174.0
瑞安彭秋桂西医内科诊所,91330381MAECL157X6,,无等级,,46883.0
瑞安彭苏红西医内科诊所,91330381MA2L3RWT0N,,无等级,,47089.0
瑞安徐佩华西医内科诊所,91330381MACHUPEX5B,,无等级,,47336.0
瑞安徐依来西医内科诊所,91330381MA2L4K6E9M,,无等级,,47046.0
瑞安徐况况口腔诊所,91330381MACUX2W807,,无等级,,47096.0
瑞安徐加强中医诊所,91330381MABT7YCU6R,,无等级,,47084.0
瑞安徐勇西医内科诊所,92330381MA2AQ57K3N,,无等级,,47224.0
瑞安徐和平妇科诊所,91330381MA2L5P240D,,无等级,,47310.0
瑞安徐定权西医内科诊所,91330381MA2L39YW9C,,无等级,,46925.0
瑞安徐小采口腔诊所,91330381MA2L393T7T,,无等级,,47062.0
瑞安徐忠平中医骨伤科诊所,91330381MA2L390009,,无等级,,47329.0
瑞安徐晓飞内科诊所,91330381MA2L4YDJ2B,,无等级,,47344.0
瑞安徐棣森口腔诊所,91330381MA2L3T7426,,无等级,,47355.0
瑞安徐珊西医内科诊所,91330381MA7CR8T8XC,,无等级,,46998.0
瑞安徐秀珍西医诊所,91330381MACHWQH67R,,无等级,,46995.0
瑞安御兴中医诊所,91330381MAELBQWC4M,,无等级,,46810.0
瑞安微甲健康管理有限公司隆山东路西医诊所,91330381MACHH0N549,,无等级,,47166.0
瑞安戴光鹏全科医疗科诊所,91330381MABYWWK23W,,无等级,,47236.0
瑞安戴啸中西医结合诊所,91330381MACJFCR61U,,无等级,,47013.0
瑞安戴大瑜西医内科诊所,91330381MACJM7H2XB,,无等级,,47160.0
瑞安戴文岳西医内科诊所,91330381MACFN61350,,无等级,,47161.0
瑞安戴晓春西医内科诊所,91330381MACJDCDB2G,,无等级,,47297.0
瑞安戴海岳口腔诊所,91330381MA2JA98K1E,,无等级,,47407.0
瑞安方寅初口腔诊所,91330381MA7BQT2Y1U,,无等级,,47326.0
瑞安方诚口腔诊所,91330381MA2L5HJY2X,,无等级,,47275.0
瑞安施明广中西医结合诊所,91330381MA2L43G1XB,,无等级,,46987.0
瑞安施玉和妇科诊所,91330381MA2L5GG7X7,,无等级,,47321.0
瑞安晓珍中医诊所,91330381MAE9PKCB8J,,无等级,,46865.0
瑞安曹爱萍内科诊所,91330381MACJA9H032,,无等级,,46986.0
瑞安曾元格西医内科诊所,91330381MA2L173G49,,无等级,,47217.0
瑞安曾华榕口腔诊所,91330381MA2J8CW756,,无等级,,47269.0
瑞安曾祖礼口腔诊所,91330381MA2L51EC7G,,无等级,,47348.0
瑞安曾祖福口腔诊所,91330381MA2L5HUC2E,,无等级,,47322.0
瑞安木程程西医妇科诊所,91330381MA2L22MJ1U,,无等级,,47095.0
瑞安木若南中医诊所,92330381MA2L2DCL4G,,无等级,,47162.0
瑞安朱乐口腔诊所,91330381MACGUF2275,,无等级,,47299.0
瑞安朱冬莲妇科诊所,91330381075335892B,,无等级,,47411.0
瑞安朱安乐中西医结合诊所,91330381MACJU780XL,,无等级,,46926.0
瑞安朱定兴西医妇科诊所,91330381MA2L5JN3XK,,无等级,,47213.0
瑞安朱慧星中医内科诊所,92330381MA2BW92U8G,,无等级,,47359.0
瑞安朱成文西医内科诊所,91330381MA7EN62K05,,无等级,,46969.0
瑞安朱晓峰中医内科诊所,91330381MA2L5JN99U,,无等级,,47032.0
瑞安李伟锋口腔诊所,91330381MA2L5MXK0P,,无等级,,46996.0
瑞安李国森西医诊所,92330381MA2C69MC72,,无等级,,46754.0
瑞安李彩红内科诊所,91330381MACR369L5M,,无等级,,47165.0
瑞安李慧静西医内科诊所,91330381MACHPB8P6G,,无等级,,47056.0
瑞安李拉西医诊所,91330381MACH70CGXU,,无等级,,46792.0
瑞安李晓东中医诊所,91330381MACQ36LY72,,无等级,,47230.0
瑞安李木香西医内科诊所,91330381MA2L3J0N6K,,无等级,,46773.0
瑞安李杰西医内科诊所,92330381MA2CR53E61,,无等级,,47266.0
瑞安李松月西医诊所,91330381MACREWD42N,,无等级,,47349.0
瑞安李梅西医内科诊所,91330381MACJ5PK33Y,,无等级,,46992.0
瑞安李玉萍西医诊所,92330381MA29716C60,,无等级,,47076.0
瑞安李立胜中医骨伤科诊所,91330381MACJRKQE84,,无等级,,47265.0
瑞安李鑫斌西医内科诊所,92330381MA2CQ7F249,,无等级,,47247.0
瑞安李锋内科诊所,91330381MA2L3B1G37,,无等级,,47215.0
瑞安杏林中西医结合诊所,91330381MA2L4JJ472,,无等级,,46882.0
瑞安杨天胆口腔诊所,91330381MA2L4QQT50,,无等级,,47263.0
瑞安杨建英西医妇科诊所,91330381MA2L5D15XA,,无等级,,46982.0
瑞安杨成甫中医诊所,91330381MA2L3MP99P,,无等级,,47286.0
瑞安杨晓丽妇科诊所,91330381MA2L5MC620,,无等级,,47278.0
瑞安杨晓庆口腔诊所,91330381MA2L3YRL2R,,无等级,,47392.0
瑞安杨权勇西医内科诊所,91330381MA2L5GN23K,,无等级,,47250.0
瑞安杨海荣中医内科诊所,91330381MACK695498,,无等级,,47293.0
瑞安杭瑞康中医诊所,91330381MAE8R5GJ88,,无等级,,46894.0
瑞安杰诚口腔诊所,91330381MAEQ216AXJ,,无等级,,46771.0
瑞安杰诺口腔诊所,91330381MAG1NWWDXH,,无等级,,46766.0
瑞安林丰姿口腔诊所,91330381MA7J8DQL3W,,无等级,,47408.0
瑞安林仁俊西医内科诊所,91330381MA2L39TH4T,,无等级,,47098.0
瑞安林仕道西医内科诊所,92330381MA2977Q79M,,无等级,,47146.0
瑞安林修中医外科诊所,TE3303813300454510,,无等级,,47134.0
瑞安林光明中医内科诊所,92330381MA297F2C9P,,无等级,,47006.0
瑞安林光清儿科诊所,91330381MA2L2RGJ1M,,无等级,,47005.0
瑞安林则龙全科医疗科诊所,91330381MAE8QKH202,,无等级,,46852.0
瑞安林剑勇西医内科诊所,91330381MACF41MB7G,,无等级,,47425.0
瑞安林勇西医内科诊所,92330381MA298G8Y5Y,,无等级,,47007.0
瑞安林友春中医诊所,91330381MACHQ3UA70,,无等级,,47060.0
瑞安林国祥外科诊所,92330381MA2979L487,,无等级,,47436.0
瑞安林型锋中医内科诊所,91330381MA2L3HKQ2X,,无等级,,47002.0
瑞安林孝星内科诊所,91330381MACL164A7Q,,无等级,,47155.0
瑞安林孝顺中医诊所,91330381MA2L3ECF3A,,无等级,,47189.0
瑞安林小锚口腔诊所,91330381MA7BEN3F0L,,无等级,,47387.0
瑞安林庆玉内科诊所,92330381MA295JNR5G,,无等级,,47019.0
瑞安林开助西医内科诊所,91330381MA2L3BBJ1U,,无等级,,47276.0
瑞安林志建西医内科诊所,91330381MA7L15BQ03,,无等级,,47332.0
瑞安林成东西医内科诊所,92330381MA297A3115,,无等级,,47258.0
瑞安林李斌西医内科诊所,91330381MA2L3BBP0X,,无等级,,47142.0
瑞安林泳星中医骨伤科诊所,91330381MA2L3EC43Y,,无等级,,46855.0
瑞安林照铨西医内科诊所,91330381MA2L52CD57,,无等级,,47234.0
瑞安林爱钗西医妇科诊所,91330381MACHX55K35,,无等级,,47075.0
瑞安林瑞光西医内科诊所,91330381MA2L6PR37C,,无等级,,47358.0
瑞安林瑞苗中医诊所,91330381MA2L3FPT3B,,无等级,,47290.0
瑞安林美增中医内科诊所,91330381MA2L3A7WXY,,无等级,,47045.0
瑞安林超西医内科诊所,92330381MA297FFH21,,无等级,,47016.0
瑞安林锋西医内科诊所,91330381MA2L5N3334,,无等级,,47235.0
瑞安林长存西医内科诊所,91330381MA2L38CB4X,,无等级,,47216.0
瑞安林鹏西医内科诊所,91330381MACFLKLX55,,无等级,,47154.0
瑞安柯宗武口腔诊所,91330381MACEMF3A33,,无等级,,47345.0
瑞安梁军西医内科诊所,TE3303813300388670,,无等级,,47440.0
瑞安梅藜文口腔诊所,91330381MABXUJGX48,,无等级,,47384.0
瑞安欧阳富根口腔诊所,92330381MADWQF176C,,无等级,,46920.0
瑞安欧阳治红妇科诊所,91330381MA2L30LU55,,无等级,,47198.0
瑞安毛娜飞内科诊所,91330381MACJ2MQ372,,无等级,,47114.0
瑞安池万迪中医骨伤科诊所,91330381MA2L47P85W,,无等级,,47091.0
瑞安池仁贵中西医结合诊所,92330381MA287Y7P82,,无等级,,47079.0
瑞安池永丰口腔诊所,91330381MA2L4F2C3D,,无等级,,47306.0
瑞安沈德光西医内科诊所,92330381MA2AWKYPX2,,无等级,,46997.0
瑞安沈振宇中医内科诊所,91330381MA2L53CK5L,,无等级,,47172.0
瑞安沈晓东口腔诊所,92330381MA299TFJ8K,,无等级,,47401.0
瑞安洪玉叶西医诊所,91330381MA2L39UCXQ,,无等级,,47221.0
瑞安济善中医诊所,91330381MAD7YPKQ0N,,无等级,,46989.0
瑞安涂一伟西医耳鼻咽喉科诊所,91330381MABM7QTE5G,,无等级,,46979.0
瑞安滕宏燕西医内科诊所,91330381MADPUGJL3M,,无等级,,47022.0
瑞安潘东生中医诊所,92330381MA2CBOPD74,,无等级,,47421.0
瑞安潘孝忠内科诊所,91330381MACERDXR5W,,无等级,,47159.0
瑞安潘建光中医内科诊所,91330381MA2L59FC5R,,无等级,,47307.0
瑞安潘松青外科诊所,92330381MA29773U07,,无等级,,47439.0
瑞安潘林敏口腔诊所,91330381MACMN3YF1E,,无等级,,47287.0
瑞安潘海燕皮肤科诊所,92330381MA297D993B,,无等级,,47267.0
瑞安潘秀媚西医外科诊所,91330381MACNFQCM9B,,无等级,,46853.0
瑞安王仁爱口腔诊所,91330381MACM08932P,,无等级,,47069.0
瑞安王利芬中医内科诊所,91330381MACH8KL65M,,无等级,,47105.0
瑞安王孔峰中西医结合诊所,92330381MA2JBWTOXM,,无等级,,46892.0
瑞安王小华口腔诊所,91330381MA2JA8RR7G,,无等级,,46967.0
瑞安王志清中医诊所,91330381MA7NBKKU84,,无等级,,47308.0
瑞安王步仙中医针灸科诊所,91330381MA2L3A3A48,,无等级,,47064.0
瑞安王清华西医内科诊所,91330381MACH5J61XW,,无等级,,47222.0
瑞安王照跃中医诊所,91330381MA2L39WB40,,无等级,,47341.0
瑞安王爱月西医内科诊所,91330381MA2L4UL230,,无等级,,47209.0
瑞安王珍西医内科诊所,91330381MA2L5K0CX7,,无等级,,47226.0
瑞安王纯胜中医诊所,91330381MA2L4U6U7N,,无等级,,47218.0
瑞安王虎中医诊所,91330381MAEE9TT75P,,无等级,,46866.0
瑞安王贤中医诊所,91330381MAG1FU9592,,无等级,,46764.0
瑞安王韵棉西医内科诊所,91330381MACHM7T404,,无等级,,47077.0
瑞安白建中西医内科诊所,91330381MABRM6DL28,,无等级,,47225.0
瑞安皓正雅口腔诊所,91330381MAEMQUT51N,,无等级,,46806.0
瑞安益寿大药房有限公司中医坐堂医诊所,TE3303813300506590,,无等级,,47261.0
瑞安福泽利济中医诊所,91330381MAEAFQ5655,,无等级,,46907.0
瑞安程艳中西医结合诊所,91330381MAG2E8QR2P,,无等级,,46756.0
瑞安章奎胜中医诊所,91330381MACJGA3W1Y,,无等级,,46888.0
瑞安竺闻风皮肤科诊所,91330381MACHQ9W55M,,无等级,,47347.0
瑞安管伟梁西医内科诊所,91330381MA2L83BCX9,,无等级,,47169.0
瑞安缪丽芳妇科诊所,91330381MA2L52E87K,,无等级,,47049.0
瑞安缪星华内科诊所,91330381MA2L3A2D2F,,无等级,,47316.0
瑞安翠兰药店中医坐堂医诊所,91330381575339584F,,无等级,,47429.0
瑞安胡晋霞中医诊所,91330381MA2L5HQB92,,无等级,,47360.0
瑞安胡爱平西医妇科诊所,91330381MAC31WUX5U,,无等级,,46976.0
瑞安胡胜口腔诊所,91330381MA2L4YHTXX,,无等级,,47325.0
瑞安胡萍西医妇科诊所,92330381MA2977HP9E,,无等级,,47023.0
瑞安舒叶秀西医内科诊所,TE3303813300430470,,无等级,,47179.0
瑞安苏中中医诊所,91330381MA7HK61D33,,无等级,,47419.0
瑞安苏剑舟口腔诊所,91330381MA2L3UQN1D,,无等级,,46871.0
瑞安苏忠杰中医内科诊所,91330381MA2L3B5T5E,,无等级,,47151.0
瑞安苏月嫦口腔诊所,91330381MA2L5GWF7F,,无等级,,47330.0
瑞安葆和中医诊所,91330381MAEAYP4E5L,,无等级,,46908.0
瑞安葛显琼西医妇科诊所,92330381MA2CTRJK8R,,无等级,,47066.0
瑞安董中成西医内科诊所,91330381MA2L3RU861,,无等级,,47354.0
瑞安董叶口腔诊所,91330381MAC1EU4G41,,无等级,,47390.0
瑞安蓝晶灵中西医结合诊所,91330381MAE9437U07,,无等级,,46898.0
瑞安蔡丽丽西医内科诊所,91330381MA2L331HXY,,无等级,,47237.0
瑞安蔡光良西医内科诊所,91330381MA2L31WP7U,,无等级,,47094.0
瑞安蔡宗良西医内科诊所,91330381MA2L3CBM9Y,,无等级,,47153.0
瑞安蔡小媚中医内科诊所,91330381MA2L31FY2R,,无等级,,47233.0
瑞安蔡希勇内科诊所,91330381MA2L3JYM4N,,无等级,,47048.0
瑞安蔡平华西医内科诊所,91330381MACEW5JC9T,,无等级,,47081.0
瑞安蔡昭宇中医骨伤科诊所,92330381MA296UW90B,,无等级,,47201.0
瑞安蔡武口腔诊所,91330381MA2L32QM7A,,无等级,,47194.0
瑞安蔡永烨中医骨伤科诊所,92330381MA2957MJ0L,,无等级,,47243.0
瑞安蔡维星西医内科诊所,91330381MA2L32MG2L,,无等级,,47248.0
瑞安蔡荣雷西医内科诊所,91330381MA2L3CC72G,,无等级,,47143.0
瑞安薛孝敏西医内科诊所,91330381MA2L39QE00,,无等级,,47108.0
瑞安薛杏伟内科诊所,91330381MA2L53CB10,,无等级,,47223.0
瑞安薛玉凤西医皮肤科诊所,91330381MA2L39XD71,,无等级,,46945.0
瑞安薛超君内科诊所,91330381MA2L535M75,,无等级,,47309.0
瑞安薛道义西医外科诊所,91330381MACJP1TG07,,无等级,,47280.0
瑞安薛黎敏内科诊所,91330381MA2L5MA788,,无等级,,47047.0
瑞安虞永乐西医诊所,91330381MACJ5QLP2D,,无等级,,47335.0
瑞安虞飞红西医妇科诊所,91330381MACHUD6YX1,,无等级,,47147.0
瑞安行华皮肤科诊所,91330381MADNJD9AXT,,无等级,,47035.0
瑞安詹海玻西医内科诊所,91330381MACHE6UN6H,,无等级,,47245.0
瑞安许晓春西医妇科诊所,91330381MA2JCTF75G,,无等级,,47418.0
瑞安诺颜医疗美容诊所,91330381MACYB1LL84,,无等级,,47112.0
瑞安谢伟红口腔诊所,91330381MA2L55XP5P,,无等级,,47324.0
瑞安谢如珠西医内科诊所,92330381MA2CR36F8T,,无等级,,47097.0
瑞安谢平安口腔诊所,91330381MADT6QBW22,,无等级,,46917.0
瑞安谢敏耳鼻咽喉科诊所,91330381MACJWLGQ2W,,无等级,,47039.0
瑞安谢景玲西医内科诊所,91330381MA2L5RG370,,无等级,,47244.0
瑞安谢爱省西医内科诊所,91330381MA2L4KMB6E,,无等级,,47063.0
瑞安谢荣平中医儿科诊所,91330381MA2L52X7XU,,无等级,,47192.0
瑞安谦和口腔诊所,91330381MAEDN0798D,,无等级,,46876.0
瑞安谷荣林口腔诊所,91330381MA2L2RLWXD,,无等级,,47404.0
瑞安贾克照中医诊所,91330381MA7JN8AN61,,无等级,,47199.0
瑞安贾益顺中医诊所,91330381MA7J5HJ60Q,,无等级,,47126.0
瑞安贾秀芬西医内科诊所,91330381MACG7GYA3C,,无等级,,47150.0
瑞安赵庆丰眼科诊所,91330381MA2L5QK64K,,无等级,,47339.0
瑞安赵晓景西医内科诊所,91330381MACJBLMH2E,,无等级,,47072.0
瑞安邵君岳西医眼科诊所,91330381MACK0YX26E,,无等级,,46962.0
瑞安邵荷芳妇科诊所,91330381MACN18RU4U,,无等级,,47305.0
瑞安郑丽萍妇科诊所,92330381MA2979BT9X,,无等级,,47424.0
瑞安郑义豪西医内科诊所,91330381MACH62T74B,,无等级,,47214.0
瑞安郑光富口腔诊所,91330381MA2L59P00B,,无等级,,47342.0
瑞安郑君震中医内科诊所,91330381MA7BXEDG1U,,无等级,,47271.0
瑞安郑如珊西医内科诊所,91330381MA2L3BB309,,无等级,,46983.0
瑞安郑小文西医内科诊所,91330381MA2L2RLM85,,无等级,,47054.0
瑞安郑海光西医内科诊所,91330381MA2L2YUY2P,,无等级,,47238.0
瑞安郑淑珍西医妇科诊所,91330381MA2L3K4Y4K,,无等级,,46993.0
瑞安郑熙乐口腔诊所,91330381MAD9J6UN88,,无等级,,47030.0
瑞安郑立飞西医内科诊所,91330381MA7CRK7J2N,,无等级,,46770.0
瑞安郑自成口腔诊所,91330381MA7GN2LY7L,,无等级,,47399.0
瑞安郑逢民中医诊所,91330381MA2L4R1360,,无等级,,46947.0
瑞安郭亚丽口腔诊所,91330381MA2L5B998C,,无等级,,47371.0
瑞安金利格西医内科诊所,91330381MA7L9E4Q4N,,无等级,,47109.0
瑞安金小平西医内科诊所,91330381MA2L392H2C,,无等级,,47132.0
瑞安金榜中医内科诊所,91330381MACHUBF46K,,无等级,,47029.0
瑞安金碎柳西医内科诊所,91330381MA2L3BC96P,,无等级,,46990.0
瑞安钟茂进西医内科诊所,91330381MACC1C6H5U,,无等级,,47205.0
瑞安钱余松中医内科诊所,91330381MA7C0YA238,,无等级,,47252.0
瑞安钱其武西医内科诊所,91330381MACHUDPY0P,,无等级,,47148.0
瑞安钱如意中医内科诊所,91330381MA2L5HU123,,无等级,,47249.0
瑞安铭恩医疗美容诊所,91330381MAEMNPWN8W,,无等级,,46800.0
瑞安阮再波口腔诊所,91330381MA7MLMJU07,,无等级,,47338.0
瑞安阮育燕皮肤科诊所,91330381MACHUWHM32,,无等级,,47273.0
瑞安陈丽云中西医结合诊所,91330381MA7BQBKA08,,无等级,,47167.0
瑞安陈丽芳中医诊所,91330381MA2L6HYC3A,,无等级,,47092.0
瑞安陈义冬口腔诊所,91330381MA2L37UX6L,,无等级,,47397.0
瑞安陈云虎西医内科诊所,92330381MA2CA279X0,,无等级,,47119.0
瑞安陈光昌西医内科诊所,92330381MA2CTQ9594,,无等级,,47240.0
瑞安陈兴芳西医内科诊所,91330381MA2L4DG5XP,,无等级,,47087.0
瑞安陈养华西医外科诊所,91330381MACG5PP595,,无等级,,47350.0
瑞安陈军霞中西医结合诊所,91330381MA2L5RKP26,,无等级,,46981.0
瑞安陈凤光中医骨伤科诊所,TE3303813300477170,,无等级,,47074.0
瑞安陈利亮西医儿科诊所,91330381MA2L3DT222,,无等级,,47122.0
瑞安陈国伟口腔诊所,91330381MAEQG8T26K,,无等级,,46781.0
瑞安陈家来西医内科诊所,91330381MABLUE5853,,无等级,,47133.0
瑞安陈建新西医内科诊所,91330381MABM236632,,无等级,,47026.0
瑞安陈彩绿内科诊所,91330381MACJGAJT9T,,无等级,,47170.0
瑞安陈志坚西医内科诊所,91330381MA2L1ARL66,,无等级,,47254.0
瑞安陈思冲西医内科诊所,91330381MA2L3PR73W,,无等级,,47118.0
瑞安陈思良西医内科诊所,91330381MAG04KD56X,,无等级,,46783.0
瑞安陈慕荣西医内科诊所,91330381MA2L2YYBXQ,,无等级,,47272.0
瑞安陈慕霖中医骨伤科诊所,91330381MA2L31LG3T,,无等级,,47301.0
瑞安陈成武西医内科诊所,91330381MACJDDJB37,,无等级,,46973.0
瑞安陈振清内科诊所,91330381MA2L546H5P,,无等级,,47041.0
瑞安陈振荣中医诊所,91330381MACHBD6085,,无等级,,47107.0
瑞安陈敬西医内科诊所,91330381MACL4UFK0R,,无等级,,47144.0
瑞安陈日辉西医内科诊所,91330381MA2L5N8G1P,,无等级,,46950.0
瑞安陈春礼中医内科诊所,91330381MA2L518942,,无等级,,47262.0
瑞安陈春雷中医内科诊所,91330381MA7DJ5527H,,无等级,,47103.0
瑞安陈晓力西医妇科诊所,91330381MACHAKH957,,无等级,,47042.0
瑞安陈晓阳耳鼻咽喉科诊所,91330381MA2L305AXQ,,无等级,,47353.0
瑞安陈枚枚西医内科诊所,92330381MA286k9Q52,,无等级,,46911.0
瑞安陈永向中医骨伤科诊所,91330381MA2L533N2B,,无等级,,47138.0
瑞安陈海敏口腔诊所,91330381MA2L3AE96U,,无等级,,47323.0
瑞安陈海芳西医妇科诊所,91330381MA2L5R5612,,无等级,,46924.0
瑞安陈王春中医内科诊所,91330381MA2L534K44,,无等级,,47356.0
瑞安陈瑞口腔诊所,TE3303813300283920,,无等级,,47396.0
瑞安陈瑞聪口腔诊所,91330381MABT5E5J6M,,无等级,,47391.0
瑞安陈瑞贞中医诊所,91330381MA2L2LDF3K,,无等级,,47071.0
瑞安陈盛强西医儿科诊所,92330381MA297GE69W,,无等级,,47104.0
瑞安陈碧芳西医内科诊所,92330381MA298CNR23,,无等级,,47288.0
瑞安陈磊西医内科诊所,91330381MA2L39NB77,,无等级,,47204.0
瑞安陈红丽西医内科诊所,91330381MAC6CH7C9J,,无等级,,47410.0
瑞安陈辉口腔诊所,91330381MA2L39Q81W,,无等级,,47388.0
瑞安陈金媚中医内科诊所,91330381MA2L43CX6A,,无等级,,47251.0
瑞安陈金木西医内科诊所,92330381MA295GDK6U,,无等级,,47445.0
瑞安陈鹤琴西医内科诊所,91330381MA2L4L7P8Q,,无等级,,47040.0
瑞安陶文广西医内科诊所,91330381MACGKX23XH,,无等级,,47185.0
瑞安雅后医疗美容诊所,91330381MACF8GAM3B,,无等级,,47231.0
瑞安韩慧口腔诊所,91330381MACK0JEN67,,无等级,,47302.0
瑞安韩爱钗西医妇科诊所,92330381MA2985JR8C,,无等级,,47211.0
瑞安项仁龙西医内科诊所,91330381MA2L5MHC3M,,无等级,,47168.0
瑞安项公月西医内科诊所,91330381MA7JERF7X2,,无等级,,47033.0
瑞安项公益中医内科诊所,92330381MA2C03QM5C,,无等级,,47365.0
瑞安项宗松口腔诊所,92330381MA2991P77X,,无等级,,46837.0
瑞安项延辉西医内科诊所,91330381MA2L36AL8R,,无等级,,47020.0
瑞安颜漾医疗美容诊所,91330381MADNX3J94C,,无等级,,46909.0
瑞安魏玲口腔诊所,91330381MA7CY6FR9R,,无等级,,47311.0
瑞安魏莲妹口腔诊所,91330381MA2L4Q8C1A,,无等级,,47334.0
瑞安鲁存静西医内科诊所,92330381MA2C79A675,,无等级,,46895.0
瑞安鲁日克全科医疗科诊所,92330381MA296YEJ50,,无等级,,47001.0
瑞安鹿沐口腔诊所,91330381MAEKLBG314,,无等级,,46790.0
瑞安黄品文西医内科诊所,91330381MACGPTY48R,,无等级,,47111.0
瑞安黄建海中医诊所,91330381MA2L5X5J4L,,无等级,,46782.0
瑞安黄文中医骨伤科诊所,91330381MA7M9WNJ8T,,无等级,,47246.0
瑞安黄晓斌西医内科诊所,92330381MA2C9L2513,,无等级,,47220.0
瑞安黄朝境西医内科诊所,91330381MACHM1LM08,,无等级,,47050.0
瑞安黄朝阳西医内科诊所,91330381MACFNYPN87,,无等级,,47188.0
瑞安黄汝力西医内科诊所,91330381MACH1G45X8,,无等级,,47285.0
瑞安黄浩远西医内科诊所,91330381MA2L54PU29,,无等级,,47191.0
瑞安黄瑞雪口腔诊所,91330381MA2L5HMT0L,,无等级,,47281.0
瑞安黄立新西医内科诊所,91330381MA2L5Y1KXK,,无等级,,47127.0
瑞安黄良葵内科诊所,91330381MA2L4LQA6M,,无等级,,47317.0
瑞安黄蓉晖西医妇科诊所,91330381MA2L3C5198,,无等级,,47337.0
瑞正诊所,91330411MAC6HU0W07,,无等级,,51315.0
生命之舟（安吉）西医诊所,91330523MAE7UDNW6F,,无等级,,52017.0
白泽内科诊所,91330683MA7CHT3L36,,无等级,,54402.0
百世芳洲（杭州）诊所有限公司鲲鹏路中医诊所,91330102MACHMQEW6E,,无等级,,36005.0
百康诊所,91330411MACB4LFK7E,,无等级,,51332.0
盐仓新天地医疗诊所,91330902MA2A3LDW80,,无等级,,62985.0
省多多（杭州）医疗健康有限公司东湖北路中西医结合诊所,91330113MADRHC828T,,无等级,,35213.0
石洪潮口腔诊所,92330600MA2FBDX690,,无等级,,54338.0
磐安上亨堂中医（综合）诊所,91330727MAED0WT9XQ,,无等级,,58270.0
磐安佳康诊所,91330727MAC9J7MQ25,,无等级,,58351.0
磐安博成牙科诊所,92330727MAC5K48A6X,,无等级,,58346.0
磐安县九和乡卫生院,12330727735243580L,一级,一级,无级别,58268.0
磐安县人民医院驻磐安县看守所卫生所,123307274717104986,未定级,未定级,二级,58337.0
磐安县仁川镇胡庄村卫生室,12330727471710922Q,未定级,未定级,无级别,58245.0
磐安县冷水镇白岩村卫生室,12330727471710914X,无级别,无级别,一级,58259.0
磐安县双溪乡卫生院,12330727471711300M,一级,一级,未定级,58258.0
磐安县大盘镇王庄村卫生室,12330727741030629N,无级别,无级别,未定级,58248.0
磐安县安文街道社区卫生服务中心,12330727471710885J,未定级,未定级,无级别,58244.0
磐安县尖山镇湖上村卫生室,123307274717111083,未定级,未定级,无级别,58260.0
磐安县尚湖镇中心卫生院,12330727471710500R,一级,一级,未定级,58273.0
磐安县新渥街道社区卫生服务中心翠南社区卫生服务站,123307274717109063,无级别,无级别,未定级,58264.0
磐安县方前镇卫生院,123307274717105512,一级,一级,未定级,58241.0
磐安县玉山镇张村村卫生室,1233072747171021XK,未定级,未定级,无级别,58261.0
磐安县盘峰乡卫生院,12330727MB141933XX,未定级,未定级,无级别,58266.0
磐安叁棵树诊所,91330727MA8GAJ395K,,无等级,,58352.0
磐安吕连生中西医结合诊所,91330727MACLDBJ85F,,无等级,,58348.0
磐安周军诊所,92330727MABRQFQW1F,,无等级,,58365.0
磐安周敏诊所,91330727MA8GAATY0J,,无等级,,58354.0
磐安圣希澳诊所,91330727MA2MPWA080,,无等级,,58366.0
磐安奥美口腔诊所,92330727MAC6MW5B34,,无等级,,58272.0
磐安安文博爱牙科诊所,TE3307273300163290,,无等级,,58361.0
磐安安文周岚芳皮肤诊所,TE3307273300436190,,无等级,,58359.0
磐安安文安雅口腔诊所,92330727MAC556HF8E,,无等级,,58362.0
磐安安文康乐牙科诊所,TE3307273300363440,,无等级,,58353.0
磐安安文超中牙科诊所,92330727MA2HTAF4X9,,无等级,,58355.0
磐安安文阿福诊所,TE3307273300374040,,无等级,,58363.0
磐安康华诊所,TE3307273300516780,,无等级,,58364.0
磐安康宇中医诊所,92330727MACT8AG08K,,无等级,,58282.0
磐安康音诊所,92330727MA2JXC9T5U,,无等级,,58360.0
磐安愿祥口腔诊所,91330727MAG0EMUA5R,,无等级,,58265.0
磐安杨录琴诊所,92330727MAERLA113N,,无等级,,58269.0
磐安海贝口腔诊所,91330727MA7MH2P58K,,无等级,,58357.0
磐安红英皮肤诊所,92330727MA7GYXJR1X,,无等级,,58358.0
磐安老叶全科诊所（个体工商户）,92330727MADE9B280R,,无等级,,58349.0
磐安贝圣美口腔诊所,91330727MABPJ1EQ8J,,无等级,,58281.0
祐里健康管理（杭州）有限公司萧山新街郡望府诊所,91330109MA2GK6CU2Q,,无等级,,38429.0
祝菊英诊所,92330824MA2FR4QF0F,,无等级,,61629.0
福康自然天慈（杭州）中医诊所,91330102MAEXL3XG63,,无等级,,35742.0
福高诊所（龙泉）合伙企业（有限合伙）,91331181MA2HL4YWX4,,无等级,,67995.0
秀洲仁慈诊所,91330411MADJ149G27,,无等级,,51284.0
秀洲信康诊所,91330411MADM3QA011,,无等级,,51292.0
秀洲健晖诊所,91330411MADE69PJ5J,,无等级,,51294.0
秀洲卓熠中西医结合诊所,91330411MAEMQ0H027,,无等级,,51225.0
秀洲嘉源中西医结合诊所,91330401MADCGLF1X6,,无等级,,51278.0
秀洲嘉源堂中西医诊所,91330411MAEGH7TH2B,,无等级,,51272.0
秀洲宏康内科诊所,91330411MAE0U5421H,,无等级,,51207.0
秀洲康健诊所,91330411MADC772Q4J,,无等级,,51196.0
秀洲康悦内科诊所,91330411MAEUX54D5E,,无等级,,51205.0
秀洲慈光皮肤诊所,91330411MADNDDP4X6,,无等级,,51288.0
秀洲慧康内科诊所,91330411MADHYB431T,,无等级,,51280.0
秀洲新诚中西医结合诊所,91330411MAEX3JMU6A,,无等级,,51206.0
秀洲正康诊所,91330411MADNEWMX5E,,无等级,,51281.0
秀洲琉夏医疗美容诊所,91330411MAEAY85G1C,,无等级,,51251.0
秀洲瑞祥内科诊所,91330411MAEK4F1H90,,无等级,,51269.0
秀洲益民诊所,91330411MADG0JKG5H,,无等级,,51285.0
秀洲祥康诊所,91330411MADL4P9C52,,无等级,,51287.0
秀洲鑫学诊所,91330411MAC8D6KY9F,,无等级,,51333.0
秀洲麦琪口腔诊所,92330411MADXP1KD3X,,无等级,,51283.0
程风期诊所,92330824MA28FTH66G,,无等级,,61634.0
章伟诊所,92330602MA29E1GW12,,无等级,,54325.0
章淑群内科诊所,92330702MA2FK89D9H,,无等级,,57695.0
章良兴中医骨伤科诊所,92330702MA2EC38E2A,,无等级,,57683.0
绍兴上虞丁香口腔诊所,92330604MAEPJPAR16,,无等级,,53714.0
绍兴上虞世忠牙科诊所,92330604MA2894WK5J,,无等级,,53952.0
绍兴上虞东官诊所,91330604MAE2FRX183,,无等级,,53914.0
绍兴上虞中易针灸推拿诊所,92330604MA2FG5YYX3,,无等级,,53949.0
绍兴上虞中表口腔诊所,91330604MAD3WQTN1U,,无等级,,53951.0
绍兴上虞丰惠卫国口腔诊所,92330604MA29DPYP99,,无等级,,53954.0
绍兴上虞丰惠王柏勋西医诊所,92330604MA29D5W62W,,无等级,,53972.0
绍兴上虞丰惠谢伟军牙科诊所,92330604MA29E6B01R,,无等级,,53960.0
绍兴上虞丰惠赵丹丹口腔诊所,92330604MA2FGR0F8Q,,无等级,,53976.0
绍兴上虞乘涛口腔诊所,92330604MA2BFA990E,,无等级,,53943.0
绍兴上虞京和堂诊所,91330604MA7LGH3522,,无等级,,53984.0
绍兴上虞亿德诊所,92330604MABM8C6B1C,,无等级,,53902.0
绍兴上虞任士祥牙科诊所,92330604MA2BFQ4E3M,,无等级,,53975.0
绍兴上虞任江牙科诊所,92330604MA29CXAP2M,,无等级,,53966.0
绍兴上虞任金土牙科诊所,92330604MAD9PP5486,,无等级,,53945.0
绍兴上虞任锡荣口腔诊所,92330604MA2D6W5D0D,,无等级,,53797.0
绍兴上虞优美口腔诊所,91330604MAEQ6HYK5B,,无等级,,53711.0
绍兴上虞伟霖诊所,91330604MAE10CRP2U,,无等级,,53913.0
绍兴上虞佳康诊所,91330604MAC1Q06C8X,,无等级,,54002.0
绍兴上虞佳慧中西医结合诊所,91330604MADT6W3U1C,,无等级,,53916.0
绍兴上虞佳源诊所,91330604MADHT5Q38X,,无等级,,53934.0
绍兴上虞倪炼鑫口腔诊所,92330604MA2D7X721F,,无等级,,53911.0
绍兴上虞全康中西医结合诊所,91330604MAE2BCBR8Q,,无等级,,53915.0
绍兴上虞冯华根中医伤科诊所,92330604MA2D650B9L,,无等级,,53994.0
绍兴上虞别样红医疗美容诊所,91330604MAEG7EAD3T,,无等级,,53754.0
绍兴上虞半山诊所,91330604MADL1T5G7A,,无等级,,53728.0
绍兴上虞华维路汉良口腔诊所,92330604MA2BHMGN3U,,无等级,,53956.0
绍兴上虞南二诊所,91330604MAG08N9F2Q,,无等级,,53726.0
绍兴上虞博睿口腔诊所,91330604MAEKUNUAX5,,无等级,,53724.0
绍兴上虞博阳口腔诊所,91330604MADJM31B2E,,无等级,,53918.0
绍兴上虞周伶俐牙科诊所,92330604MA29CXMF7B,,无等级,,53985.0
绍兴上虞品胜口腔诊所,91330604MACR0K307T,,无等级,,53950.0
绍兴上虞品诺口腔诊所,91330604MAE6C34FXQ,,无等级,,53906.0
绍兴上虞嘉洁口腔诊所,91330604MAEFLABC6X,,无等级,,53863.0
绍兴上虞国良西医诊所,92330604MA2D7EUMXY,,无等级,,53963.0
绍兴上虞壹妍医疗美容诊所,91330604MACAW2DQ37,,无等级,,53709.0
绍兴上虞妃妮施医疗美容诊所,91330604MAC0PQDN70,,无等级,,54004.0
绍兴上虞婧悦口腔诊所,92330604MA2BH80F8B,,无等级,,53977.0
绍兴上虞孙宏口腔诊所,92330604MA2BH93071,,无等级,,53899.0
绍兴上虞家成诊所,91330604MADDUXAT7X,,无等级,,53933.0
绍兴上虞崧厦王丽娟中医针灸诊所,92330604MA29CQ531D,,无等级,,53970.0
绍兴上虞康丰诊所,91330604MADHYQU70J,,无等级,,53713.0
绍兴上虞康悦诊所,91330604MAD9365K70,,无等级,,53942.0
绍兴上虞康瑞诊所,91330604MAE9JKQX45,,无等级,,53903.0
绍兴上虞康阳诊所,91330604MACQJDYJ3P,,无等级,,53741.0
绍兴上虞开元口腔诊所,92330604MA29DE8L0C,,无等级,,53989.0
绍兴上虞彩霞口腔诊所,91330604MA7M4W252H,,无等级,,53944.0
绍兴上虞德济诊所,91330604MACYTJJY94,,无等级,,53941.0
绍兴上虞志惠诊所,91330604MAC1EMLL1A,,无等级,,54000.0
绍兴上虞忠新牙科诊所,92330604MA29C5YP9F,,无等级,,53997.0
绍兴上虞恒俐中西医结合诊所,92330604MA29CPML4U,,无等级,,53912.0
绍兴上虞惠轩口腔诊所,91330604MABMNYDT5H,,无等级,,53999.0
绍兴上虞慈兴口腔诊所,91330604MAE1DBCP5Q,,无等级,,53907.0
绍兴上虞成奎口腔诊所,92330604MA29E21G8A,,无等级,,53948.0
绍兴上虞招丽口腔诊所,92330604MA29C8YW4T,,无等级,,53990.0
绍兴上虞新兴桥阿祥口腔诊所,92330604MA2FG29F7J,,无等级,,53967.0
绍兴上虞新惠诊所,91330604MAD92BB697,,无等级,,53719.0
绍兴上虞明亮诊所,91330604MADFLRLC41,,无等级,,53748.0
绍兴上虞星医惠医疗美容诊所,91330604MABWXJ7C03,,无等级,,53909.0
绍兴上虞春禾诊所,91330604MAD2PJD46A,,无等级,,53957.0
绍兴上虞普济诊所,92330604MA2LN9M50L,,无等级,,53715.0
绍兴上虞晶善口腔诊所,92330604MA29BTLF4Y,,无等级,,53980.0
绍兴上虞晶鑫口腔诊所,91330604MAEQRW22XP,,无等级,,53745.0
绍兴上虞曹琦口腔诊所,92330604MA2BE14808,,无等级,,53968.0
绍兴上虞杨狄口腔诊所,92330604MA2JUCGE0Q,,无等级,,53982.0
绍兴上虞柔本医疗美容诊所,92330604MA2JPL7W8P,,无等级,,53730.0
绍兴上虞民康内科诊所,91330604MABYLXUE8E,,无等级,,54006.0
绍兴上虞永和金美牙科诊所,92330604MA2FGEG602,,无等级,,53964.0
绍兴上虞汤浦响山诊所,93220604MA289CX0XQ,,无等级,,53929.0
绍兴上虞汤盛口腔诊所,91330604MAD6N8E29H,,无等级,,53932.0
绍兴上虞洁虞口腔诊所,91330604MAD2JBAF2Y,,无等级,,53910.0
绍兴上虞济民诊所,91330604MADFXNY2XW,,无等级,,53729.0
绍兴上虞浙青中西医结合诊所,92330604MA2D6LQJ3X,,无等级,,53786.0
绍兴上虞海贝众心口腔诊所,91330604MAD4A73K0F,,无等级,,53927.0
绍兴上虞灿良口腔诊所,92330604MA2BD5515B,,无等级,,53965.0
绍兴上虞炬钢口腔诊所,92330604MAEWAW9J6U,,无等级,,53710.0
绍兴上虞爱琳诊所,91330604MACEX8FRXH,,无等级,,53898.0
绍兴上虞爱雅口腔诊所,91330604MAEMJ5UN98,,无等级,,53787.0
绍兴上虞牙一口腔诊所,91330604MAD2L4KR6M,,无等级,,53935.0
绍兴上虞牙友口腔诊所,91330604MA2JTBWA10,,无等级,,53986.0
绍兴上虞玉英诊所,91330604MAD2H60U76,,无等级,,53936.0
绍兴上虞王佳宇口腔诊所,92330604MA2JPK199X,,无等级,,53904.0
绍兴上虞王坚牙科诊所,92330604MA2FHED59K,,无等级,,53937.0
绍兴上虞王文道西医诊所,92330604MA2JT68E81,,无等级,,53946.0
绍兴上虞王海荣中医伤科推拿诊所,92330604MA2D64YH15,,无等级,,53995.0
绍兴上虞王舒口腔诊所,92330604MA29BC3D7G,,无等级,,53974.0
绍兴上虞珂钦口腔诊所,91330604MAEC569A6P,,无等级,,53740.0
绍兴上虞璟康口腔诊所,91330604MAER9QRJ47,,无等级,,53750.0
绍兴上虞百官利烨口腔诊所,92330604MA2FGQF087,,无等级,,53987.0
绍兴上虞百官加法儿科诊所,92330604MA2BDU1J55,,无等级,,53962.0
绍兴上虞百官城北便民诊所,92330604MA29BK3TXL,,无等级,,54005.0
绍兴上虞百官秋阳牙科诊所,92330604MA2BD8BE8R,,无等级,,53992.0
绍兴上虞百官立平口腔诊所,92330604MA2FD8UD4H,,无等级,,53969.0
绍兴上虞皓齿口腔诊所,91330604MAE8852D6Q,,无等级,,53897.0
绍兴上虞盖北军表口腔诊所,92330604MA29C2XL18,,无等级,,53979.0
绍兴上虞盖山诊所,91330604MAEBC5BQ4P,,无等级,,53717.0
绍兴上虞石汝锷中医诊所,92330604MA2FHWD58M,,无等级,,53996.0
绍兴上虞祝强松牙科诊所,92330604L61255528N,,无等级,,53718.0
绍兴上虞祝氏中医诊所,92330604MA29D0J941,,无等级,,53998.0
绍兴上虞舜耕诊所,91330604MAEBC4P67B,,无等级,,53905.0
绍兴上虞艺美紫荆医疗美容诊所,91330604MAE1X2T38P,,无等级,,53900.0
绍兴上虞诺尔口腔诊所,91330604MAEBYNCD35,,无等级,,53896.0
绍兴上虞赵氏口腔诊所,92330604MA289P11XA,,无等级,,53917.0
绍兴上虞越康诊所,91330604MA2JTKBY9N,,无等级,,54003.0
绍兴上虞钱中央西医皮肤科诊所,92330604MA29BDR57C,,无等级,,53973.0
绍兴上虞阮医师牙科诊所,92330604MA2FHTFEXF,,无等级,,53988.0
绍兴上虞陈孔飞中医诊所,92330604MA2D65JQ2J,,无等级,,53978.0
绍兴上虞马氏诊所,91330604MADAGKAY3G,,无等级,,53940.0
绍兴上虞驿亭建卿口腔诊所,92330604MA29C00M4F,,无等级,,53971.0
绍兴中益眼科诊所,91330602MA2JR8AP59,,无等级,,54303.0
绍兴井康诊所,91330602MA7CPREW1K,,无等级,,54031.0
绍兴仁德堂中医诊所,91330602MABP1YM59B,,无等级,,54102.0
绍兴仕嘉口腔诊所,91330602MABR0CB63C,,无等级,,54252.0
绍兴仟纷医疗美容诊所,91330602MAED4WCJ5T,,无等级,,54214.0
绍兴兰亭口腔诊所,91330602MAERKR720U,,无等级,,54034.0
绍兴医本堂中西医结合诊所,91330602MAEGKAMR4U,,无等级,,54136.0
绍兴名协眼科诊所,91330602MADLB3NT1W,,无等级,,54072.0
绍兴名明眼科诊所,91330602MAEMA9UU8C,,无等级,,54070.0
绍兴启点口腔诊所,91330602MADJX28P92,,无等级,,54059.0
绍兴嘉浩口腔诊所,91330602MA2JU30J5N,,无等级,,54318.0
绍兴大越医疗美容诊所,91330602MAC24YL09P,,无等级,,54291.0
绍兴家齿口腔诊所,91330602MADM3W0A68,,无等级,,54245.0
绍兴市医疗康复诊所,12330600471351026L,,无等级,,54234.0
绍兴康源口腔诊所,91330602MA2JR4YP74,,无等级,,54283.0
绍兴德泽轩中医综合诊所,91330604MA2JPGC39K,,无等级,,53953.0
绍兴心颜莳医疗美容诊所,91330602MAD102X90J,,无等级,,54066.0
绍兴惠仁堂中医诊所,91330602MADXL31F2A,,无等级,,54249.0
绍兴新昌妃妮施医疗美容诊所,91330624MAD0845N5W,,无等级,,55099.0
绍兴昌明口腔诊所,91330602MABWNT8P6D,,无等级,,54163.0
绍兴春阳口腔诊所,91330602MA7BF3720E,,无等级,,54327.0
绍兴杭港眼科诊所,91330602MA2JUBY915,,无等级,,54243.0
绍兴杭越口腔诊所,91330602MAD17YBA4A,,无等级,,54275.0
绍兴柏诗尤医疗美容诊所,91330604MADCW69346,,无等级,,53744.0
绍兴柯桥万民中西医结合诊所,92330621MA2LN3XG42,,无等级,,53576.0
绍兴柯桥中呈口腔诊所,92330621MAEX30WTXW,,无等级,,53129.0
绍兴柯桥中诺口腔诊所,92330621MAD5R5XJ1X,,无等级,,53130.0
绍兴柯桥久振内科诊所,92330621MAC874G073,,无等级,,53692.0
绍兴柯桥亲易美医疗美容诊所,92330621MAC652BA94,,无等级,,53685.0
绍兴柯桥仁合内科诊所,92330621MACPQRU402,,无等级,,53649.0
绍兴柯桥优贝口腔诊所,92330621MAEMHBY01X,,无等级,,53552.0
绍兴柯桥伟兴内科诊所,92330621MAE39XBL6U,,无等级,,53578.0
绍兴柯桥伟海口腔诊所,92330621MA2JTQNM3X,,无等级,,53638.0
绍兴柯桥伢乐口腔诊所,91330621MA2D78KL15,,无等级,,53574.0
绍兴柯桥佑源中西医结合诊所,92330621MAD49NM497,,无等级,,53622.0
绍兴柯桥何秋凤诊所,TE3306213300543140,,无等级,,53640.0
绍兴柯桥佳佑西医内科诊所,92330621MACPW6PYXM,,无等级,,53652.0
绍兴柯桥健海中西医结合诊所,92330621MA2JTQNN1Q,,无等级,,53639.0
绍兴柯桥傅仁林口腔诊所,92330621MA2JUUC69M,,无等级,,53635.0
绍兴柯桥傅佩军口腔诊所,TE3306213300696950,,无等级,,53565.0
绍兴柯桥兴滨诊所,91330621MA2JQK1R14,,无等级,,53596.0
绍兴柯桥军康内科诊所,92330621MADFH5XB0F,,无等级,,53604.0
绍兴柯桥凯隆口腔诊所,91330621MA2D75TM91,,无等级,,53587.0
绍兴柯桥刘伟西医内科诊所,92330621MA2JU6LU7T,,无等级,,53628.0
绍兴柯桥刘杨全科诊所,92330621MA2JU0H69Y,,无等级,,53641.0
绍兴柯桥利民口腔诊所,91330621MA2JPTCD6G,,无等级,,53669.0
绍兴柯桥华羊西医诊所,92330621MA2LNO1959,,无等级,,53602.0
绍兴柯桥卓雅口腔诊所,91330621MA2D7WTH1A,,无等级,,53126.0
绍兴柯桥博睿医疗美容诊所,92330621MACGP1BTXG,,无等级,,53605.0
绍兴柯桥卫民西医内科诊所,92330621MAC0705RX1,,无等级,,53554.0
绍兴柯桥双柯口腔诊所,91330621MA2D7F4FX4,,无等级,,53674.0
绍兴柯桥合盛中西医结合诊所,92330621MACLLRU31D,,无等级,,53684.0
绍兴柯桥同吉堂中西医结合诊所,92330621MAD7BJAC0F,,无等级,,53600.0
绍兴柯桥唯乐口腔诊所,92330621MA2JQUAM56,,无等级,,53673.0
绍兴柯桥妍值医疗美容诊所,91330621MA2JQAUG96,,无等级,,53617.0
绍兴柯桥妍术医疗美容诊所,92330621MACH5Y8Q85,,无等级,,53612.0
绍兴柯桥孟晓瑞健康信息咨询有限公司萧山衙前诊所,91330109MA28ULPE28,,无等级,,38582.0
绍兴柯桥安益内科诊所,92330621MAEX24661R,,无等级,,53122.0
绍兴柯桥官康西医内科诊所,92330621MACLX9L57C,,无等级,,53648.0
绍兴柯桥尚贝口腔诊所,91330621MA2D7YTY6M,,无等级,,53688.0
绍兴柯桥广源诊所,91330621MACBDK020A,,无等级,,53573.0
绍兴柯桥庄氏诊所,92330621MA2D8H5C26,,无等级,,53636.0
绍兴柯桥康夏中西医结合诊所,92330621MADFP37R4D,,无等级,,53569.0
绍兴柯桥康强诊所,91330621MA2D7X5R3Q,,无等级,,53619.0
绍兴柯桥康惠中西医结合诊所,92330621MAD43EYT23,,无等级,,53128.0
绍兴柯桥康滨中西医结合诊所,92330621MABY5LNC78,,无等级,,53657.0
绍兴柯桥康益恒中西医结合诊所,92330621MACQ9YYM07,,无等级,,53643.0
绍兴柯桥康邈诊所,92330621MA2JQHU74W,,无等级,,53672.0
绍兴柯桥弘和诊所,91330621MA2D897W7T,,无等级,,53695.0
绍兴柯桥弘济中西医结合诊所,92330621MACDJFRY5G,,无等级,,53687.0
绍兴柯桥御品西医内科诊所,92330621MA7DJU3Y48,,无等级,,53631.0
绍兴柯桥微笑口腔诊所,91330621MA2D7K902A,,无等级,,53675.0
绍兴柯桥德盛中西医结合诊所,91330621MA2D8K860C,,无等级,,53627.0
绍兴柯桥志宏中西医结合诊所,92330621MA2JTR923P,,无等级,,53637.0
绍兴柯桥恒雅口腔诊所,92330621MA2JTP768H,,无等级,,53690.0
绍兴柯桥成伟口腔诊所,92330621MA2LND2X3B,,无等级,,53132.0
绍兴柯桥春源内科诊所,92330621MACRC4CN4C,,无等级,,53642.0
绍兴柯桥晓静西医内科诊所,92330621MADE1TFH2M,,无等级,,53606.0
绍兴柯桥晨康中西医结合诊所,92330621MACF47WD3Q,,无等级,,53614.0
绍兴柯桥景灏口腔诊所,91330621MA2D7X2Q60,,无等级,,53696.0
绍兴柯桥李亚娟内科诊所,92330621MADH0LNY82,,无等级,,53607.0
绍兴柯桥杏林西医内科诊所,92330621MABMTK8513,,无等级,,53632.0
绍兴柯桥林康诊所,91330621MA2D7X5K6U,,无等级,,53644.0
绍兴柯桥柯南西医内科诊所,92330621MACNT5AA7R,,无等级,,53651.0
绍兴柯桥柯康内科诊所,92330621MAD85P02XE,,无等级,,53611.0
绍兴柯桥柯新西医内科诊所,92330621MAC39X0437,,无等级,,53689.0
绍兴柯桥柯海诊所,91330621MA2JPQB72R,,无等级,,53645.0
绍兴柯桥柯盛中西医结合诊所,91330621MA2JR50P35,,无等级,,53626.0
绍兴柯桥柯美口腔诊所,91330621MA2D7HCX3X,,无等级,,53609.0
绍兴柯桥民康中西医结合诊所,91330621MA2JPN517J,,无等级,,53678.0
绍兴柯桥江康西医内科诊所,92330621MAC2PXQJ87,,无等级,,53586.0
绍兴柯桥泊特口腔诊所,91330621MA2D7KTC8R,,无等级,,53676.0
绍兴柯桥海辉中西医结合诊所,91330621MA2D8R50PL,,无等级,,53591.0
绍兴柯桥滨泰西医诊所,92330621MACH7NXY3Q,,无等级,,53683.0
绍兴柯桥滨源西医内科诊所,92330621MAE2ETP25Q,,无等级,,53585.0
绍兴柯桥王氏中医诊所,91330621MA2D6U6X5J,,无等级,,53625.0
绍兴柯桥王立娟诊所,91330621MA2D8UBP2Y,,无等级,,53658.0
绍兴柯桥白洋西医内科诊所,92330621MAC1N7BB4G,,无等级,,53691.0
绍兴柯桥百康口腔诊所,91330621MA2D7KD40Y,,无等级,,53572.0
绍兴柯桥百柯内科诊所,92330621MACMBDU05W,,无等级,,53608.0
绍兴柯桥皓华口腔诊所,91330621MA2D7GPC1D,,无等级,,53654.0
绍兴柯桥皓灵口腔诊所,91330621MA2D72F286,,无等级,,53666.0
绍兴柯桥相映内科诊所,91330621MA2JTJMP2Y,,无等级,,53629.0
绍兴柯桥章水祥口腔诊所,92330621MA2D8E9E6M,,无等级,,53670.0
绍兴柯桥章海锋口腔诊所,TE3306213300543150,,无等级,,53621.0
绍兴柯桥符刚中西医结合诊所,92330621MA2LNA2566,,无等级,,53555.0
绍兴柯桥红海口腔诊所,91330621MA2D7RMX4X,,无等级,,53677.0
绍兴柯桥羊山路口腔诊所,91330621MA2D7D0143,,无等级,,53694.0
绍兴柯桥群贤口腔诊所,92330621MA2D8HXJ87,,无等级,,53661.0
绍兴柯桥自在城格林园吉美口腔诊所,91330621MA2D7AH063,,无等级,,53623.0
绍兴柯桥舒乐双周路口腔诊所,91330621MA2D7CWL9X,,无等级,,53584.0
绍兴柯桥艳芳内科诊所,92330621MAE21CX53X,,无等级,,53575.0
绍兴柯桥花市内科诊所,92330621MADPBL9M8K,,无等级,,53579.0
绍兴柯桥苏东卫西医内科诊所,92330621MADFJ60F7K,,无等级,,53610.0
绍兴柯桥茹冬英西医内科诊所,92330621MA2JTN5J65,,无等级,,53630.0
绍兴柯桥莲兴西医内科诊所,92330621MACLB9Q83E,,无等级,,53646.0
绍兴柯桥蔡玉玲口腔诊所,92330621MA2D8E6TX8,,无等级,,53660.0
绍兴柯桥诚泽中西医结合诊所,92330621MACP0K5WXJ,,无等级,,53583.0
绍兴柯桥诚济中西医结合诊所,91330621MA2JQHU82T,,无等级,,53553.0
绍兴柯桥豫民内科诊所,92330621MAE2L36B5R,,无等级,,53577.0
绍兴柯桥赏域西医内科诊所,92330621MAEK6N3K96,,无等级,,53558.0
绍兴柯桥越仁堂西医诊所,92330621MACMRLF17Y,,无等级,,53653.0
绍兴柯桥辰阳口腔诊所,92330621MA2JUHAR20,,无等级,,53663.0
绍兴柯桥迎佳内科诊所,92330621MA2JURDY6C,,无等级,,53601.0
绍兴柯桥金应口腔诊所,92330621MA2D7C0Q6N,,无等级,,53662.0
绍兴柯桥金越诊所,91330621MA2D7CCW1J,,无等级,,53624.0
绍兴柯桥钰芽口腔诊所,92330621MACQLDBG3R,,无等级,,53599.0
绍兴柯桥钱康西医内科诊所,92330621MAD7XL1X0P,,无等级,,53613.0
绍兴柯桥钱海西医内科诊所,92330621MACMCT740M,,无等级,,53647.0
绍兴柯桥锦顺中西医结合诊所,92330621MAD5NC3J8B,,无等级,,53618.0
绍兴柯桥镜海诊所,91330621MA2D8NRJ6H,,无等级,,53664.0
绍兴柯桥阿龙内科诊所,91330621MA2JQR4T61,,无等级,,53671.0
绍兴柯桥雅欣口腔诊所,92330621MA2D7YBU9K,,无等级,,53667.0
绍兴柯桥马义中西医结合诊所,92330621MAD6GKE583,,无等级,,53620.0
绍兴柯桥马大夫口腔诊所,92330621MA2D8QPR7U,,无等级,,53668.0
绍兴柯桥鸿硕中西医结合诊所,92330621MAEA3NY58F,,无等级,,53568.0
绍兴柯桥麻家中西医结合诊所,91330602MA2JRJ5U46,,无等级,,53597.0
绍兴柯桥麻氏西医内科诊所,92330621MA2LMPRY8Y,,无等级,,53582.0
绍兴柯桥齐贤立成口腔诊所,92330621MA2D7F9090,,无等级,,53634.0
绍兴焕妍医疗美容诊所,91330602MAEH7QQ96D,,无等级,,54069.0
绍兴熙和医疗美容诊所,91330602MACFQHML2T,,无等级,,54270.0
绍兴牙世嘉口腔诊所,91330602MA2JQK2W95,,无等级,,54326.0
绍兴瑞雅口腔诊所,91330602MA2D7HE064,,无等级,,54336.0
绍兴皓康口腔诊所,91330602MA2D7D25XF,,无等级,,54335.0
绍兴精微堂中西医结合诊所,91330604MA2BG5PN9X,,无等级,,53938.0
绍兴红曼薇医疗美容诊所,91330602MABNLFDF9C,,无等级,,54203.0
绍兴红芳薇医疗美容诊所,91330602MADBT11C65,,无等级,,54253.0
绍兴红蔷薇医疗美容诊所,91330602MAD9E7DQX6,,无等级,,54273.0
绍兴臻至口腔诊所,91330602MA7BH4556F,,无等级,,54350.0
绍兴艾尔兴眼科诊所,91330602MABXJ0PMXF,,无等级,,54148.0
绍兴艾维口腔诊所,91330602MABQGQEWXL,,无等级,,54354.0
绍兴花玺医疗美容诊所,91330602MACGRBF73D,,无等级,,54285.0
绍兴芽美口腔诊所,91330602MAE2NTHN5U,,无等级,,54239.0
绍兴若溪医疗美容诊所,91330602MA2880XD8W,,无等级,,54271.0
绍兴董氏口腔诊所,91330602MA2JQLP223,,无等级,,54337.0
绍兴蒋建江口腔诊所,91330602MAE64ED35R,,无等级,,54230.0
绍兴袍江周燕燕口腔诊所,92330600MA29CQRX7J,,无等级,,54328.0
绍兴袍江屠亚夫口腔诊所,92330600MA29C4DJ36,,无等级,,54341.0
绍兴袍江林志光诊所,92330600MA289WWK1R,,无等级,,54322.0
绍兴袍江爱尔眼科诊所,91330602MACNGHGC3D,,无等级,,54286.0
绍兴袍江蒋国英口腔诊所,92330600MA288YTT6U,,无等级,,54342.0
绍兴西郎口腔诊所,91330602MA2D956T0P,,无等级,,54343.0
绍兴越城一丹口腔诊所,91330602MA2JT9XF3M,,无等级,,54063.0
绍兴越城一佳口腔诊所,91330602MABPH53H49,,无等级,,54251.0
绍兴越城三合诊所,91330602MACRAA734T,,无等级,,54268.0
绍兴越城上医中西医结合诊所,91330602MA2JTL6W30,,无等级,,54237.0
绍兴越城丽姿莲医疗美容诊所,91330602MAC68GF079,,无等级,,54359.0
绍兴越城亿美檀医疗美容诊所,91330602MADWL4CA3B,,无等级,,54043.0
绍兴越城仁元堂中医诊所,91330602MAE2BFYG2H,,无等级,,54235.0
绍兴越城仁鑫诊所,91330602MADGC68G9Y,,无等级,,54044.0
绍兴越城众康内科诊所,91330602MA7N2M2M4U,,无等级,,54364.0
绍兴越城何奇一口腔诊所,92330602MA2JQK2H6D,,无等级,,54267.0
绍兴越城佳盛中西医结合诊所,91330602MADH24LBIU,,无等级,,54254.0
绍兴越城倪世诚诊所,92330602MA2D6DT213,,无等级,,54345.0
绍兴越城华庭内科诊所,91330602MADJFH3L7C,,无等级,,54215.0
绍兴越城南缇尔医疗美容诊所,91330602MACBNQHB3N,,无等级,,54287.0
绍兴越城启新诊所,91330602MACE0DY033,,无等级,,54232.0
绍兴越城嘉园诊所,91330602MACMGTHH2K,,无等级,,54288.0
绍兴越城圣济诊所,91330602MACEMNCU6M,,无等级,,54274.0
绍兴越城大塘诊所,91330602MADL6KWE5U,,无等级,,54259.0
绍兴越城奈希医疗美容诊所,91330602MA2JTXWA15,,无等级,,54363.0
绍兴越城孙长美诊所,92330602MADJK9AY34,,无等级,,54263.0
绍兴越城孟建忠中医诊所,92330602MAETJRQG2Q,,无等级,,54064.0
绍兴越城宸章府诊所,91330602MADPBX0K7Y,,无等级,,54244.0
绍兴越城寺源诊所,91330602MADH4D5H4N,,无等级,,54218.0
绍兴越城庆中诊所,91330602MA7GJ45HXP,,无等级,,54361.0
绍兴越城庆悦中医诊所,91330602MA2LN45245,,无等级,,54225.0
绍兴越城康业中西医结合诊所,91330602MAE5BR0278,,无等级,,54222.0
绍兴越城康萍诊所,91330602MAD7WWJMXE,,无等级,,54277.0
绍兴越城张关泉中西医结合诊所,92330602MADX0P3834,,无等级,,54123.0
绍兴越城徐建池中医诊所,92330602MAC1EUP07L,,无等级,,54353.0
绍兴越城恒美口腔诊所,91330602MAC2Q6KA8N,,无等级,,54357.0
绍兴越城恩熙医疗美容诊所,91330602MA7FYJLF76,,无等级,,54290.0
绍兴越城昌元中西医结合诊所,91330602MADUBAW257,,无等级,,54246.0
绍兴越城普迈斯医疗美容诊所,91330602MAC550NM79,,无等级,,54360.0
绍兴越城沈磊口腔诊所,92330302MA2JU2U167,,无等级,,54348.0
绍兴越城泽仁内科诊所,91330602MA2JQQCM7L,,无等级,,54223.0
绍兴越城洁皓口腔诊所,91330602MABNAHY13W,,无等级,,54362.0
绍兴越城海涛中西医结合诊所,91330602MADA3NBM9K,,无等级,,54262.0
绍兴越城温心中西医结合诊所,92330602MADP5CN180,,无等级,,54247.0
绍兴越城爱雅口腔诊所,91330602MA2JU27A3Q,,无等级,,54321.0
绍兴越城王永明中医诊所,92330602MA2LMACDX6,,无等级,,54298.0
绍兴越城申美医疗美容诊所,91330602MA7CE0PJ12,,无等级,,54315.0
绍兴越城禾漾医疗美容诊所,91330602MACMGFY975,,无等级,,54242.0
绍兴越城艾雅口腔诊所,91330602MACP06M83W,,无等级,,54272.0
绍兴越城莳月拾光医疗美容诊所,91330602MACXFWHQ9U,,无等级,,54236.0
绍兴越城蒋本亮中西医结合诊所,91330602MAD7W6WNX9,,无等级,,54231.0
绍兴越城裘卓明中西医结合诊所,92330602MAK33U4263,,无等级,,54028.0
绍兴越城贝优医疗美容诊所,91330602MAK2GA5K5H,,无等级,,54030.0
绍兴越城贺兆丰口腔诊所,92330602MA2JQBH836,,无等级,,54323.0
绍兴越城越圣内科诊所,91330602MADKEBMH4M,,无等级,,54264.0
绍兴越城越康中西医结合诊所,91330602MAD4LTCN2M,,无等级,,54221.0
绍兴越城越英诊所,91330602MADC2UGD2K,,无等级,,54269.0
绍兴越城金礼诊所,91330602MADC2FX46R,,无等级,,54266.0
绍兴越城金贝口腔诊所,91330602MACNP9481B,,无等级,,54292.0
绍兴越城银埠诊所,91330602MACE0HHF98,,无等级,,54282.0
绍兴越城陈德炼诊所,92330602MA2FHJ2G2T,,无等级,,54240.0
绍兴越城陈演口腔诊所,92330602MA2LN5QC29,,无等级,,54216.0
绍兴越城陶正富诊所,92330602MADQERLH78,,无等级,,54248.0
绍兴越城顾平口腔诊所,92330602MA2JQ2LY79,,无等级,,54311.0
绍兴越城馨诚口腔诊所,91330602MAC4X7B36Y,,无等级,,54293.0
绍兴越城马海诊所,91330602MAD9ENQ70M,,无等级,,54037.0
绍兴越城麦芽口腔诊所,91330602MA2JU97U66,,无等级,,54171.0
绍兴越妍医疗美容诊所,91330602MACQMH658Q,,无等级,,54278.0
绍兴越高诊所,91330602MABXCTC590,,无等级,,54276.0
绍兴鑫薇医疗美容诊所,91330602MACKXR2706,,无等级,,54036.0
绍兴雍禾医疗美容诊所,91330602MA7FTTDA5X,,无等级,,54358.0
绍兴靓康口腔诊所,91330604MA2JTL2N43,,无等级,,53958.0
绍兴顶谱眼科诊所,91330602MAC24GKK7A,,无等级,,54302.0
绍兴颜莳医疗美容诊所,91330602MABR639Y8N,,无等级,,54279.0
经开嘉北徐月建口腔诊所,92330401MA2JGC4P8U,,无等级,,51303.0
经针堂中医诊所（杭州）,91330102MACYNJ8D4L,,无等级,,36384.0
缔美尼（余姚）医疗美容诊所,91330281MACYXDNF4T,,无等级,,43997.0
缙云三春堂中医诊所,92331122MA2E046W4A,,无等级,,67260.0
缙云何奇兵中医综合诊所,92331122MA28JDQH1Q,,无等级,,67273.0
缙云俞孟良西医诊所,92331122MA28JWM09B,,无等级,,67271.0
缙云利民诊所,92331122MA2A1JY703,,无等级,,67290.0
缙云博雅口腔诊所有限公司,91331122MACROF098X,,无等级,,67085.0
缙云卢卫雄口腔诊所有限公司,91331122MACTE1XL6H,,无等级,,67233.0
缙云卢奇峰西医诊所,92331122MA2FY3TTXT,,无等级,,67262.0
缙云卢润雄牙科诊所,92331122MAE24A9D7T,,无等级,,67217.0
缙云卢笑容口腔诊所有限公司,91331122MACNPKA98X,,无等级,,67279.0
缙云吕美琴西医诊所有限公司,91331122MADH7NLB03,,无等级,,67225.0
缙云吕龙华牙科诊所,92331122MA2E0A4D2L,,无等级,,67258.0
缙云吴伯辉中医诊所,92331122MA2FW3XK0B,,无等级,,67259.0
缙云吴桂杨口腔诊所,92331122MA2FYQ9E22,,无等级,,67129.0
缙云吴梅君口腔诊所,92331122MA2E02JQ2M,,无等级,,67285.0
缙云周丽娟西医诊所,92331122MA2FWMKF9C,,无等级,,67245.0
缙云周灵绢西医诊所,92331122MA2FYC7U2D,,无等级,,67277.0
缙云善庆堂中医诊所有限公司,91331122MADN6BU64P,,无等级,,67223.0
缙云壶镇宝华堂中医诊所,92331122MA2FXRRQ2N,,无等级,,67253.0
缙云壶镇朱晓华西医诊所,92331122MA2FYK9CXF,,无等级,,67249.0
缙云应氏皮肤科诊所,92331122MA2A0AMY5M,,无等级,,67272.0
缙云应艳君口腔诊所,92331122MA2E338841,,无等级,,67036.0
缙云应见西医诊所,92331122MA2FW3PC4E,,无等级,,67256.0
缙云康丽口腔诊所,92331122MA2A10UF94,,无等级,,67232.0
缙云康视视光眼科诊所有限公司,91331122MACQ1Q4W68,,无等级,,67231.0
缙云康顺堂中医诊所有限公司,91331122MAE4YE018W,,无等级,,66995.0
缙云徐兴林西医诊所,92331122MA2A0KHR4C,,无等级,,67276.0
缙云微笑口腔诊所,92331122MAD5TR6M54,,无等级,,67221.0
缙云德元昇中医诊所有限公司,91331122MAE4EK7796,,无等级,,67214.0
缙云忠杰口腔诊所有限公司,91331122MACY935W01,,无等级,,67068.0
缙云惠雅口腔诊所,92331122MA2A181B3K,,无等级,,67280.0
缙云慧峰口腔诊所,92331122MA2E13HA70,,无等级,,67275.0
缙云承安中西医结合诊所,92331122MADPG81Q1L,,无等级,,67222.0
缙云朱富强口腔诊所有限公司,91331122MACUWB780W,,无等级,,67236.0
缙云朱时怀口腔诊所有限公司,91331122MACTM7WC65,,无等级,,67130.0
缙云朱永强西医诊所,92331122MA2G079Q42,,无等级,,67265.0
缙云李医生口腔诊所,92331122MA2A0UTU1D,,无等级,,67229.0
缙云李鹏飞中医诊所,92331122MA2FY6UFXT,,无等级,,67264.0
缙云杨温洋牙科诊所,92331122MA2FW2CT8K,,无等级,,67270.0
缙云杭生堂中医诊所,91331122350214885W,,无等级,,67241.0
缙云柳军牙科诊所,92331122MA2FYH2E3T,,无等级,,67213.0
缙云柳舟口腔诊所有限公司,91331122MACUQ78J3A,,无等级,,67067.0
缙云浙美医疗美容诊所有限公司,TE3311223300709080,,无等级,,67026.0
缙云燕燕诊所,92331122MA2HKYPJ21,,无等级,,67268.0
缙云王岳武小草康复诊所,92331122MA2G050097,,无等级,,67239.0
缙云王志平诊所,92331122MA2E0NDY7F,,无等级,,67252.0
缙云王盛敏诊所,92331122MA2G0RBQ16,,无等级,,67278.0
缙云王礼尚口腔诊所有限公司,91331122MKCKC24U9R,,无等级,,67284.0
缙云璐腾口腔诊所,92331122MA28JRMB5L,,无等级,,67269.0
缙云田氏医疗美容有限公司鼎湖路医疗美容诊所,91331122MA7J3MAX7R,,无等级,,67288.0
缙云田瑞叶口腔诊所,92331122MA2E3JJM2D,,无等级,,67240.0
缙云章桂法牙科诊所,92331122MA2FWN5J97,,无等级,,67254.0
缙云纺群诊所有限公司,91331122MAEOATFU7B,,无等级,,67218.0
缙云缙欣口腔诊所,92331122MA2FYRMH2G,,无等级,,67235.0
缙云耀升中医诊所有限公司亲亲诊所,91331122MAD26X9K6K,,无等级,,67228.0
缙云老百姓诊所,91331122785668333M,,无等级,,67251.0
缙云胡纬口腔诊所,92331122MA2A0GT24D,,无等级,,67266.0
缙云胡美玲口腔诊所,92331122MACM53D74U,,无等级,,67219.0
缙云自然体中医诊所,TE3311223300711120,,无等级,,67023.0
缙云莫若医疗美容诊所有限公司,TE3311223300717110,,无等级,,66993.0
缙云蒋军彪牙科诊所,92331122MA2FYQTJ0G,,无等级,,67224.0
缙云蓝海平中西医结合诊所,92331122MA2A1PY34F,,无等级,,67289.0
缙云蔡魏口腔诊所,92331122MA2FXT5W70,,无等级,,67246.0
缙云虞亚平西医诊所,92331122MA2FXFGT4K,,无等级,,67257.0
缙云虞晓丽牙科诊所,92331122MA2FYQ6Q18,,无等级,,67267.0
缙云诚一牙科诊所,92331122MA2A1PD30J,,无等级,,67237.0
缙云诸葛华西医诊所,92331122MA28JPNE0F,,无等级,,67283.0
缙云贝莱雅医疗美容有限公司锦湖之星医疗美容诊所,91331122MAD0KRDB6L,,无等级,,67215.0
缙云赵传飞中医诊所,91331122077574547H,,无等级,,67242.0
缙云赵宏牙科诊所,92331122MA2FYTRC9Y,,无等级,,67281.0
缙云赵智杰口腔诊所有限公司,91331122MACKC1H11Q,,无等级,,67286.0
缙云适佳儿童口腔诊所,TE3311223300713600,,无等级,,67001.0
缙云郑辉牙科诊所,92331122MA28JQKF2W,,无等级,,67244.0
缙云金典口腔诊所,92331122MA2A0QYE11,,无等级,,67261.0
缙云金名口腔诊所,92331122MA2HKN6R7D,,无等级,,67247.0
缙云金绍智西医诊所,92331122MA2FY0J6X3,,无等级,,67255.0
缙云金锡超西医诊所,92331122MA2G0EDA89,,无等级,,67282.0
缙云陈日晶西医诊所,92331122MA2G0GBY7X,,无等级,,67243.0
缙云陈盛坚口腔诊所有限公司,91331122MACUF8HT5D,,无等级,,67216.0
缙云陶海琴牙科诊所,92331122MA2FXM6C0B,,无等级,,67250.0
缙云陶爱飞诊所,92331122MA2HLGU051,,无等级,,67274.0
缙云陶静莉诊所,92331122MA28J8G48F,,无等级,,67220.0
缙云馥芮医疗美容诊所有限公司,91331122MAEKD3JB08,,无等级,,67037.0
缙云麻李强中医诊所,92331122MA2FYHRLX4,,无等级,,67248.0
缙云黄伟强牙科诊所,92331122MA2FYCQK1J,,无等级,,67263.0
缙云鼎轩堂中医诊所,91331122MA28J6QB39,,无等级,,67238.0
缪如有医疗诊所,92330902MA2ETFKK3E,,无等级,,63023.0
联成益美（杭州）医疗美容诊所,91330108MADMK5GH4N,,无等级,,34635.0
胡小珍内科诊所,92330302MA2C5DCE5J,,无等级,,48979.0
胡平诊所,92330411MA2CWTAGXR,,无等级,,51313.0
胡建雪医疗诊所,92330902MA2ETQL30B,,无等级,,62990.0
胡忠宝诊所,92330824MA2FURB79G,,无等级,,61632.0
胡忠武中医内科诊所,92330302MA2C0YKH02,,无等级,,48789.0
至元新居民医疗诊所,TE3309023300426380,,无等级,,62968.0
舟山中赫医疗美容诊所,91330900MA7LM6XY3F,,无等级,,62879.0
舟山亚泰船舶修造工程有限公司诊所,9133090066391839XJ,,无等级,,63106.0
舟山仁晟堂诊所,91330901MACNDMLR5E,,无等级,,62961.0
舟山任曙敏白玉兰医疗美容诊所,91330902MAE2M3KP4N,,无等级,,62938.0
舟山伊娜医疗美容诊所,91330900MADWDWBU31,,无等级,,62943.0
舟山佰叶诊所,91330901MA2A21TQ0D,,无等级,,62963.0
舟山依来美医疗美容诊所,91330900MA2DNDPP7U,,无等级,,62826.0
舟山健尔雅投资管理有限公司定海桔园口腔诊所,91330902MA28KQE31R,,无等级,,63013.0
舟山傲龄医疗美容诊所,91330901MAD04NHN1W,,无等级,,62909.0
舟山六横康莱诊所,91330901MAETG77XXU,,无等级,,63088.0
舟山哈豆儿童口腔诊所,91330901MA7D7NTG83,,无等级,,62960.0
舟山国纪医疗管理有限公司华安口腔诊所,91330903MA2DNDWN5C,,无等级,,63194.0
舟山国纪医疗管理有限公司金塘口腔诊所,91330901MA28KJCN3E,,无等级,,62976.0
舟山如心维乐口腔诊所,91330901MAC4DBUF7B,,无等级,,62972.0
舟山如心诊所,91330902MABMUJ4X8D,,无等级,,62855.0
舟山孙静熹医疗美容诊所,91330900MABPKXF04B,,无等级,,62881.0
舟山安兴诊所,91330900MACKKJBH7U,,无等级,,62950.0
舟山定海景盛诊所,91330902MA2A3NJP49,,无等级,,63000.0
舟山定海王惠芬口腔诊所,91330901MAE3JWL93C,,无等级,,62935.0
舟山定海王海口腔诊所,92330902MA28KYUB01,,无等级,,63003.0
舟山定海盛康医疗有限公司盐仓医疗诊所,91330902MA2A3EMX4N,,无等级,,62974.0
舟山尤旦医疗管理有限公司口腔诊所,91330903MA2DM9XQXR,,无等级,,63041.0
舟山岐仁堂诊所,91330901MA2A269N25,,无等级,,62874.0
舟山嵊泗优齿佳口腔诊所,91330922MADYCPYR2W,,无等级,,62819.0
舟山市万民医疗管理有限公司定海医疗诊所,91330902MA2A2KY1XN,,无等级,,62937.0
舟山市临城街道东蟹峙村卫生室,12330900472092468R,未定级,未定级,,63224.0
舟山市健源医疗管理有限公司定海黄家碶路诊所,91330902MA7C785D9J,,无等级,,62953.0
舟山市存德堂医疗有限公司东河路医疗诊所,91330900MA28KBEX69,,无等级,,62869.0
舟山市存德堂医疗有限公司国医馆医疗诊所,91330900594381882F,,无等级,,62868.0
舟山市存德堂医疗有限公司存德堂医疗诊所,91330900566984619X,,无等级,,62866.0
舟山市存德堂医疗有限公司西园医疗诊所,9133090055402539X6,,无等级,,62867.0
舟山市孙木标医疗管理有限公司白泉中医诊所,91330902MA2A2PYJ0B,,无等级,,63011.0
舟山市安兴诊所有限公司桃湾诊所,91330901MAEWX50Q89,,无等级,,62862.0
舟山市定海岑港贝丽口腔诊所,92330902MA28KAEK7L,,无等级,,62993.0
舟山市定海王志军医疗美容诊所,92330902MA28K7954T,,无等级,,62964.0
舟山市宝格医疗有限公司定海医疗美容诊所,91330902MA2A3EL75D,,无等级,,62996.0
舟山市普陀区海福社会福利事务服务有限公司中西医结合诊所,91330903665162020Y,,无等级,,63135.0
舟山市普陀医院六横分院中远船厂医务室,123309037511935956,未定级,未定级,二级,63124.0
舟山市普陀葆仁堂医疗有限公司东港中西医结合诊所,91330903MA28KAAX8W,,无等级,,63200.0
舟山市普陀葆仁堂医疗有限公司沈家门中西医结合诊所,91330903MA28KBHL7F,,无等级,,63198.0
舟山市腾燕医疗有限公司定海盐仓医疗诊所,91330902MA28K4JU42,,无等级,,62986.0
舟山市超南医疗管理有限公司定海马岙口腔诊所,91330902MA28KFJA0K,,无等级,,62998.0
舟山市超南医疗管理有限公司干览口腔诊所,91330902MA2A3A1R0P,,无等级,,62984.0
舟山市超南医疗管理有限公司沥港口腔诊所,91330901MABX4YL489,,无等级,,62936.0
舟山市超南医疗管理有限公司爱雅仕口腔诊所,91330903MA2DMQKF3K,,无等级,,63188.0
舟山布衣医疗管理有限公司布衣中西医结合诊所,91330903MA28K48176,,无等级,,63099.0
舟山布衣医疗管理有限公司行衣中西医结合诊所,91330903MA28K7QH0H,,无等级,,63180.0
舟山广安医院浦西诊所,91330900MA2DMW19X9,,无等级,,63154.0
舟山康保堂医疗有限公司康保堂医疗诊所,91330902MA2A3H9P42,,无等级,,62849.0
舟山康兴诊所,91330901MAETRWPJ8P,,无等级,,63044.0
舟山康泽诊所,91330901MA2A2CLM7D,,无等级,,63137.0
舟山康陆医院管理有限公司新城医疗诊所,91330901MA7CUJ4876,,无等级,,62942.0
舟山悟银医疗诊所,91330901MAD9WLUL3C,,无等级,,62951.0
舟山新城东程口腔诊所,92330901MACYE0L346,,无等级,,62948.0
舟山新城久合口腔诊所,TE3309023300500970,,无等级,,62973.0
舟山新城刘静医疗美容诊所,92330901MA2ETL7A5W,,无等级,,62971.0
舟山新城利民诊所,92330901MA2EU8F556,,无等级,,63167.0
舟山新城家乡人诊所,91330901MA2DM8JT2M,,无等级,,63185.0
舟山新城家乡人诊所有限公司小沙锦驰诊所,91330902MAE7BLMB66,,无等级,,62934.0
舟山新城敬诚口腔诊所,92330901MA2A25EL5E,,无等级,,62962.0
舟山新城益元诊所,91330901MA2DM2ANXC,,无等级,,62967.0
舟山新城美牙口腔诊所,91330901MADDCMXN6Q,,无等级,,63145.0
舟山星悦诊所,91330901MACXA4JC3F,,无等级,,62894.0
舟山术美医疗美容诊所,91330902MA2A26DU5Q,,无等级,,62940.0
舟山朱家尖益雅口腔诊所,91330901MAEPPTEU5Y,,无等级,,63043.0
舟山柏昕医疗美容诊所,91330902MA7HAPEC5Q,,无等级,,62952.0
舟山民泰医疗器械有限公司城东医疗诊所,91330902MA28KRY749,,无等级,,62989.0
舟山洣禾医疗美容诊所,91330900MA7FE57M8E,,无等级,,62970.0
舟山润民诊所,91330901MAC62B0R69,,无等级,,63113.0
舟山瑞美医疗美容诊所,91330900MA2DND097T,,无等级,,63101.0
舟山益民医药管理有限公司东河中西医诊所,91330902307747029E,,无等级,,62977.0
舟山益民医药管理有限公司合源中西医诊所,913309023553998157,,无等级,,62981.0
舟山益民医药管理有限公司定海城南中西医诊所,92330902MA28K0HM5C,,无等级,,62983.0
舟山益民医药管理有限公司新桥中西医诊所,91330902307747053Y,,无等级,,62982.0
舟山益民医药管理有限公司白泉中西医诊所,913309023553888259,,无等级,,63008.0
舟山艺韩医疗美容诊所,91330900MA2DMLGF4D,,无等级,,62924.0
舟山艾可医疗美容诊所,91330921MADY8YQ707,,无等级,,62780.0
舟山艾美医疗美容诊所,91330901MA2A24NAXP,,无等级,,62887.0
舟山菁漾悦美医疗美容诊所,91330900MA2DNBA799,,无等级,,62954.0
舟山金岛尤旦口腔诊所,91330901MAE7MHKG30,,无等级,,62885.0
舟山韩明医疗诊所,91330903MAEUWWC911,,无等级,,63058.0
芭零零（杭州）医疗管理有限公司萧山市心北路医疗美容诊所,91330109MA7H2JY12Q,,无等级,,37920.0
芳正（杭州）口腔医院有限公司浪川口腔诊所,91330127MA7BNHR387,,无等级,,32918.0
苍南县人民医院驻县看守所门诊部,123303274707800133,未定级,未定级,三级,44185.0
苍南县金乡镇兴澳村卫生室,123303277804962532,无级别,无级别,未定级,44274.0
苍南口腔医院望鹤口腔诊所,91330327MABYCE2L61,,无等级,,44557.0
苍南宁好皮肤科诊所,91330327MAENKCQJ6H,,无等级,,44401.0
苍南安齿口腔诊所,91330327MACDDHJ92U,,无等级,,44567.0
苍南宜山余作修西医内科诊所,92330327MA2CRCH69X,,无等级,,44632.0
苍南宜山吴守勤中医骨伤科诊所,92330327MA2AWMWAXH,,无等级,,44606.0
苍南宜山周萍萍口腔诊所,92330327MA2CTGK78U,,无等级,,44604.0
苍南宜山孙邦佑中医骨伤科诊所,91330327MA2L3B022R,,无等级,,44630.0
苍南宜山戴美浙耳鼻咽喉科诊所,91330327MA2AW8L0XY,,无等级,,44601.0
苍南宜山易际凯西医内科诊所,92330327MA2CNC5YX9,,无等级,,44602.0
苍南宜山杨立崇西医内科诊所,92330327MAEKNEWN67,,无等级,,44461.0
苍南宜山林纯丰口腔诊所,TE3303273300472870,,无等级,,44568.0
苍南宜山林黄琴口腔诊所,TE3303273300460640,,无等级,,44578.0
苍南宜山沈丽蓉西医妇科诊所,92330327MAE7K2W66R,,无等级,,44524.0
苍南宜山瑞坚口腔诊所,91330327MADUPNE57C,,无等级,,44538.0
苍南宜山翁光辉西医内科诊所,92330327MA2CTW8H7B,,无等级,,44569.0
苍南宜山蒋海燕西医妇科诊所,92330327MADGBF9H2X,,无等级,,44545.0
苍南宜山黄起超中医诊所,92330327MA2CPONN2Y,,无等级,,44615.0
苍南望里丽辉乐口腔诊所,91330327MAERATQW89,,无等级,,44429.0
苍南望里林上总西医内科诊所,92330327MA2CP5C91R,,无等级,,44614.0
苍南望里章月仙口腔诊所,92330327MA2L64MQ6M,,无等级,,44608.0
苍南望里苏苗雁西医内科诊所,92330327MA2HDPRQXB,,无等级,,44636.0
苍南望里龚德晃中医诊所,92330327MA29AWPH93,,无等级,,44637.0
苍南桥墩周贤将中医诊所,92330327MA2AWE985N,,无等级,,44629.0
苍南沿浦李君友中西医结合诊所,TE3303273300383250,,无等级,,44579.0
苍南沿浦陈平西医儿科诊所,92330327MA2AT4EQ0C,,无等级,,44574.0
苍南沿浦马氏中西医结合诊所,92330304MADNT2EF73,,无等级,,44215.0
苍南灵溪一八口腔诊所,91330327MAEHAAP257,,无等级,,44465.0
苍南灵溪严述金口腔诊所,TE3303273300535310,,无等级,,44571.0
苍南灵溪乐意口腔诊所,91330327MAE7JPH09H,,无等级,,44505.0
苍南灵溪仁禾医疗美容诊所,91330327MAD0CM4YXF,,无等级,,44560.0
苍南灵溪何贤义西医内科诊所,92330327MA2CTOP416,,无等级,,44620.0
苍南灵溪刘伟皮肤科诊所,92330327MAC281PQ9K,,无等级,,44561.0
苍南灵溪刘德朴西医内科诊所,92330327MA2AWPAB6K,,无等级,,44552.0
苍南灵溪刘福明口腔诊所,92330327MAE9BPX5XL,,无等级,,44509.0
苍南灵溪刘纪猛西医内科诊所,90330327MA2AWQ9N0X,,无等级,,44607.0
苍南灵溪刘青燕口腔诊所,913303273077062516,,无等级,,44624.0
苍南灵溪医护美医疗美容诊所,91330327MAEWBWLB2C,,无等级,,44251.0
苍南灵溪叶志杰西医内科诊所,92330327MA29AW73XP,,无等级,,44621.0
苍南灵溪叶西拉口腔诊所,91330327MA2CN1ERXT,,无等级,,44575.0
苍南灵溪叶黄林西医妇科诊所,92330327MA2J8MY67E,,无等级,,44622.0
苍南灵溪吕作合内科诊所,92330327MA2JA3EBXA,,无等级,,44611.0
苍南灵溪吕振富中医诊所,92330327MA2HBQT799,,无等级,,44643.0
苍南灵溪吴宝水全科诊所,92330327MA7MXAEQ96,,无等级,,44631.0
苍南灵溪吴锡雁中西医结合诊所,92330327MA2J92YB98,,无等级,,44603.0
苍南灵溪周小娟西医妇科诊所,92330327MA7KU1PY11,,无等级,,44623.0
苍南灵溪唯美医疗美容诊所,91330327MACLM8B69M,,无等级,,44543.0
苍南灵溪孙良静中医骨伤科诊所,92330327MA2CQLE34C,,无等级,,44635.0
苍南灵溪宋一平西医内科诊所,92330327MA2H93WH6E,,无等级,,44598.0
苍南灵溪廖一德中医骨伤科诊所,92330327MA2CQL3U5R,,无等级,,44576.0
苍南灵溪廖国丽西医妇科诊所,92330327MA29AY6K80,,无等级,,44646.0
苍南灵溪张文玲中医妇科诊所,92330327MA2CQ5ULXQ,,无等级,,44584.0
苍南灵溪张维树全科诊所,92330327MAC0U46M1T,,无等级,,44562.0
苍南灵溪德芽口腔诊所,91330327MAEP95GT72,,无等级,,44380.0
苍南灵溪惠齿口腔诊所,91330327MAEEME0M3C,,无等级,,44501.0
苍南灵溪新生代妇科诊所,91330327MA7N0R1Y94,,无等级,,44559.0
苍南灵溪方祖要中医内科诊所,91330327MA2H9YW959,,无等级,,44627.0
苍南灵溪明远口腔诊所,91330327MAEN4C737G,,无等级,,44222.0
苍南灵溪星容妍医疗美容诊所,91330327MA7BYAY099,,无等级,,44556.0
苍南灵溪晓鸽妇科诊所,91330327MAE498XW9Q,,无等级,,44204.0
苍南灵溪曾滔全科诊所,92330327MAK0BQ880M,,无等级,,44176.0
苍南灵溪李孝飘中医诊所,92330327MA2CN8P916,,无等级,,44184.0
苍南灵溪李灵堆口腔诊所,92330327MAD37H6X6K,,无等级,,44555.0
苍南灵溪杨挥琴中医诊所,92330327MA2CPW8C4M,,无等级,,44642.0
苍南灵溪林乃雄中医内科诊所,91330327MA2CQ7HR10,,无等级,,44634.0
苍南灵溪林天加口腔诊所,92330327MA2AWK7C17,,无等级,,44572.0
苍南灵溪林宣成全科诊所,92330327MAG03BFP2L,,无等级,,44231.0
苍南灵溪林开春西医内科诊所,92330327MA2AUNU90G,,无等级,,44626.0
苍南灵溪林素蓉口腔诊所,92330327MA2CTKRW89,,无等级,,44633.0
苍南灵溪柯和杰口腔诊所,92330327MAEDKQB8X1,,无等级,,44469.0
苍南灵溪温作念西医内科诊所,92330327MA2JCLTQ85,,无等级,,44628.0
苍南灵溪潘家幸口腔诊所,92330327MADL4B1LXE,,无等级,,44546.0
苍南灵溪王增朋西医内科诊所,92330327MA2CNJF39K,,无等级,,44540.0
苍南灵溪章振国中医诊所,92330327MA2AT2WQX7,,无等级,,44617.0
苍南灵溪罗建明口腔诊所,92330327MA2JABJX3W,,无等级,,44609.0
苍南灵溪臻媛医疗美容诊所,91330327MAERKL2229,,无等级,,44344.0
苍南灵溪苏丽青口腔诊所,92330327MA299NT21Q,,无等级,,44573.0
苍南灵溪苏立炳中医诊所,92330327MAE6C4PQ6M,,无等级,,44536.0
苍南灵溪许启跃西医内科诊所,92330327MA2AUL6C7K,,无等级,,44610.0
苍南灵溪许家明全科诊所,92330327MAD86XR539,,无等级,,44550.0
苍南灵溪许明凯全科诊所,92330327MA7H1X9H7J,,无等级,,44640.0
苍南灵溪许祖旗西医内科诊所,92330327MA29AY84XW,,无等级,,44448.0
苍南灵溪谢作福西医内科诊所,92330327MA29ATPF43,,无等级,,44619.0
苍南灵溪赖连源全科诊所,92330327MABNTPWJ3Y,,无等级,,44544.0
苍南灵溪郑祖育中西医结合诊所,92330327MABTY02U74,,无等级,,44599.0
苍南灵溪郑维安西医内科诊所,92330327MA2CTHBF91,,无等级,,44353.0
苍南灵溪陈友腾中医诊所,92330327MA2CN2AE03,,无等级,,44641.0
苍南灵溪陈小嘉医疗美容诊所,91330327MACWL5698G,,无等级,,44314.0
苍南灵溪陈建洪口腔诊所,92330327MA2L31E32Y,,无等级,,44616.0
苍南灵溪陈德星西医内科诊所,92330327MA29ATNB9Q,,无等级,,44618.0
苍南灵溪陈忠将西医内科诊所,92330327MAEFTM2K05,,无等级,,44453.0
苍南灵溪陈礼军中医诊所,92330327MA2984UP93,,无等级,,44645.0
苍南灵溪陈礼恭西医儿科诊所,92330327MA2AWQA5XU,,无等级,,44563.0
苍南灵溪陈立峰口腔诊所,92330327MA2AQ8NT7Y,,无等级,,44648.0
苍南灵溪陈英桃中医内科诊所,92330327MA2CTUOYX8,,无等级,,44638.0
苍南灵溪韩必正西医内科诊所,92330327MA29AY6B4B,,无等级,,44613.0
苍南灵溪颜叶璆中西医结合诊所,92330327MA2CN6572J,,无等级,,44597.0
苍南灵溪魏忠文中医诊所,91330327MA2CQ7R12P,,无等级,,44551.0
苍南灵溪鲍家友口腔诊所,92330327MA298D7J8A,,无等级,,44541.0
苍南灵溪黄兆富中西医结合诊所,92330327MA2CTF5Y04,,无等级,,44188.0
苍南灵溪黄寿选中医外科诊所,92330327MA2H946N2H,,无等级,,44549.0
苍南灵溪黄建设口腔诊所,92330327MA2J88GEXD,,无等级,,44639.0
苍南灵溪黄细仙西医妇科诊所,92332327MA29A95C8B,,无等级,,44612.0
苍南藻溪陈瑞祥口腔诊所,91330327329826801M,,无等级,,44625.0
苍南赤溪王群西医内科诊所,92330327MA29AXFJ4E,,无等级,,44600.0
苍南赤溪郑宗准西医内科诊所,92330327MA29AWNQXJ,,无等级,,44577.0
苍南金乡夏朝东耳鼻咽喉科诊所,92330327MAD1AEA597,,无等级,,44554.0
苍南金乡臻靓口腔诊所,91330327MA2L37JL88,,无等级,,44418.0
苍南金乡邓昭渠西医儿科诊所,92330327MA29AMAX7W,,无等级,,44583.0
苍南金乡郑百顺西医内科诊所,92330327MA2998H16Y,,无等级,,44581.0
苍南金乡陈艳琳西医妇科诊所,92330327MA2HC5DN64,,无等级,,44605.0
苍南金乡黄开亮口腔诊所,92330327MA2H96RB3K,,无等级,,44580.0
苍南金乡黄朝陆中医诊所,92330327MA29725G5C,,无等级,,44582.0
苍南钱库伢小白口腔诊所,91330327MAE6T8K808,,无等级,,44214.0
苍南钱库何继武眼耳鼻喉科诊所,92330327MA2CR08507,,无等级,,44647.0
苍南钱库吴连涛西医内科诊所,92330327MA2CR2LN6X,,无等级,,44587.0
苍南钱库吴连达西医外科诊所,92330327MA2CQYD33U,,无等级,,44595.0
苍南钱库林云柱西医儿科诊所,92330327MA29AUB21F,,无等级,,44592.0
苍南钱库林博口腔诊所,91330327MADHKPEF5Y,,无等级,,44537.0
苍南钱库王书雄西医内科诊所,92330327MA2CTR1U52,,无等级,,44644.0
苍南钱库王慕加中西医结合诊所,92330327MA2CTHUG8R,,无等级,,44593.0
苍南钱库章素兰口腔诊所,92330327MA2CNL7J4L,,无等级,,44585.0
苍南钱库蔡振俊西医内科诊所,92330327MA2CNTQ28C,,无等级,,44588.0
苍南钱库陈定军口腔诊所,92330327MA7DXH5P4G,,无等级,,44586.0
苍南钱库陈玉山西医内科诊所,92330327MA2HDY5X1T,,无等级,,44596.0
苍南钱库陈瑞将西医内科诊所,92330327MA2983G538,,无等级,,44589.0
苍南钱库陈瑞峰西医内科诊所,92330327MA27Q9MWXU,,无等级,,44591.0
苍南钱库黄良仓中西医结合诊所,92330327MA2CP21N8Q,,无等级,,44594.0
苍南钱库黄贤增西医内科诊所,92330327MA29AW860N,,无等级,,44590.0
苍南马站周海华口腔诊所,91330327MA2L64R56U,,无等级,,44566.0
苍南马站施赓尧西医外科诊所,TE3303273300471440,,无等级,,44564.0
苍南马站王青山中医诊所,91330327MA2JBKF91M,,无等级,,44565.0
苏霞口腔科诊所,92330302MA2C2BWR79,,无等级,,48913.0
苓苓济（杭州）健康管理有限公司星河嘉园中医诊所,91330113MABRM09Q1D,,无等级,,35298.0
英医汇健康管理（上海）有限公司湖州诊所,91330501MAC48M2091,,无等级,,52912.0
茂年堂健康管理（杭州）有限公司西堤南路中医诊所,91330183MA2GPD2D6L,,无等级,,33615.0
莫丽君口腔诊所,92330602MA2BFL6N6Q,,无等级,,54310.0
萧山区临浦镇社区卫生服务中心临一社区卫生服务站,1233010947045244XG,无级别,无级别,未定级,38049.0
萧山区戴村镇社区卫生服务中心大石盖社区卫生服务站,12330109589851915P,无级别,无级别,未定级,37782.0
萧山区新塘街道社区卫生服务中心和平桥社区卫生服务站,12330109470452271H,无级别,无级别,未定级,37743.0
萧山区新街街道社区卫生服务中心江南社区卫生服务站,12330109470454277J,未定级,未定级,无级别,37998.0
萧山区楼塔镇社区卫生服务中心萧南社区卫生服务站,123301094704521240,未定级,未定级,无级别,37772.0
萧山区盈丰街道社区卫生服务中心新中社区卫生服务站,12330109470454285D,无级别,无级别,未定级,37871.0
萧山区蜀山街道社区卫生服务中心品文社区卫生服务站,12330109470452300W,无级别,无级别,未定级,37694.0
萧山区闻堰街道社区卫生服务中心湖风社区卫生服务站,12330109470454330E,无级别,无级别,未定级,37672.0
萧山区靖江街道社区卫生服务中心光明社区卫生服务站,123301094704521833,未定级,未定级,无级别,37735.0
萧山经济技术开发区医院驻杭州市拘留所卫生所,523301094704555525,未定级,未定级,二级,37180.0
萧山经济技术开发区社区卫生服务中心惠宁社区卫生服务站,52330109MJ8842965C,无级别,无级别,未定级,37831.0
董松标口腔诊所,52330603MJ9513370D,,无等级,,53656.0
董煜楠中医内科诊所,92330302MA2C5RK695,,无等级,,48937.0
蒋春燕口腔诊所,92330402MA2JGC8RX4,,无等级,,51109.0
蒋永忠胃肠病专科诊所,92330411MA2B80Q26A,,无等级,,51293.0
蒋濮中西医结合诊所,92330411MAEADPXF3F,,无等级,,51270.0
蒋玲娣口腔诊所,92330602MA2BE95L5N,,无等级,,54319.0
蓝圣信内科诊所,92330328MA2C23GP7Y,,无等级,,49688.0
蓝宗武内科诊所,92330302MA2C7NMY07,,无等级,,48863.0
衢州丝瑞兰黛健康管理有限公司柯城医疗美容诊所,91330800MA2DH9L38G,,无等级,,62276.0
衢州丹红健康管理有限公司柯城石浮诊所,91330802MA29UC4M05,,无等级,,62179.0
衢州丽芯颜健康管理有限公司柯城医疗美容诊所,91330802MACG9ACE0H,,无等级,,62220.0
衢州丽身淡颜健康管理有限公司柯城医疗美容诊所,91330802MA2DGBK66B,,无等级,,62239.0
衢州九康堂健康管理有限公司柯城中医诊所,91330800MADHNY7GX2,,无等级,,62216.0
衢州仁安堂健康管理有限公司柯城中医诊所,91330802MA29TJT2XU,,无等级,,62151.0
衢州伟仁健康咨询有限公司柯城孔家中医诊所,91330802MA29U1WP39,,无等级,,62178.0
衢州医眸健康管理有限公司柯城诊所,91330800MADGBTHTXG,,无等级,,62217.0
衢州千合丽美健康管理有限公司柯城医疗美容诊所,91330800MACDWC0D4M,,无等级,,62105.0
衢州华亿威医药科技有限公司龙游梦颜清学士路医疗美容诊所,91330825MABY3J2P3Y,,无等级,,61888.0
衢州启新健康管理有限公司柯城福康诊所,91330802MA28FY07XC,,无等级,,62177.0
衢州好牙健康管理有限公司柯城新荷可恩口腔诊所,91330802MA2DLGHRXX,,无等级,,62153.0
衢州妍密香健康管理有限公司柯城诊所,91330802MACUQ1X190,,无等级,,62235.0
衢州娄然健康管理有限公司柯城成敏诊所,91330802MA2DJRN30B,,无等级,,62257.0
衢州完璞健康管理有限公司柯城医疗美容诊所,91330802MA28FFPH9Y,,无等级,,62160.0
衢州家大夫健康产业管理有限公司柯城思康诊所,91330800MA2DKC5P0C,,无等级,,62222.0
衢州市乐尔健康管理有限公司柯城鑫尔口腔诊所,91330802MA2DL6RM5L,,无等级,,62233.0
衢州市乔安健康管理有限公司柯城奕美医疗美容诊所,91330800MA2DL03KXP,,无等级,,62320.0
衢州市九润中药材有限公司耀慈诊所,91330802MA28F1KK3J,,无等级,,62164.0
衢州市优洋健康管理有限公司柯城小林口腔诊所,91330802MAD2993K9A,,无等级,,62224.0
衢州市优洋健康管理有限公司江山浩洋口腔诊所,91330881MA2DLFNG5W,,无等级,,61369.0
衢州市化城平安堂医药零售有限公司柯城广仁中医诊所,91330802329877705W,,无等级,,62316.0
衢州市卓艺企业管理有限公司柯城医疗美容诊所,91330802MA2DGECX4T,,无等级,,62167.0
衢州市卓艺企业管理有限公司柯城惠儿儿科诊所,91330802MACLXTJ67R,,无等级,,62298.0
衢州市卓萱健康管理有限公司柯城佳医口腔诊所,91330800MA2DKXUF5B,,无等级,,62262.0
衢州市多福健康管理有限公司柯城乐福口腔诊所,91330802MABPLEPK5J,,无等级,,62267.0
衢州市天美健康管理有限公司柯城众雅嘉禾口腔诊所,91330800MABLN052XP,,无等级,,62281.0
衢州市天美健康管理有限公司柯城嘉禾口腔诊所,91330802MA2DGEPH66,,无等级,,62280.0
衢州市安乐健康管理有限公司柯城新衢口腔诊所,91330802MA7GP2145U,,无等级,,62100.0
衢州市尚美健康管理有限公司柯城医疗美容诊所,91330800MA2DL0DG0K,,无等级,,62300.0
衢州市康民洁健康管理有限公司柯城友家口腔诊所,91330802MA28FEH30B,,无等级,,62191.0
衢州市康民洁健康管理有限公司柯城爱家口腔诊所,91330802MA28FQY15T,,无等级,,62254.0
衢州市康齿健康管理有限公司柯城雅康口腔诊所,91330802MAC3QM1421,,无等级,,62308.0
衢州市康齿健康管理有限公司柯城顺康口腔诊所,91330802MAE7TLL758,,无等级,,62201.0
衢州市开祥健康管理有限公司柯城益民西医诊所,91330800MACFP9U04A,,无等级,,62255.0
衢州市思远健康管理有限公司龙游鑫诚口腔诊所,91330825MA2DJB8T45,,无等级,,61899.0
衢州市慧斐健康管理有限公司柯城医疗美容诊所,91330802MA2DGR9D72,,无等级,,62210.0
衢州市新视线健康管理有限公司柯城眼科诊所,91330802MA29TX2R01,,无等级,,62246.0
衢州市昌昊商贸有限公司柯城德春堂诊所,91330802MA29U9FQ5G,,无等级,,62250.0
衢州市星医惠企业管理有限公司柯城医疗美容诊所,91330800MA2DJCCR61,,无等级,,62083.0
衢州市晰丹健康管理有限公司柯城益元诊所,91330802MA7G9NWJ5P,,无等级,,62287.0
衢州市柯城严小平诊所,92330802MA2FR1QQ2D,,无等级,,62173.0
衢州市柯城丰国香诊所,92330802MA2DKJKN9U,,无等级,,62142.0
衢州市柯城何锦强诊所,92330802MA2FW0M767,,无等级,,62272.0
衢州市柯城余志良中医诊所,92330802MA2DJ2BW3R,,无等级,,62150.0
衢州市柯城余永丰口腔诊所,92330802MA29T8B5XE,,无等级,,62268.0
衢州市柯城余芳莉口腔诊所,92330800MA2FUW0Q8D,,无等级,,62266.0
衢州市柯城兰传义诊所,92330800MA29T5E18P,,无等级,,62183.0
衢州市柯城兰彩仙诊所,92330800MA29U29EXU,,无等级,,62159.0
衢州市柯城刘晨诊所,92330802MA2DHDYK0P,,无等级,,62318.0
衢州市柯城区七里乡七里村卫生室,123308024719406134,未定级,未定级,无级别,61950.0
衢州市柯城区万田乡下蒋村卫生室,12330802MB1E749018,未定级,未定级,二级,62013.0
衢州市柯城区九华乡童村村村卫生室,123308027613294920,未定级,未定级,无级别,61969.0
衢州市柯城区信安街道社区卫生服务中心信安村社区卫生服务站,12330802689958947G,无级别,无级别,未定级,61988.0
衢州市柯城区姜家山乡柯安社区卫生服务站,12330802741006223F,无级别,无级别,未定级,61951.0
衢州市柯城区沟溪乡五十都村卫生室,12330802471940664C,未定级,未定级,无级别,61954.0
衢州市柯城区白云街道回龙新村社区卫生服务站,12330802595785790Y,未定级,未定级,无级别,61960.0
衢州市柯城区石室乡新东村卫生室,12330802777229576L,无级别,无级别,未定级,61952.0
衢州市柯城区航埠镇万川村卫生室,12330802471940410F,未定级,未定级,无级别,61953.0
衢州市柯城卜明祥口腔诊所,92330802MA2FW16MXY,,无等级,,62301.0
衢州市柯城叶仙口腔诊所,92330800MA2DKUGF8L,,无等级,,62230.0
衢州市柯城叶红芳口腔诊所,92330800MA29T6EX29,,无等级,,62199.0
衢州市柯城吕妮诊所,92330800MA2FU2MN11,,无等级,,62172.0
衢州市柯城吕小兰口腔诊所,92330800MA29UJJD1T,,无等级,,62225.0
衢州市柯城吴一琴诊所,92330802MA2FRFM7XK,,无等级,,62184.0
衢州市柯城周小武口腔诊所,92330802MA2DJFJ16R,,无等级,,62098.0
衢州市柯城国医堂健康产业投资管理有限公司中医诊所,91330802MA28F6K701,,无等级,,62157.0
衢州市柯城姜丕政诊所,92330802MA29UE7F84,,无等级,,62307.0
衢州市柯城娄昱恒诊所,92330802MA2FUNE93F,,无等级,,62169.0
衢州市柯城宋丽娟西医诊所,92330800MA2FUKT667,,无等级,,62188.0
衢州市柯城宝尔口腔诊所,92330802MA28FYDG65,,无等级,,62275.0
衢州市柯城张勇建口腔诊所,92330802MA2DGPYR5X,,无等级,,62274.0
衢州市柯城张渭中诊所,92330802MA29UUCQ38,,无等级,,62175.0
衢州市柯城徐兰兰口腔诊所,92330802MA29TB8AX8,,无等级,,62313.0
衢州市柯城徐向东口腔诊所,92330802MA29UX0M2C,,无等级,,62260.0
衢州市柯城徐圆口腔诊所,92330802MA29ULBMXD,,无等级,,62283.0
衢州市柯城徐小峰诊所,92330802MA2FUXY20C,,无等级,,61985.0
衢州市柯城徐建新口腔诊所,92330802MA2FUWQT8L,,无等级,,62302.0
衢州市柯城徐秀贝齿口腔诊所,92330802MA29UXD99F,,无等级,,62057.0
衢州市柯城徐红寿诊所,92330800MA2FU49C4A,,无等级,,62187.0
衢州市柯城徐金木口腔诊所,92330802MA29U1HA5G,,无等级,,62319.0
衢州市柯城戴益夏口腔诊所,92330802MA29T6YXXL,,无等级,,62324.0
衢州市柯城方梅仙诊所,92330800MA2FUY7D1J,,无等级,,62259.0
衢州市柯城方洪英诊所,92330802MA29T5JJ7R,,无等级,,62165.0
衢州市柯城普民诊所,92330802MA2FRTF57T,,无等级,,62189.0
衢州市柯城曾炜口腔诊所,92330802MA28FD3A6B,,无等级,,61955.0
衢州市柯城朱宁宁诊所,92330802MA2FR08L4D,,无等级,,62170.0
衢州市柯城朱慧萍中医诊所,92330802MA28FHMJ17,,无等级,,62309.0
衢州市柯城朱昌荣诊所,92330800MA28FWRB92,,无等级,,62289.0
衢州市柯城朱晓艳全科医疗诊所,92330802MA2FW0156K,,无等级,,62190.0
衢州市柯城李建艇诊所,92330802MA28FU191L,,无等级,,62249.0
衢州市柯城杜义军诊所,92330802MA28FWT79G,,无等级,,62168.0
衢州市柯城杜素芬阳光妇科诊所,92330800MA28FN1A0H,,无等级,,62166.0
衢州市柯城杨建良诊所,92330802MA2FRBAEXF,,无等级,,62269.0
衢州市柯城杨文皓诊所,92330802MA2FT8995C,,无等级,,62286.0
衢州市柯城柴云良诊所,92330800MA28FLBFXT,,无等级,,62162.0
衢州市柯城樊招红口腔诊所,92330802MA29TL610T,,无等级,,62273.0
衢州市柯城段文高诊所,92330800MA29U2454Q,,无等级,,62174.0
衢州市柯城毛振芳诊所,92330802MA29T5CR82,,无等级,,62296.0
衢州市柯城江利红口腔诊所,92330802MA2DJ6M53L,,无等级,,62299.0
衢州市柯城江慧虹诊所,92330802MA2FTCJ659,,无等级,,62176.0
衢州市柯城江益峰口腔诊所,92330802MA28FXQ80H,,无等级,,62237.0
衢州市柯城江素芳口腔诊所,92330802MA29TGEMXR,,无等级,,62297.0
衢州市柯城江青水口腔诊所,92330802MA2FTKT87H,,无等级,,62328.0
衢州市柯城沈雁中医诊所,92330802MA2FU1FKX8,,无等级,,62323.0
衢州市柯城涂翠莹诊所,92330800MA2FTQ7J3T,,无等级,,62163.0
衢州市柯城潘小玲西医诊所,92330800MA2FU1PL13,,无等级,,62186.0
衢州市柯城王小方诊所,92330802MA29UG09XM,,无等级,,62303.0
衢州市柯城王志红诊所,92330802MA29U9MQXR,,无等级,,62145.0
衢州市柯城王晓口腔诊所,92330802MA2FRP5R2H,,无等级,,62264.0
衢州市柯城甘国芳口腔诊所,92330802MA2DK9YL4P,,无等级,,62248.0
衢州市柯城申屠君口腔诊所,92330802MA29T5A47X,,无等级,,62288.0
衢州市柯城石仁慧诊所,92330802MA2DKL3J3U,,无等级,,61964.0
衢州市柯城老街坊西医诊所,92330800MA28FPAA35,,无等级,,62158.0
衢州市柯城聂静诊所,92330802MA29T48U4R,,无等级,,62310.0
衢州市柯城胡斌诊所,92330802MA2FRG1G2Y,,无等级,,62180.0
衢州市柯城舒氏中西医结合诊所,92330802MA2DG9YF38,,无等级,,62182.0
衢州市柯城董绍彪口腔诊所,92330802MA2FU09U0D,,无等级,,62278.0
衢州市柯城蔡建峰全科医疗诊所,92330802MA2FRFN687,,无等级,,62181.0
衢州市柯城许承康中医诊所,92330800MA2FUW4W2M,,无等级,,62325.0
衢州市柯城许鲜花口腔诊所,92330800MA2FUC3D69,,无等级,,62295.0
衢州市柯城赵立华口腔诊所,92330802MA2DHGW452,,无等级,,62305.0
衢州市柯城邓小清诊所,92330802MA2FU8X85L,,无等级,,62245.0
衢州市柯城邱国庆西医诊所,92330800MA29TRK75H,,无等级,,62034.0
衢州市柯城郑兰琴口腔诊所,92330802MA2DKNNQ39,,无等级,,62290.0
衢州市柯城郑庆祯口腔诊所,92330800MA29ULWT0C,,无等级,,62282.0
衢州市柯城郑月明诊所,92330800MA29TWK1XB,,无等级,,62069.0
衢州市柯城郑洪祥诊所,92330802MA2FUMBG91,,无等级,,62291.0
衢州市柯城郑玉萍诊所,92330802MA2FUQM41A,,无等级,,62322.0
衢州市柯城郜杰口腔诊所,92330802MA2FU5JL4R,,无等级,,62265.0
衢州市柯城钟金国诊所,92330802MA2FR6D784,,无等级,,62306.0
衢州市柯城陆鑫磊口腔诊所,92330802MA2DGYJY15,,无等级,,62327.0
衢州市柯城陈伟霞诊所,92330802MA2FUQG78N,,无等级,,62185.0
衢州市柯城陈恒口腔诊所,92330802MA2DJEAX88,,无等级,,62293.0
衢州市柯城魏露口腔诊所,92330802MA2DHRB25G,,无等级,,62312.0
衢州市柯城鹿鸣口腔门诊部有限公司亭东口腔诊所,91330800MADTK5TT1W,,无等级,,62200.0
衢州市柯城黄平平口腔诊所,92330800MA29TP3D0Y,,无等级,,62219.0
衢州市柯城黄雪英中医骨伤诊所,92330802MA2FTLJN90,,无等级,,62294.0
衢州市植德健康管理有限公司柯城傅氏口腔诊所,91330802MA2DHBM723,,无等级,,62244.0
衢州市正心堂健康管理有限责任公司柯城正尚堂中医诊所,91330802MA2DJ5EJ49,,无等级,,62212.0
衢州市正心堂健康管理有限责任公司柯城正瑞堂诊所,91330802MA2DKELJ9K,,无等级,,62241.0
衢州市泊冉美健康管理有限公司柯城医疗美容诊所,91330802MABMRM6291,,无等级,,62194.0
衢州市王德裕堂国药有限公司中医诊所,9133080258625164XU,,无等级,,62049.0
衢州市盛泰健康管理有限公司柯城固美口腔诊所,91330802MA2DKKHP9U,,无等级,,62285.0
衢州市盛誉健康管理有限公司柯城安迪口腔诊所,91330802MA2DJGAE8A,,无等级,,62017.0
衢州市第二人民医院,12330821471940031E,三级,三级,未定级,62605.0
衢州市苏杭健康管理有限公司柯城美容诊所,91330800MA28F7UMX1,,无等级,,62242.0
衢州市衢江何云诊所,92330803MA29UG1M2J,,无等级,,62664.0
衢州市衢江何忠良诊所,92330803MA29TLKK55,,无等级,,62659.0
衢州市衢江叶氏口腔诊所,92330803MA2FUR4U2A,,无等级,,62652.0
衢州市衢江吴凌祥口腔诊所,92330803MA2DJ4YY1B,,无等级,,62662.0
衢州市衢江吴富卫诊所,92330803MA29TRUD8R,,无等级,,62658.0
衢州市衢江吴巧英口腔诊所,92330803MA2DJY1EXQ,,无等级,,62639.0
衢州市衢江吴红英口腔诊所,92330803MA2FU9LB6D,,无等级,,62644.0
衢州市衢江周秀红口腔诊所,92330803MA2DK6M085,,无等级,,62665.0
衢州市衢江和谐诊所,91330803MACPAQR5X9,,无等级,,62614.0
衢州市衢江姜菊梅口腔诊所,92330803MA29U6RHX2,,无等级,,62636.0
衢州市衢江张贵珍口腔诊所,92330803MA29UMTK0C,,无等级,,62642.0
衢州市衢江徐小燕诊所,92330803MA2DK17Y7D,,无等级,,62635.0
衢州市衢江徐恭福诊所,92330803MA2DKHRG03,,无等级,,62653.0
衢州市衢江慧康诊所,91330803MA2DL2EM1B,,无等级,,62374.0
衢州市衢江段亚芳诊所,92330803MA29TROBOM,,无等级,,62633.0
衢州市衢江汪达江口腔诊所,92330803MA28FBYF93,,无等级,,62661.0
衢州市衢江牙菲特口腔诊所,91330800MA2DKXCAXB,,无等级,,62655.0
衢州市衢江祥和诊所,91330803MA29UR1A4H,,无等级,,62595.0
衢州市衢江紫荆中医诊所,91330803MA7AU5BD28,,无等级,,62637.0
衢州市衢江胡前顺诊所,92330803MA7C7BCW7F,,无等级,,62634.0
衢州市衢江胡道琴口腔诊所,92330803MA2DK10M43,,无等级,,62645.0
衢州市衢江蓝国胜诊所,92330803MA2FUJUR15,,无等级,,62632.0
衢州市衢江邵五妹诊所,92330803MA29T0YT0T,,无等级,,62643.0
衢州市衢江郑亚丽诊所,92330803MA29TG6F1X,,无等级,,62650.0
衢州市衢江郑小锋诊所,92330803MA29TFLT9A,,无等级,,62626.0
衢州市衢江颜文忠中医诊所,92330803MA2DHEDL8N,,无等级,,62631.0
衢州市衢江黄宏平诊所,92330803MA29T3YT9C,,无等级,,62648.0
衢州市衢江齿美康口腔诊所,91330803MA2DL0EL8H,,无等级,,62454.0
衢州市逸轩健康管理有限公司柯城伊彬诊所,91330802MABNP5UC7U,,无等级,,62292.0
衢州市鑫玥健康管理有限公司柯城中医诊所,91330802MA2DJW5X5T,,无等级,,62231.0
衢州市静和健康管理有限公司柯城宜静诊所,91330802MA7JT6KGX2,,无等级,,62196.0
衢州市齿齐美健康管理有限公司柯城齐康口腔诊所,91330800MA2DKRK45M,,无等级,,62192.0
衢州康景健康管理有限公司柯城秦景诊所,91330802MA29TX9126,,无等级,,62161.0
衢州德信行天福堂大药房有限公司柯城中医诊所,91330802MA2DHD6409,,无等级,,62218.0
衢州恋齿健康管理有限公司柯城谊恋口腔诊所,91330802MACFYCL63E,,无等级,,62304.0
衢州恒峰健康科技有限公司龙游杏苗诊所,91330825MADQWD4A11,,无等级,,61884.0
衢州旺康健康管理有限公司柯城中医诊所,91330802MA7JMATQ1H,,无等级,,62271.0
衢州曙航健康管理有限公司柯城平园堂诊所,91330802MACWE25NXP,,无等级,,62232.0
衢州曙航健康管理有限公司柯城鑫泽诊所,91330802MA2DL4ED39,,无等级,,62000.0
衢州柯城吴金倪口腔诊所,92330802MAD6CEW2X7,,无等级,,62243.0
衢州柯城周雪萍诊所,92330802MAC2GAEP91,,无等级,,62251.0
衢州柯城大川医疗美容诊所,91330800MADHM63Q41,,无等级,,62226.0
衢州柯城奈斯口腔诊所,91330802MAEPNPWJ8A,,无等级,,62058.0
衢州柯城妤清颜医疗美容诊所,91330802MADKAWPMXQ,,无等级,,61981.0
衢州柯城姜立纲诊所,92330800MAE1KYAK25,,无等级,,62152.0
衢州柯城安洁口腔诊所,91330802MA2DHF5F07,,无等级,,62006.0
衢州柯城寿友堂中医诊所,91330802MADQTCNA3C,,无等级,,62144.0
衢州柯城岐黄药针堂中医诊所,91330802MAETA4GX6W,,无等级,,62032.0
衢州柯城康悦诊所,91330802MAG03KEA8K,,无等级,,61994.0
衢州柯城归然中医诊所,92330802MAEQF4PH7R,,无等级,,62045.0
衢州柯城徐云琴口腔诊所,91330802MACCTJAJ96,,无等级,,62146.0
衢州柯城德元昇中医诊所,91330802MADX9KQQ2Y,,无等级,,61997.0
衢州柯城悦态中医诊所,91330800MAE5XNH408,,无等级,,62197.0
衢州柯城悦龄中医诊所,91330800MAE542XJXJ,,无等级,,62198.0
衢州柯城朱晓春口腔诊所,92330802MAD5312A9P,,无等级,,62247.0
衢州柯城李和伟诊所,92330802MAE2JC5L4M,,无等级,,62207.0
衢州柯城杨卫民诊所,92330800MAE8Q98E1J,,无等级,,62195.0
衢州柯城柯氏鹿鸣口腔诊所,92330800MA29T80RXP,,无等级,,62229.0
衢州柯城柳群英口腔诊所,92330802MACBCTUG53,,无等级,,62317.0
衢州柯城森海医疗美容诊所,91330800MADLJMEU8U,,无等级,,62149.0
衢州柯城沈志新诊所,92330800MABNB9KR06,,无等级,,62072.0
衢州柯城澜玥诊所,91330800MAEHYXKK4Q,,无等级,,62054.0
衢州柯城王宇口腔诊所,92330802MAD112R71U,,无等级,,62252.0
衢州柯城王春琴诊所,92330800MAEP206X4B,,无等级,,62033.0
衢州柯城百德药君堂中医诊所,91330802MAEQREPR18,,无等级,,61978.0
衢州柯城程建口腔诊所,92330802MADR0MW25K,,无等级,,62211.0
衢州柯城童理口腔诊所,92330800MAC7FTJ316,,无等级,,62256.0
衢州柯城维他滴诊所,91330800MAEXLFJU4P,,无等级,,61974.0
衢州柯城芒塔神画医疗美容诊所,91330802MAEAMW7X3R,,无等级,,62055.0
衢州柯城荷悦堂中医诊所,91330800MAEKLXL41D,,无等级,,62103.0
衢州柯城衢愈堂中医诊所,91330802MAEM4227X4,,无等级,,62052.0
衢州柯城越高诊所,91330802MAK1QFM4X1,,无等级,,61972.0
衢州柯城道济诊所,92330802MAK0R8JH29,,无等级,,61966.0
衢州柯城郑莉珍口腔诊所,91330802MA2DHJ9A6X,,无等级,,62147.0
衢州柯城钟江口腔诊所,91330802MADJ2U326L,,无等级,,62223.0
衢州柯城钰佳绮医疗美容诊所,91330802MA2DK5742L,,无等级,,61984.0
衢州柯城陈和道口腔诊所,92330802MACBR2Y91P,,无等级,,62315.0
衢州柯城陈小华诊所,92330800MA29THC93U,,无等级,,62171.0
衢州柯城隆泰口腔诊所,92330802MAD88U6T99,,无等级,,62206.0
衢州柯城青澄医疗美容诊所,91330802MACK55F11W,,无等级,,62010.0
衢州柯城颂赞医疗美容诊所,91330800MAG15FFB0R,,无等级,,61976.0
衢州柯城颜芙医疗美容诊所,91330800MAEG0HC42R,,无等级,,62062.0
衢州柯城鸿医堂中医诊所,91330802MAEU4B5R4T,,无等级,,62012.0
衢州柯城黄梅芳诊所,92330802MACCGP3H3H,,无等级,,62314.0
衢州柯森健康管理有限公司柯城怡康诊所,91330802MADBUH9X80,,无等级,,61992.0
衢州森睿健康管理有限公司柯城露西亚妇科诊所,91330802MAC4W8H74Q,,无等级,,62213.0
衢州汉御堂健康管理有限公司柯城天成诊所,91330802MA2DLK554D,,无等级,,62215.0
衢州沐宸健康管理有限公司柯城我乐诊所,91330802MA2DJWTG91,,无等级,,62209.0
衢州浙中健康管理有限公司柯城蓝芽口腔诊所,91330802MA2DL6LFXC,,无等级,,62270.0
衢州海韵健康管理有限公司柯城医疗美容诊所,91330800MA7C1RDA4P,,无等级,,61963.0
衢州煕美花健康管理有限公司柯城医疗美容诊所,91330800MABN519L7Q,,无等级,,62258.0
衢州牙微笑健康管理有限公司柯城西口口腔诊所,91330802MAD060CXX8,,无等级,,62253.0
衢州瑾熙健康管理有限公司柯城医疗美容诊所,91330800MAD8B1RD99,,无等级,,62238.0
衢州皙芙子健康管理有限公司柯城医疗美容诊所,91330800MAD0DJKHXY,,无等级,,62263.0
衢州祥民健康管理有限公司柯城济民诊所,91330802MADEHKER08,,无等级,,62154.0
衢州美丽人生健康管理有限公司柯城雅医诊所,91330800MA28F7LN0G,,无等级,,61980.0
衢州美芽健康管理有限公司柯城贝加尔口腔诊所,91330802MADHGFBA6D,,无等级,,62204.0
衢州美高健康管理有限公司柯城美高诊所,91330800MA29ULJK4U,,无等级,,62155.0
衢州美齿健康管理有限公司柯城坚尔齿口腔诊所,91330802MA2DL8U93U,,无等级,,62279.0
衢州聚仁健康管理有限公司柯城安济诊所,91330802MA29T8HB7M,,无等级,,62148.0
衢州臻宸健康管理有限公司柯城医疗美容诊所,91330802MA7BUB53XY,,无等级,,62240.0
衢州航雅健康管理有限公司柯城杭成口腔诊所,91330802MAD8UCHF5R,,无等级,,62228.0
衢州衢江六维青辰医疗美容诊所,91330803MADM6LUL3Q,,无等级,,62400.0
衢州衢江千华中西医结合诊所,91330803MAE5414N5J,,无等级,,62608.0
衢州衢江善颐诊所,92330803MA2FT27E7F,,无等级,,62611.0
衢州衢江复春中医诊所,91330803MAEHGQJP1Q,,无等级,,62518.0
衢州衢江宋建仙诊所,92330803MA2FUCRL4J,,无等级,,62657.0
衢州衢江尚德诊所,91330803MAC4Q72R7P,,无等级,,62607.0
衢州衢江崔正兵口腔诊所,92330803MA2FU0W79Y,,无等级,,62621.0
衢州衢江康意诊所,91330803MADGXTTU4X,,无等级,,62616.0
衢州衢江康祥诊所,91330803MAEB1KPB11,,无等级,,62524.0
衢州衢江康美口腔诊所,91330803MA7DRGM02B,,无等级,,62610.0
衢州衢江康骅诊所,92330803MA28FF4T35,,无等级,,62482.0
衢州衢江建峰口腔诊所,91330803MA2DJX2X9U,,无等级,,62651.0
衢州衢江强兴口腔诊所,91330803MAD1PG6C8U,,无等级,,62606.0
衢州衢江徐永红中医诊所,92330803MA2FR61K8T,,无等级,,62646.0
衢州衢江德鑫诊所,91330803MACXJ3GJ88,,无等级,,62647.0
衢州衢江怡心诊所,91330803MACBBNY91D,,无等级,,62663.0
衢州衢江恒祥中西医结合诊所,92330803MA29T0H05M,,无等级,,62618.0
衢州衢江揭俊锋中西医结合诊所,92330803MA2DL81W7K,,无等级,,62654.0
衢州衢江敬德诊所,92330800MA2FUQNU0P,,无等级,,62615.0
衢州衢江星念医疗美容诊所,91330803MABP4MD47M,,无等级,,62660.0
衢州衢江李建诊所,92330803MA29UAYA83,,无等级,,62628.0
衢州衢江植雅口腔诊所,91330803MA7APG5783,,无等级,,62623.0
衢州衢江洪小林诊所,92330803MAD9XPYK7T,,无等级,,62624.0
衢州衢江润江诊所,91330803MAEK12R70Y,,无等级,,62494.0
衢州衢江珍齿口腔诊所,91330803MAD3QJKC2E,,无等级,,62629.0
衢州衢江珺宇诊所,91330803MACP67DW82,,无等级,,62399.0
衢州衢江甫祖堂中医诊所,91330803MAD6NJQX9A,,无等级,,62598.0
衢州衢江皓齿口腔诊所,91330803MAD6JRRG6W,,无等级,,62622.0
衢州衢江盛凯口腔诊所,91330803MA7HWK1E5Q,,无等级,,62640.0
衢州衢江笑然口腔诊所,91330803MABUDND94Q,,无等级,,62627.0
衢州衢江继缘诊所,91330803MACYFCWLXU,,无等级,,62630.0
衢州衢江艾鑫诊所,91330803MADF9N7P5N,,无等级,,62619.0
衢州衢江邱云飞诊所,92330803MAEML8YJ07,,无等级,,62540.0
衢州衢江问松中医诊所,91330803MAD154CH5P,,无等级,,62620.0
衢州衢江预强口腔诊所,91330803MA7FRLFY17,,无等级,,62638.0
衢州衢江骆献华中医诊所,92330803MA2FRUKM02,,无等级,,62649.0
衢州衢江黄东诊所,92330803MACR071T69,,无等级,,62641.0
衢州衢江黄琳燕口腔诊所,92330803MA28FXH91C,,无等级,,62656.0
衢州衢江齿美佳口腔诊所,91330803MAD8K9RF65,,无等级,,62625.0
衢州邵伍健康管理有限公司柯城久天诊所,91330802MA29UE9676,,无等级,,62321.0
衢州阳明健康管理有限公司妙针堂中医诊所,91330802MA28F68C57,,无等级,,62284.0
衢州雅汰健康咨询有限公司柯城医疗美容诊所,91330800MAC5CAFCX8,,无等级,,62001.0
衢州颜喜健康管理有限公司柯城医疗美容诊所,91330802MA7H91T44M,,无等级,,62214.0
衢州馨丽莱健康管理有限公司柯城医疗美容诊所,91330800MABLWRPA52,,无等级,,62221.0
衢州龙游一见康中医诊所,91330825MAE1NHHW53,,无等级,,61874.0
衢州龙游圣妍医疗美容诊所,91330825MADR6NM00D,,无等级,,61861.0
衢州龙游金衢口腔诊所,91330825MADX973085,,无等级,,61877.0
衢州龙游顺程口腔诊所,91330825MACDT2899X,,无等级,,61906.0
袁建良口腔诊所,TE3306213300124770,,无等级,,53655.0
裘雪祥中医诊所,TE3306833300176110,,无等级,,54818.0
褚永泉诊所,92330411MA2LCCRT7Q,,无等级,,51314.0
西医内科王向荣诊所,91330381MA2L5TBF9D,,无等级,,47113.0
西医内科袁世木诊所,91330381MACNMT877W,,无等级,,46994.0
西医内科黄秀丽诊所,TE3303813300285440,,无等级,,47441.0
西医外科黄炳铎诊所,91330381MACJP2RF2X,,无等级,,47300.0
许月星中医诊所,92330328MA29467W32,,无等级,,49713.0
诸暨一济堂中西医结合诊所,91330681MADX70LD9W,,无等级,,55782.0
诸暨一诚口腔诊所,92330681MAEJW1QP78,,无等级,,55124.0
诸暨丁成达全科诊所,91330681MACN2U7H62,,无等级,,55177.0
诸暨万康西医诊所,91330681MA7L9XBE2R,,无等级,,55962.0
诸暨万森堂中西医诊所,91330681MAK044GX8K,,无等级,,55126.0
诸暨三都铭阳口腔诊所,91330681MAEPXQYR3X,,无等级,,55158.0
诸暨中欣西医诊所,91330681MADN8HMM1J,,无等级,,55146.0
诸暨乾元堂中西医结合诊所,91330681MADLD43J6C,,无等级,,55733.0
诸暨乾元堂西医诊所,91330681MAENHMMP0A,,无等级,,55200.0
诸暨云康西医诊所,91330681MAEG7JPD2Y,,无等级,,55164.0
诸暨京瑞口腔诊所,91330681MACKH0K15U,,无等级,,55777.0
诸暨亮齿健康管理有限公司萧山古越路口腔诊所,91330109MA8GHPYG4A,,无等级,,37939.0
诸暨仁爱西医诊所,91330681MAD894Y8XL,,无等级,,55754.0
诸暨伊米医疗美容诊所,91330681MAEB8965XK,,无等级,,55420.0
诸暨优雅口腔诊所,91330681MABQLR4E93,,无等级,,55803.0
诸暨佐冉医疗美容诊所,91330681MA2BD7RG38,,无等级,,55870.0
诸暨佐溢全科诊所,92330681MACLR4U23E,,无等级,,55899.0
诸暨佑平全科诊所,92330681MAE6JJAX7D,,无等级,,55757.0
诸暨何村弘亮西医诊,91330681MADHT8DQ1M,,无等级,,55827.0
诸暨何章良口腔诊所,92330681MAC0KMXY6Q,,无等级,,55736.0
诸暨佩康内科诊所,91330681MACMARFM24,,无等级,,55894.0
诸暨佰康中西医结合诊所,91330681MADC5JPY83,,无等级,,55842.0
诸暨俊涛中西医结合诊所,91330681MAC0QDRN6R,,无等级,,56002.0
诸暨俞叶良口腔诊所,91330681MA7G5BNAXC,,无等级,,55978.0
诸暨健和内科诊所,91330681MAE54MQQ7H,,无等级,,55768.0
诸暨健宁全科诊所,91330681MAE135MY1E,,无等级,,55127.0
诸暨健尔美口腔诊所,91330681MAE17T7053,,无等级,,55776.0
诸暨健祥内科诊所,91330681MAEJLEDC35,,无等级,,55657.0
诸暨刘伟中西医诊所,91330681MADB2LPM8E,,无等级,,55149.0
诸暨初见医疗美容诊所,91330681MADA045Q5C,,无等级,,55841.0
诸暨博仁内科诊所,91330681MADWP2J53E,,无等级,,55721.0
诸暨博嘉口腔诊所,91330681MA2JUMKE3P,,无等级,,55810.0
诸暨博援中西医结合诊所,91330681MAE27RYP7Y,,无等级,,55753.0
诸暨卫康内科诊所,91330681MADG029E2G,,无等级,,55178.0
诸暨厚德堂中西医结合诊所,91330681MADF7N646M,,无等级,,55741.0
诸暨叁叁美医疗美容诊所,91330681MADMTLQ01C,,无等级,,55763.0
诸暨合泰内科诊所,91330681MADRCQ4B7K,,无等级,,55796.0
诸暨吕叶彩中西医结合诊所,91330681MACCPRF80X,,无等级,,56021.0
诸暨君樾中西医诊所,91330681MABW7KQD02,,无等级,,55968.0
诸暨君耀中西医结合诊所,91330681MACH1QYA9C,,无等级,,55882.0
诸暨品康口腔诊所,91330681MA7LJUJ481,,无等级,,55122.0
诸暨嘉源内科诊所,91330681MAD6QC9P22,,无等级,,55855.0
诸暨嘉熙医疗美容诊所,91330681MADNDYJF9Q,,无等级,,55153.0
诸暨圣佳口腔诊所,91330681MA7BU2A7XH,,无等级,,55808.0
诸暨塑何医疗美容诊所,91330681MAD7UH5K25,,无等级,,55197.0
诸暨多乐口腔诊所,91330681MAE2T81005,,无等级,,55719.0
诸暨大唐铭阳口腔诊所,91330681MAEEWTAD92,,无等级,,55183.0
诸暨天寿堂中西医结合诊所,91330681MADJYCCR3M,,无等级,,55790.0
诸暨姝蕊医疗美容诊所,91330681MADL3AP96J,,无等级,,55161.0
诸暨宁和内科诊所,91330681MAG0LXWQ7D,,无等级,,55145.0
诸暨宁康口腔诊所,91330681MACB264U7A,,无等级,,56018.0
诸暨宁泰中西医结合诊所,91330681MAEJF7R966,,无等级,,55713.0
诸暨安健中西医诊所,91330681MADMD0AU0G,,无等级,,55706.0
诸暨安奇西医诊所,91330681MAEEXX152E,,无等级,,55169.0
诸暨安慈内科诊所,91330681MACRLHM12F,,无等级,,55873.0
诸暨安畅西医诊所,91330681MADKFHNN1P,,无等级,,55162.0
诸暨宏博口腔诊所,91330681MA2JR5B68E,,无等级,,56007.0
诸暨宏康西医诊所,91330681MADMNW6T9L,,无等级,,55812.0
诸暨宏财口腔诊所,91330681MA7AR7BT29,,无等级,,55758.0
诸暨定华内科诊所,91330681MAC1D1HCX0,,无等级,,55129.0
诸暨宝龙光辉口腔诊所,91330681MACXH9268L,,无等级,,55185.0
诸暨小方西医诊所,91330681MA2JT6AKX6,,无等级,,55964.0
诸暨小焦西医诊所,91330681MAC3F8P985,,无等级,,55795.0
诸暨小芽儿口腔诊所,91330681MAD1DA5T9K,,无等级,,55712.0
诸暨市一扬口腔诊所,91330681MA2D76TL3H,,无等级,,55973.0
诸暨市上大口腔诊所,91330681MA2D8TP122,,无等级,,55880.0
诸暨市上靖口腔诊所,91330681MA2D776C68,,无等级,,55174.0
诸暨市东一诊所,91330681MA2D7L8U4T,,无等级,,55991.0
诸暨市东白湖镇斯培君诊所,TE3306813300257550,,无等级,,55944.0
诸暨市东白湖镇蔡建荣牙科诊所,92330681MA2BEBQK6G,,无等级,,55943.0
诸暨市东白湖镇陈海明牙科诊所,92330681MA2BEC7K8D,,无等级,,55945.0
诸暨市中三口腔诊所,91330681MA2JR1TQ50,,无等级,,55960.0
诸暨市中昂诊所,91330681MA2D8E098K,,无等级,,55857.0
诸暨市五泄镇周鸣皋诊所,TE3306813300261390,,无等级,,55849.0
诸暨市五泄镇赵光凯牙科诊所,TE3306813300262820,,无等级,,55840.0
诸暨市仁鑫牙科诊所,91330681MA2JPJWP4J,,无等级,,55941.0
诸暨市众康口腔诊所,91330681MA2D6KYA8K,,无等级,,56026.0
诸暨市何建娜诊所,91330681MA2D8HL9XU,,无等级,,55714.0
诸暨市何福民口腔诊所,91330681MA2D7G3Y1B,,无等级,,55958.0
诸暨市修元口腔诊所,M91330681MA2D8HPX1,,无等级,,55937.0
诸暨市光辉口腔诊所,91330681MA2D78BTXH,,无等级,,55893.0
诸暨市兔兔口腔诊所,91330681MA2JPRK56M,,无等级,,55863.0
诸暨市全松口腔诊所,92330681MA2D7TR879,,无等级,,55942.0
诸暨市冉冉口腔诊所,92330681MA2JQGQP3Y,,无等级,,55865.0
诸暨市几何口腔诊所,92330681MA2D7LU5XA,,无等级,,55832.0
诸暨市华阳口腔诊所,91330681MA2D6Q4YXR,,无等级,,55886.0
诸暨市周洪志西医诊所,92330681MA2JPL3J61,,无等级,,56004.0
诸暨市和济口腔诊所,91330681MA2D6RJ50W,,无等级,,55781.0
诸暨市圆诚药房有限公司中医坐堂医诊所,TE3306813300435950,,无等级,,55904.0
诸暨市天春口腔诊所,92330681MA2BF09N8W,,无等级,,55871.0
诸暨市好洁口腔诊所,91330681MA2JPL8Q5K,,无等级,,55887.0
诸暨市姚江镇石建文牙科诊所,92330681MA2BE4B402,,无等级,,55961.0
诸暨市安华镇周海军个体诊所,92330681MA2FB7EN0E,,无等级,,55890.0
诸暨市安华镇周澍诊所,92330681MA2D8TGP1T,,无等级,,55891.0
诸暨市安华镇周超诊所,92330681MA2BDQGP9N,,无等级,,55919.0
诸暨市安华镇祝肃洲个体诊所,TE3306813300257160,,无等级,,55920.0
诸暨市宜康口腔诊所,91330681MA2JPM821P,,无等级,,55167.0
诸暨市山下湖镇汤江飞牙科诊所,92330681MA2JUU6957,,无等级,,55979.0
诸暨市山下湖镇泌湖村下宣自然村魏旭炎诊所,92330681MACNAQ0H49,,无等级,,55922.0
诸暨市岭北镇金学杨牙科诊所,TE3306813300262630,,无等级,,55188.0
诸暨市应店街镇杨鹏程口腔诊所,TE3306813300259550,,无等级,,55897.0
诸暨市店口姚华江牙科诊所,92330681MA2BD7QP0D,,无等级,,56005.0
诸暨市店口镇周君强诊所,92330681MA29CPNL0M,,无等级,,55956.0
诸暨市店口镇姚华权牙科诊所,92336081MA2BE3HR4Y,,无等级,,55807.0
诸暨市店口镇石天凤牙科诊所,92330681MA2BE30U04,,无等级,,55869.0
诸暨市康明口腔诊所,91330681MA2JPU2U44,,无等级,,55932.0
诸暨市延康西医诊所,91330681MA2JQL1E8J,,无等级,,55965.0
诸暨市建林口腔诊所,91330681MA2D7WUW05,,无等级,,55967.0
诸暨市张可均口腔诊所,91330681MA2JQC9L1N,,无等级,,55748.0
诸暨市张敏明口腔诊所,91330681MA2JQTYM5G,,无等级,,55950.0
诸暨市张春英牙科诊所,92330681MA2D6TFJ5W,,无等级,,55938.0
诸暨市彬彬口腔诊所,91330681MA2D8WE45R,,无等级,,55939.0
诸暨市微笑口腔诊所,92330681MA2D6N9X59,,无等级,,55936.0
诸暨市恒美口腔诊所,91330681MA2JQ7TA55,,无等级,,56024.0
诸暨市恩德福大药房有限公司西医诊所,91330681MABUE2H98P,,无等级,,55744.0
诸暨市日升西医诊所,91330681MA2BFYCF46,,无等级,,55176.0
诸暨市普仁诊所,91330681MA2D7JNJ4J,,无等级,,55766.0
诸暨市智爱口腔诊所,92330681MA2D6X4W25,,无等级,,55930.0
诸暨市暨南街道楼学雷针灸诊所,TE3306813300258080,,无等级,,55905.0
诸暨市暨南街道永贤个体诊所,92330681MA2D6YD43R,,无等级,,55876.0
诸暨市暨阳街道冯文良个体诊所,TE3306813300265660,,无等级,,55953.0
诸暨市暨阳街道吴光迪牙科诊所,TE3306813300495560,,无等级,,55888.0
诸暨市暨阳街道杨文义牙科诊所,TE3306813300493180,,无等级,,55940.0
诸暨市暨阳街道楼杭生个体牙科诊所,92330681MA2FGYN51A,,无等级,,55935.0
诸暨市暨阳街道胡春裕个体诊所,TE3306813300262160,,无等级,,55925.0
诸暨市暨阳街道蔡欢成口腔诊所,92330681MA2JPE0C0U,,无等级,,55931.0
诸暨市暨阳街道赵石新村徐怀彬个体诊所,TE3306813300255310,,无等级,,55926.0
诸暨市暨阳街道郦才康牙科诊所,92330681MA2BGRG38D,,无等级,,55928.0
诸暨市暨阳街道陈乐平诊所,92330681MA2FHM6F86,,无等级,,55951.0
诸暨市本初堂大药房有限公司永福店中医坐堂医诊所,TE3306813300473870,,无等级,,55923.0
诸暨市李雪原西医诊所,91330681MA2D73CL7Q,,无等级,,56008.0
诸暨市枫桥镇吴建培个体牙（技）诊所,92330681MA29CQ4E50,,无等级,,55834.0
诸暨市枫桥镇金杜军个体牙（技）诊所,TE3306813300270200,,无等级,,55874.0
诸暨市枫桥镇钱力军个体牙（技）诊所,TE3306813300261920,,无等级,,55907.0
诸暨市枫桥镇骆向阳个体牙（技）诊所,TE3306813300259460,,无等级,,55170.0
诸暨市次坞一得诊所,91330681MA2D80HN2R,,无等级,,55917.0
诸暨市民成诊所,91330681MA2D81WA49,,无等级,,55955.0
诸暨市洪亮西医诊所,91330681MA2D7MRD9K,,无等级,,56009.0
诸暨市洪源口腔诊所,91330681MA2D6MT775,,无等级,,55860.0
诸暨市浣东街道吴光月牙科诊所,92330681MA2BE9UM2Q,,无等级,,55990.0
诸暨市浣东街道孙小之诊所,TE3306813300257610,,无等级,,55983.0
诸暨市浣东街道宣少华牙科诊所,92330681MA2BEC4D1G,,无等级,,55992.0
诸暨市浣东街道王丹美个体诊所,92330681MA29CN9A6W,,无等级,,55988.0
诸暨市浬浦镇戴鑫奎牙科诊所,92330681MA2BDYT093,,无等级,,55946.0
诸暨市浬浦镇童明德诊所,92330681MACKNC2N6E,,无等级,,55947.0
诸暨市爱牙仕口腔诊所,91330681MA2D70AA6A,,无等级,,55929.0
诸暨市牌头镇王剑个体诊所,92330681MA29E3UP90,,无等级,,55896.0
诸暨市牙名仕口腔诊所,91330681MA2D6UU675,,无等级,,55138.0
诸暨市璜山许国芳牙科诊所,TE3306813300493510,,无等级,,55864.0
诸暨市璜山镇严红星诊所,TE3306813300254020,,无等级,,55993.0
诸暨市璜山镇徐光珍牙科诊所,92330681MA2BEBT521,,无等级,,55921.0
诸暨市璜山镇许八叶牙科诊所,92330681MA2BE9G62T,,无等级,,55802.0
诸暨市益佳口腔诊所,91330681MA2D6KQY3N,,无等级,,55909.0
诸暨市益康口腔诊所,91330681MA2JQ7FA6R,,无等级,,55774.0
诸暨市石伟飞中西医结合诊所,91330681MA2JP7K00U,,无等级,,55856.0
诸暨市福康口腔诊所,91330681MA2D6TDR85,,无等级,,55761.0
诸暨市福明口腔诊所,92330681MA2D7W7E7P,,无等级,,55982.0
诸暨市老百姓大药房有限公司城上城店中医坐堂医诊所,TE3306813300488920,,无等级,,55783.0
诸暨市舒康诊所,91330681MA2D71PM2A,,无等级,,55959.0
诸暨市草塔镇杨家楼杨泽民牙科诊所,92330681MA29CJ700P,,无等级,,55901.0
诸暨市草塔镇杨汉重口腔诊所,92330681MABY7XFJ74,,无等级,,56003.0
诸暨市草塔镇赵一平牙科诊所,92330681MA29B8YA9G,,无等级,,55875.0
诸暨市草塔镇赵光辉牙科诊所,TE3306813300266770,,无等级,,55866.0
诸暨市草塔镇赵华国牙科诊所,TE3306813300266110,,无等级,,55902.0
诸暨市译悠诊所,91330681MA2JPQCX10,,无等级,,55798.0
诸暨市贝康儿科诊所,91330681MA2JPH756P,,无等级,,55824.0
诸暨市贝瑞口腔诊所,92330681MA2D8P9T99,,无等级,,55868.0
诸暨市赵伟夫口腔诊所,91330681MA2D7TKH6G,,无等级,,55767.0
诸暨市赵坚口腔诊所,92330681MA2D7C8T1K,,无等级,,55204.0
诸暨市赵家镇何国立诊所,92330681MA2899RY15,,无等级,,55984.0
诸暨市赵生口腔诊所,92330681MA2D6JQR37,,无等级,,55933.0
诸暨市金博牙科诊所,92330681MA2D6MARXX,,无等级,,55895.0
诸暨市鑫楚西医诊所,92330681MA2D7M8U78,,无等级,,55963.0
诸暨市铭品口腔诊所,91330681MA2JPXN86N,,无等级,,55995.0
诸暨市锦蝶医疗美容诊所,91330681MA2D8MQM15,,无等级,,55729.0
诸暨市陈宅镇孙红英牙科诊所,TE3306813300499010,,无等级,,55918.0
诸暨市陈金忠西医诊所,92330681MA2JQ0TW65,,无等级,,55954.0
诸暨市陶朱一扬口腔诊所,91330681MA2JR65W51,,无等级,,55977.0
诸暨市陶朱口腔诊所,91330681MA2D905467,,无等级,,55883.0
诸暨市陶朱街道俞雷英诊所,92330681MA2D6T493Y,,无等级,,55996.0
诸暨市陶朱街道石剑萍牙科诊所,92330681MA2BE6JD0H,,无等级,,55974.0
诸暨市陶朱街道石国荣牙科诊所,92330681MABTWAJKX9,,无等级,,55867.0
诸暨市陶朱街道章建玉诊所,92330681MA2D7JKU5T,,无等级,,56000.0
诸暨市陶朱街道郭丽华诊所,92330681MA2D64E72K,,无等级,,55976.0
诸暨市雅东大药房有限公司中医坐堂医诊所,TE3306813300413020,,无等级,,55927.0
诸暨市雅康口腔诊所,91330681MA2JQ4YFXM,,无等级,,55853.0
诸暨市雅杰牙科诊所,92330681MA2D8KLR5D,,无等级,,55934.0
诸暨市雅洁口腔诊所,92330681MA2D7P9Q9F,,无等级,,55740.0
诸暨市雅美口腔诊所,91330681MA2D6EM385,,无等级,,55900.0
诸暨市颜星晨熹医疗美容诊所,91330681MA2D6P8B48,,无等级,,55847.0
诸暨市马剑镇沈红卫牙科诊所,TE3306813300496570,,无等级,,55913.0
诸暨市魏传根口腔诊所,92330681MA2D805U3T,,无等级,,55980.0
诸暨市魏春中西医结合诊所,92330681MA2JQ28F99,,无等级,,55770.0
诸暨市黄光寅西医诊所,91330681MA2D7QYM8T,,无等级,,55948.0
诸暨市龙龙口腔诊所,91330681MA2JPM6K6D,,无等级,,55273.0
诸暨应店街骆潇枫口腔诊所,91330681MAC11DFX6Q,,无等级,,55911.0
诸暨店口源康中西医诊所,91330681MACAFWYW5R,,无等级,,55825.0
诸暨康仁内科诊所,91330681MAE14MNX1E,,无等级,,55207.0
诸暨康慧内科诊所,91330681MAD9BLH63X,,无等级,,55811.0
诸暨康昇诊所,91330681MA2JQQLY29,,无等级,,55998.0
诸暨康梁西医诊所,91330681MADDXAN9XB,,无等级,,55755.0
诸暨康民内科诊所,91330681MAE0F1QQ53,,无等级,,55789.0
诸暨康灿中西医结合诊所,91330681MAE5LC6611,,无等级,,55155.0
诸暨康瑞西医诊所,91330681MABW72QN3R,,无等级,,55858.0
诸暨康祥内科诊所,91330681MAD37UHNX3,,无等级,,55147.0
诸暨康馨全科诊所,91330681MAE4C9KT06,,无等级,,55773.0
诸暨康鹏内科诊所,91330681MAE322J37U,,无等级,,55130.0
诸暨建林口腔应店街诊所,91330681MABN37P96M,,无等级,,55813.0
诸暨张龙芳口腔诊所,92330681MA2JRTK01L,,无等级,,55885.0
诸暨彩彩中西医结合诊所,91330681MADJ8LKA8W,,无等级,,55836.0
诸暨徐素侠中西医结合诊所,91330681MAEWLLLU2E,,无等级,,55142.0
诸暨德医社诊所,91330681MAEQCTHE36,,无等级,,55179.0
诸暨德康中西医诊所,91330681MAD0UQXX5H,,无等级,,55846.0
诸暨心源中西医结合诊所,91330681MADMFFC85K,,无等级,,55136.0
诸暨忆健中西医诊所,91330681MABQR51402,,无等级,,55828.0
诸暨念礼西医诊所,91330681MA2LMY9504,,无等级,,55791.0
诸暨怡康内科诊所,91330681MACGML1R8F,,无等级,,56010.0
诸暨恒艺口腔诊所,91330681MA7AYMC512,,无等级,,55818.0
诸暨恩卓口腔诊所,91330681MA2JRYGE4B,,无等级,,55975.0
诸暨悦健西医诊所,91330681MADAW0M39R,,无等级,,55844.0
诸暨慎其瑞全科诊所,91330681MAEA1B7M1Q,,无等级,,55752.0
诸暨敏涛西医诊所,91330681MA2JR9HX85,,无等级,,55966.0
诸暨文康西医诊所,91330681MAC77R1H25,,无等级,,56025.0
诸暨方李西医诊所,91330681MA2LN1307Q,,无等级,,55801.0
诸暨旭阳中西医结合诊所,91330681MADXGPMP0W,,无等级,,55137.0
诸暨旺康中西医诊所,91330681MAC66U7L5P,,无等级,,56022.0
诸暨明和中西医诊所,91330681MADLRJ8R0F,,无等级,,55184.0
诸暨明悦内科诊所,91330681MAECJQCJXF,,无等级,,55724.0
诸暨明然内科诊所,91330681MAC4DCEU0U,,无等级,,55800.0
诸暨明瑞中西医诊所,91330681MACCTGJE71,,无等级,,55862.0
诸暨明皓口腔诊所,91330681MA2LMAPE0C,,无等级,,55830.0
诸暨明翔内科诊所,91330681MAECCW8X7E,,无等级,,55737.0
诸暨星冉医疗美容诊所,91330681MAEK90BT7W,,无等级,,55205.0
诸暨星禾医疗美容诊所,91330681MACQW97E0Q,,无等级,,55817.0
诸暨春尧口腔诊所,91330681MA2D8AC348,,无等级,,55879.0
诸暨春成口腔诊所,91330681MADKUR4H00,,无等级,,55819.0
诸暨晨坤西医诊所,91330681MA7C5G0U7N,,无等级,,55788.0
诸暨晨康内科诊所,91330681MAEAY17G58,,无等级,,55734.0
诸暨晨悦内科诊所,91330681MAE7BF9N54,,无等级,,55750.0
诸暨普济西医诊所,91330681MACKDX9M5A,,无等级,,56011.0
诸暨李可中西医诊所,91330681MAE0209Q3U,,无等级,,55780.0
诸暨李科锐西医诊所,91330681MA2JTHE87W,,无等级,,55970.0
诸暨李良标口腔诊所,91330681MAEC99N38M,,无等级,,55723.0
诸暨杏唐中西医诊所,91330681MADWM5417D,,无等级,,55152.0
诸暨来圣堂口腔诊所,92330681MAEBWUG51F,,无等级,,55189.0
诸暨杨天德西医诊所,91330681MAEEMM224F,,无等级,,55716.0
诸暨杰宇口腔诊所,91330681MA7G14T640,,无等级,,55916.0
诸暨柏萃全科诊所,91330681MADTKF947G,,无等级,,55793.0
诸暨柴辉西医诊所,91330681MAD3T0J371,,无等级,,55861.0
诸暨桓江全科诊所,91330681MAC7K8CN0L,,无等级,,56023.0
诸暨毛毛西医诊所,91330681MACJLYNMX9,,无等级,,55769.0
诸暨永健中西医诊所,91330681MADULEJNXD,,无等级,,55799.0
诸暨汇美曜森医疗美容诊所,91330681MA2JQTT2XG,,无等级,,55805.0
诸暨江岳虎全科诊所,92330681MA7BBKGQ93,,无等级,,56020.0
诸暨泓泰中西医结合诊所,91330681MADPX4UG66,,无等级,,55731.0
诸暨泰宇内科诊所,91330681MABNNT9BXU,,无等级,,55848.0
诸暨泽军诊所,91330681MA2JRCU84H,,无等级,,56006.0
诸暨泽康西医诊所,91330681MAD88TNP17,,无等级,,55305.0
诸暨泽男中西医诊所,91330681MA7DN7WY81,,无等级,,55971.0
诸暨洁品口腔诊所,91330681MA7JLNMF7G,,无等级,,55889.0
诸暨洪康西医诊所,91330681MABUG70T8C,,无等级,,56001.0
诸暨浩汇口腔诊所,91330681MABMJETW5B,,无等级,,55884.0
诸暨清风内科诊所,91330681MACLX61U6E,,无等级,,55872.0
诸暨源洁口腔诊所,91330681MA2JQULY32,,无等级,,55738.0
诸暨炜炜内科诊所,91330681MABPHDW28B,,无等级,,55985.0
诸暨牌头镇周建欢口腔诊所,92330681MA2FGR1YXF,,无等级,,55749.0
诸暨牙仕通口腔诊所,91330681MA2JR8RK2E,,无等级,,55859.0
诸暨牙思美口腔诊所,91330681MAEDJGMX10,,无等级,,55150.0
诸暨王德辉口腔诊所,91330681MABLM8040Q,,无等级,,55735.0
诸暨王辉西医诊所,91330681MA2JRTJG62,,无等级,,55772.0
诸暨玛瑙口腔诊所,91330681MA2D7MRC0N,,无等级,,55906.0
诸暨瑞和堂诊所,92330681MACEP8TF7G,,无等级,,56017.0
诸暨瑞妍医疗美容诊所,91330681MA2JP57W4J,,无等级,,55986.0
诸暨璜山蔡国洪牙科诊所,91330681MA2JUM0M1W,,无等级,,55997.0
诸暨璜山镇傅德华诊所,TE3306813300264870,,无等级,,55999.0
诸暨申德堂中西医结合诊所,91330681MA7L509A53,,无等级,,55814.0
诸暨皓康口腔诊所,91330681MA2D7MBT8E,,无等级,,55196.0
诸暨皓悦口腔诊所,91330681MACR5WQM3K,,无等级,,55850.0
诸暨益明诊所,91330681MA2JT8NQ7R,,无等级,,55957.0
诸暨盛仁中西医结合诊所,91330681MAG1J6AF3E,,无等级,,55139.0
诸暨盛康内科诊所,91330681MAEXXBECXP,,无等级,,55134.0
诸暨真诚口腔诊所,91330681MA2D6PMR4G,,无等级,,55165.0
诸暨祯康中西医结合诊所,91330681MADLYT5B63,,无等级,,55835.0
诸暨禾紫医疗美容诊所,91330681MADXPTKF6P,,无等级,,55794.0
诸暨秀媛医疗美容诊所,91330681MA7C6QER4C,,无等级,,56015.0
诸暨秀磊中西医诊所,91330681MABRJC5R0D,,无等级,,55972.0
诸暨米中堂中西医诊所,91330681MADJJXH77R,,无等级,,55303.0
诸暨米文口腔诊所,91330681MA7N6C2GXF,,无等级,,55778.0
诸暨糖糖中西医结合诊所,91330681MAECGRM63D,,无等级,,55727.0
诸暨红权全科诊所,91330681MACHYKAC60,,无等级,,56013.0
诸暨继卿口腔诊所,91330681MAC1622C9X,,无等级,,56019.0
诸暨美穗内科诊所,91330681MAK2CNQRX3,,无等级,,55123.0
诸暨董字元泰堂中西医结合诊所,91330681MAED27H967,,无等级,,55720.0
诸暨蒲公英中西医结合诊所,91330681MADK8E502P,,无等级,,55820.0
诸暨袁家口腔诊所,91330681MA2LM25G87,,无等级,,55892.0
诸暨裕康内科诊所,91330681MAEG6MKM7X,,无等级,,55717.0
诸暨詹伟内科诊所,92330681MACQF23L0X,,无等级,,55898.0
诸暨诚诚口腔诊所,91330681MABYF0JM02,,无等级,,55914.0
诸暨贝漾医疗美容诊所,91330681MAD28ULT9F,,无等级,,55739.0
诸暨贝齿口腔诊所,91330681MADR5BX29A,,无等级,,55804.0
诸暨赵丙炎诊所,91330681MA2JPNML94,,无等级,,55732.0
诸暨赵勤西医诊所,92330681MA2D88366W,,无等级,,55987.0
诸暨赵坤西医诊所,91330681MAE2P8512U,,无等级,,55762.0
诸暨远芳牙科诊所,92330681MACWJ5FY9F,,无等级,,55206.0
诸暨迪贝雅医疗美容诊所,91330681MACMP7D31M,,无等级,,55128.0
诸暨遇逸西医诊所,91330681MAE92RMA7R,,无等级,,55742.0
诸暨郭钦口腔诊所,92330681MA2D7N0L5L,,无等级,,55949.0
诸暨金不换中西医诊所,91330681MAC214G68E,,无等级,,55952.0
诸暨金弘中西医诊所,91330681MACGC5EK5P,,无等级,,55160.0
诸暨金杭诊所,91330681MA2JR75224,,无等级,,55969.0
诸暨金真西医诊所,91330681MABLN9NR3K,,无等级,,55725.0
诸暨钦宇内科诊所,91330681MABRQJPD01,,无等级,,55173.0
诸暨铭康口腔诊所,91330681MADERB8P6X,,无等级,,55154.0
诸暨铭扬口腔诊所,91330681MA2D7Y3Q5N,,无等级,,55981.0
诸暨铭阳口腔诊所,91330681MABNNUL098,,无等级,,56028.0
诸暨镁鑫美医疗美容诊所,91330681MAD8NCRM83,,无等级,,55797.0
诸暨阿良口腔诊所,91330681MA7L3FCG31,,无等级,,55915.0
诸暨陈丽内科诊所,91330681MADDNUM85Y,,无等级,,55707.0
诸暨陈国均口腔诊所,92330681MABYM3866D,,无等级,,55743.0
诸暨陈钢全科诊所,91330681MADY99YB1X,,无等级,,55787.0
诸暨陈钦梁中医诊所,91330681MACRPU1XBW,,无等级,,55878.0
诸暨陶朱米加口腔诊所,91330681MADA79R71A,,无等级,,55201.0
诸暨雨禾医疗美容诊所,91330681MACCHNJW88,,无等级,,55815.0
诸暨韵道全科诊所,91330681MAE3BAL9X1,,无等级,,55745.0
诸暨顺口口腔诊所,91330681MAC0RATP26,,无等级,,55193.0
诸暨顺康内科诊所,91330681MACKLUNC8U,,无等级,,55851.0
诸暨飞红口腔诊所,91330681MA7JC1N1X6,,无等级,,55912.0
诸暨馨美荟医疗美容诊所,91330681MA2JUM9P38,,无等级,,55764.0
诸暨馨诺口腔诊所,91330681MA2JP74C7Q,,无等级,,55852.0
诸暨魏莉全科诊所,91330681MA2LN4QM1Q,,无等级,,55751.0
诸暨鸿康内科诊所,91330681MAC778WA06,,无等级,,55391.0
谢伏波诊所,92330683MA29CQWY7U,,无等级,,54751.0
谢红芳内科诊所,92330302MA2974NG54,,无等级,,48950.0
象山丁文渊口腔诊所,92330225MA28Y6XL1N,,无等级,,43504.0
象山东和口腔诊所,91330225MA2H4E9L5C,,无等级,,43525.0
象山丹东维美口腔诊所,92330225MA2ELCXE5A,,无等级,,43541.0
象山丹南欧适口腔诊所,91330225MACCTCW04D,,无等级,,43514.0
象山丹城东升西医诊所,TE3302253300422220,,无等级,,43526.0
象山丹城佰瑞口腔诊所,92330225MA29157X21,,无等级,,43556.0
象山丹城咏晶口腔诊所,92330225MA2ELMYT11,,无等级,,43539.0
象山丹城常美口腔诊所,92330225MA2AEKFD2A,,无等级,,43569.0
象山丹城潘爱国西医诊所,92330225MA2ELRPT8U,,无等级,,43566.0
象山丹城益民口腔诊所,91330225MA2J4DRH6J,,无等级,,43580.0
象山丹城虹海口腔诊所,92330225MA2ELMER8T,,无等级,,43561.0
象山丹城陈傅成西医诊所,TE3302253300071470,,无等级,,43547.0
象山丹山口腔诊所,91330225MADTXEMN39,,无等级,,43413.0
象山丹西安雅口腔诊所,92330225MA2ELNOP57,,无等级,,43579.0
象山乔丽医疗美容诊所,91330225MACU47L86N,,无等级,,43482.0
象山亚飞内科诊所,91330225MACWYJNK5M,,无等级,,43507.0
象山仁泰中医（综合）诊所,91330225MA2H8U896B,,无等级,,43575.0
象山优潼内科诊所,91330225MADCYNF80W,,无等级,,43509.0
象山佳和口腔诊所,91330225MAD0M1GL78,,无等级,,43523.0
象山佳睿医疗美容诊所,91330225MAEG4AK890,,无等级,,43458.0
象山倪婷婷口腔诊所,92330225MA2J7CL37P,,无等级,,43544.0
象山养生堂仁德中医（综合）诊所,91330225MA7LHK0735,,无等级,,43325.0
象山养生堂同饮和中医（综合）诊所,91330225MA2CLM7944,,无等级,,43572.0
象山养生堂大皆春中医（综合）诊所,92330225MA2H5DMC7U,,无等级,,43546.0
象山励茂男中医（综合）诊所,91330225MABTKX2R6C,,无等级,,43490.0
象山南庄东和口腔诊所,91330225MAEJBXME4N,,无等级,,43418.0
象山博艾口腔诊所,92330225MA2ELAAF1L,,无等级,,43553.0
象山县丹东街道社区卫生服务中心,12330225MB1P20612A,无级别,无级别,未定级,43317.0
象山县丹城俞文西医诊所,92330225MA2917H017,,无等级,,43557.0
象山县丹城沈秋瑾牙科诊所,92330225MA2EL7B580,,无等级,,43537.0
象山县丹西街道小厅村卫生室,12330225MB1753979T,未定级,未定级,,43320.0
象山县定康中医（综合）诊所,91330225MA2GQE021J,,无等级,,43540.0
象山县新桥史悠林中医（综合）诊所,92330225MA2CJ1T295,,无等级,,43571.0
象山县济世堂中医（综合）诊所,TE3302253300521020,,无等级,,43583.0
象山县爵溪街道社区卫生服务中心玉泉社区卫生服务站,12330225MB1800552J,无级别,无级别,未定级,43313.0
象山县石浦何飞口腔诊所,91330225MA2J453N0E,,无等级,,43528.0
象山县石浦史悠聪中医（综合）诊所,TE3302253300087880,,无等级,,43552.0
象山县石浦张莉口腔诊所,92330225MA2CJ3E7XJ,,无等级,,43559.0
象山县石浦荔港西医诊所,TE3302253300077760,,无等级,,43554.0
象山县董金贵中医（综合）诊所,92330225MA2GU5N5XC,,无等级,,43563.0
象山县西周倪海琪西医诊所,TE3302253300079860,,无等级,,43542.0
象山县鹤浦镇中心卫生院,12330225MB15219326,未定级,未定级,二级,43338.0
象山友和全科诊所,91330225MAE31WA015,,无等级,,43492.0
象山启丽口腔诊所,91330225MA2CK23G6R,,无等级,,43570.0
象山吴林国西医诊所,92330225MA293PCE4M,,无等级,,43538.0
象山吴海波内科诊所,91330225MAEFCWUJ5Q,,无等级,,43479.0
象山吴臻霏内科诊所,92330225MACNR7TM06,,无等级,,43527.0
象山嘉禾口腔诊所,92330225MA283TNR0G,,无等级,,43487.0
象山奈西医疗美容诊所,91330225MACKM26A2P,,无等级,,43524.0
象山好林居中西医结合诊所,91330225MA7BTM4977,,无等级,,43510.0
象山嫦美口腔诊所,91330225MACMCLCD4L,,无等级,,43513.0
象山安康内科诊所,91330225MA2H8C5K8E,,无等级,,43484.0
象山定塘任嘉艺口腔诊所,TE3302253300531820,,无等级,,43562.0
象山宜民中西医结合诊所,91330225MACDJMDC5D,,无等级,,43478.0
象山常青堂中西医结合诊所,91330225MAG27U614R,,无等级,,43333.0
象山应侃侃口腔诊所,92330225MA2J6TJJ66,,无等级,,43545.0
象山庭康眼科诊所,91330225MA2CMMCLX1,,无等级,,43496.0
象山康乐桃源口腔诊所,91330225MA2H8YFG99,,无等级,,43414.0
象山康仁中西医结合诊所,91330225MAC3G7ER8B,,无等级,,43341.0
象山康敏口腔诊所,TE3302253300491930,,无等级,,43582.0
象山徐静巧口腔诊所,92330225MA2GR6B84B,,无等级,,43532.0
象山怡辰医疗美容诊所,91330225MA2H40FP8M,,无等级,,43530.0
象山恒春中西医结合诊所,91330225MAD6KYRY8A,,无等级,,43329.0
象山恩杰口腔诊所,91330225MADEETJN8B,,无等级,,43501.0
象山文兴中西医结合诊所,92330225MADHC4A65A,,无等级,,43354.0
象山新视光眼科诊所,91330225MA7E0B870C,,无等级,,43574.0
象山新颜口腔诊所,91330225MA2KPGM41A,,无等级,,43476.0
象山明和口腔诊所,92330225MA284TT381,,无等级,,43536.0
象山易俊贇口腔诊所,92330225MA290DUPX2,,无等级,,43558.0
象山星汇医疗美容诊所,91330225MAEGFNGW53,,无等级,,43411.0
象山晓塘朱闻洲口腔诊所,TE3302253300512540,,无等级,,43577.0
象山晶耀口腔诊所,91330225MABX3Q8N3R,,无等级,,43534.0
象山欧吉光西医诊所,TE3302253300528560,,无等级,,43576.0
象山民易堂中医（综合）诊所,91330225MA2J3FNT9T,,无等级,,43518.0
象山海贝口腔诊所,91330225MAK0KA6G98,,无等级,,43315.0
象山爱牙口腔诊所,91330225MAG00ML18Y,,无等级,,43330.0
象山爵溪刘南山内科诊所,92330225MAD432TQ3U,,无等级,,43521.0
象山爵溪周雨光内科诊所,92330225MABRJL993U,,无等级,,43586.0
象山王再宏西医诊所,92330225MA290JRP7N,,无等级,,43578.0
象山瑞尔口腔诊所,92330225MA284UN75C,,无等级,,43555.0
象山白绪云中医（综合）诊所,92330225MA290GGC2A,,无等级,,43560.0
象山益美口腔诊所,91330225MAETHYEH26,,无等级,,43327.0
象山益飞全科诊所,91330225MAENGM0L2N,,无等级,,43412.0
象山盛洋口腔诊所,92330225MA291EMB2Y,,无等级,,43543.0
象山石浦回浦口腔诊所,92330225MA2AE4U40J,,无等级,,43548.0
象山石浦奚全胜全科诊所,92330225MAC6PHPP0N,,无等级,,43584.0
象山石浦新枫港口腔诊所,91330225MAEJJG1M3H,,无等级,,43453.0
象山石浦潘江龙全科诊所,92330225MAC8PDP07W,,无等级,,43585.0
象山石浦菡菲医疗美容诊所,91330225MA2J7AAP1M,,无等级,,43326.0
象山石浦陈芝岳中医诊所,TE3302253300075600,,无等级,,43568.0
象山福济堂中西医结合诊所,91330225MAEMMW5NXF,,无等级,,43346.0
象山美伦口腔诊所,91330225MACQ99KH2B,,无等级,,43519.0
象山美佳口腔诊所,91330225MAEAD7A21E,,无等级,,43483.0
象山美初羽希医疗美容诊所,91330225MAE347Q36N,,无等级,,43489.0
象山美塑名颜医疗美容诊所,91330225MACUBYJ502,,无等级,,43344.0
象山美成医疗美容诊所,91330225MA2J496P73,,无等级,,43531.0
象山至善口腔诊所,92330225MA290MHW9A,,无等级,,43332.0
象山臻美新颜口腔诊所,91330225MAEXRX069F,,无等级,,43318.0
象山艾尔健口腔诊所,92330225MA284E6KXA,,无等级,,43549.0
象山葛兆俊内科诊所,91330225MADQ5BH77T,,无等级,,43500.0
象山蓝睛领眼科诊所,91330225MA2H7UHF70,,无等级,,43564.0
象山蔡良叶中医（综合）诊所,92330225MA2AG5M86X,,无等级,,43551.0
象山西周吴晓宝内科诊所,92330225MAEGYCLE3X,,无等级,,43409.0
象山西周谢平均西医诊所,92330225MA292AX66E,,无等级,,43573.0
象山诺洁口腔诊所,91330225316803117M,,无等级,,43567.0
象山贝瓦口腔诊所,91330225MA2H8UN91B,,无等级,,43495.0
象山贝莱儿童口腔诊所,91330225MA7LX4MD6C,,无等级,,43493.0
象山金栋口腔诊所,91330225MA7LU3CK06,,无等级,,43550.0
象山雅慧医疗美容诊所,91330225MADXFF5F89,,无等级,,43499.0
象山雅正口腔诊所,91330225MA2J46AD6N,,无等级,,43503.0
象山雷海口腔诊所,92330225MA291DT632,,无等级,,43417.0
象山顺康内科诊所,91330225MAEL9PQE9H,,无等级,,43455.0
象山顾志金口腔诊所,92330225MA2GWT9A86,,无等级,,43581.0
象山香莲内科诊所,91330225MAEE6BF70X,,无等级,,43348.0
象山鹤浦张文杰中医（综合）诊所,91330225MA2J3Q5H6Q,,无等级,,43533.0
象山鹤浦王芳全科诊所,92330225MACFEQN30G,,无等级,,43535.0
象山黄道德中医（综合）诊所,92330225MA2EL60B44,,无等级,,43565.0
豪派新居民诊所,91330902MA2A30B14U,,无等级,,62997.0
贝果（杭州余杭）医疗美容诊所,91330110MADDFYGY7A,,无等级,,38769.0
费军良内科诊所,92330683MA2894665M,,无等级,,54821.0
赖青海诊所,92330824MA2DK4C33L,,无等级,,61615.0
赛军口腔诊所,TE3308223300473230,,无等级,,61096.0
赵仲惠中医诊所,TE3306833300176760,,无等级,,54776.0
越城区望花医疗站,52330602751938227C,,无等级,,54307.0
路桥一生有牙口腔诊所有限公司水天街口腔诊所,91331004MA7D7U5T0T,,无等级,,65221.0
路桥万顺诊所有限公司建设路诊所,91331004MACUBX380D,,无等级,,65257.0
路桥九和医疗有限公司路桥水天街诊所,91331004MADM2KM81F,,无等级,,65225.0
路桥云湖诊所有限公司新兴路中西医结合诊所,91331004MAD5YUKY8R,,无等级,,65227.0
路桥众康诊所有限公司振蓬西路诊所,91331004MAE3CUCL0L,,无等级,,65199.0
路桥优莱客医疗美容有限公司新安西街医疗美容诊所,91331004MACJM7UH5M,,无等级,,65201.0
路桥佑安医疗有限公司文化路诊所,91331004MAC239MM15,,无等级,,65296.0
路桥信康诊所有限公司兴峰路诊所,92331004MA2DXXWJ1Y,,无等级,,65137.0
路桥倾城医疗美容有限公司西路桥大道医疗美容诊所,91331004MADG23E2XP,,无等级,,65198.0
路桥六州诊所有限公司锦利佳苑诊所,91331004MADLK31X37,,无等级,,65208.0
路桥刘武军诊所,TE3310043300509910,,无等级,,65293.0
路桥区峰江街道上蔡中医诊所,92331004MA29XAF527,,无等级,,65027.0
路桥区峰江街道兴峰口腔诊所,92331004MA2G9C55XP,,无等级,,65035.0
路桥区新桥镇华章村卫生室,12331004472710107W,未定级,未定级,无级别,64970.0
路桥区新桥镇新大街口腔诊所,92331004MA29X9GY3J,,无等级,,65002.0
路桥区新桥镇新文路口腔诊所,92331004MA29WQQQ2B,,无等级,,65271.0
路桥区桐屿街道勤丰村卫生室,1233100447271006XH,无级别,无级别,未定级,64965.0
路桥区桐屿街道南新街口腔诊所,TE3310043300388530,,无等级,,65247.0
路桥区桐屿街道桐屿街口腔诊所,TE3310043300327250,,无等级,,65260.0
路桥区横街镇中心南路口腔诊所,92331004MA29XH013K,,无等级,,65192.0
路桥区横街镇影院路口腔诊所,TE3310043300328800,,无等级,,65270.0
路桥区横街镇泉井社区卫生服务站,12331004777227984P,未定级,未定级,无级别,64997.0
路桥区蓬街镇双桥村卫生室,123310044727101585,无级别,无级别,一级,65008.0
路桥区蓬街镇小伍份口腔诊所,92331004MA29YMMR5E,,无等级,,65244.0
路桥区蓬街镇振蓬西路口腔诊所,TE3310043300326400,,无等级,,65275.0
路桥区蓬街镇振蓬路口腔诊所,TE3310043300321700,,无等级,,65195.0
路桥区蓬街镇新蓬南路口腔诊所,TE3310043300418070,,无等级,,65204.0
路桥区螺洋街道螺洋路口腔诊所,TE3310043300424430,,无等级,,65265.0
路桥区路北街道三角陈口腔诊所,TE3310043300314240,,无等级,,65284.0
路桥区路北街道管淋小区口腔诊所,TE3310043300424400,,无等级,,65297.0
路桥区路北街道腾达路口腔诊所,92331004MA2DU4Y38C,,无等级,,65274.0
路桥区路北街道路东社区卫生室,123310047399033047,无级别,无级别,未定级,64989.0
路桥区路南街道石曲社区卫生服务站,12331004472710019E,未定级,未定级,二级,64976.0
路桥区路南街道长浦口腔诊所,TE3310043300390880,,无等级,,65287.0
路桥区路桥街道下里桥路口腔诊所,TE3310043300424410,,无等级,,65248.0
路桥区路桥街道古街中医针灸诊所,TE3310043300318730,,无等级,,65245.0
路桥区路桥街道章苑社区口腔诊所,92331004MA2DWED404,,无等级,,65279.0
路桥区路桥街道良河小区口腔诊所,92331004MA2DWH8988,,无等级,,65278.0
路桥区路桥街道花鸟巷中医针灸诊所,92331004MA2DWHM897,,无等级,,65252.0
路桥区金清镇人民路口腔诊所,92331004MA2G78Q94X,,无等级,,65258.0
路桥区金清镇和平街口腔诊所,92331004MA29Y2H91H,,无等级,,65285.0
路桥区金清镇西新南路口腔诊所,TE3310043300429450,,无等级,,65277.0
路桥区金清镇金林路口腔诊所,TE3310043300390850,,无等级,,65230.0
路桥医缘堂医疗有限公司洪长路诊所,91331004MADKAT678A,,无等级,,65046.0
路桥卢晓琦医疗美容诊所,TE3310043300329430,,无等级,,65290.0
路桥卿海德诊所,92331004MA7L7EBN33,,无等级,,65228.0
路桥君同医疗服务有限公司商海南街中西医结合诊所,91331004MAE1EE032H,,无等级,,65193.0
路桥圣壹医疗有限公司银座街诊所,91331004MABRDBUN19,,无等级,,65292.0
路桥奚正信口腔诊所,TE3310043300518720,,无等级,,65264.0
路桥孙纲诊所,TE3310043300530950,,无等级,,65299.0
路桥安福杨口腔诊所,92331004MACM4NHQ4E,,无等级,,65256.0
路桥峰霞医疗有限公司马铺路诊所,91331004MADL68PL5G,,无等级,,65220.0
路桥广美医疗美容有限公司双水路美容诊所,91331004MA2MB4933H,,无等级,,65237.0
路桥应美丽口腔诊所,92331004MA2DT1R724,,无等级,,65254.0
路桥康佑堂医疗有限公司商城街诊所,91331004MADJMTAN96,,无等级,,65205.0
路桥张佩芬口腔诊所,92331004MA2AMP3C56,,无等级,,65261.0
路桥徐子芳口腔诊所,TE3310043300530450,,无等级,,65272.0
路桥徐永财皮肤科诊所,92331004MA2ANGUQ2N,,无等级,,65241.0
路桥御康医疗服务有限公司腾达路诊所,91331004MAC09LH11J,,无等级,,65240.0
路桥慕妍医疗美容有限公司星光街医疗美容诊所,91331004MA2HJ6KK7H,,无等级,,65233.0
路桥慧慧医疗服务有限公司沃民小区诊所,91331004MADNWLJE9G,,无等级,,65051.0
路桥方林医养护理院有限公司吉利大道诊所,91331004MACK93WD4W,,无等级,,65232.0
路桥景红诊所有限公司桐杨路诊所,91331004MAC8DNKC5P,,无等级,,65262.0
路桥曦业口腔诊所,92331004MA2K7ETK3K,,无等级,,65242.0
路桥望景口腔诊所有限公司望景路口腔诊所,91331004MAEP1GWY6B,,无等级,,64992.0
路桥李雪莉诊所,TE3310043300517640,,无等级,,65281.0
路桥杨振亚中西医结合诊所,92331004MA2AP03B5E,,无等级,,65282.0
路桥林家诊所有限公司中心大道诊所,91331004MADDKN4L10,,无等级,,64982.0
路桥梁仕口腔诊所有限公司金清大道口腔诊所,91331004MA2KBBCD14,,无等级,,65215.0
路桥梁伟口腔诊所,92331004MABP3WNJ5A,,无等级,,65217.0
路桥梁斌华诊所,92331004MA2HHXE408,,无等级,,65300.0
路桥梁星剑牙科诊所,TE3310043300380230,,无等级,,65212.0
路桥梁玲雅口腔诊所,92331004MA29WKDJ6Y,,无等级,,65218.0
路桥梅晓晓口腔诊所,92331004MA2HE3HU4D,,无等级,,65267.0
路桥江康医疗有限公司会展东路诊所,91331004MAD5F4T61Q,,无等级,,65239.0
路桥江志兵中医骨伤科诊所,TE3310043300381570,,无等级,,65280.0
路桥沈阳口腔诊所,92331004MA29Y83PXJ,,无等级,,65060.0
路桥济正堂医疗服务有限公司欣众路诊所,91331004MADN2N4C94,,无等级,,65022.0
路桥海岗中医诊所（路桥乾杏堂中医诊所）,TE3310043300380240,,无等级,,65243.0
路桥海纳诊所有限公司月河南街诊所,91331004MAD6EGW69E,,无等级,,65138.0
路桥清雅口腔门诊有限公司湖滨路口腔诊所,91331004MA2MAXPG5H,,无等级,,65253.0
路桥潘勤诊所,92331004MACFPW110E,,无等级,,65238.0
路桥牟华红诊所,91131004MA2HJ3U84L,,无等级,,65259.0
路桥王亚玲口腔诊所,92331004MA2AML2E4R,,无等级,,65291.0
路桥王伟红诊所,92331004MA2DU5BBX1,,无等级,,65235.0
路桥王子辉诊所,92331004MA2AP81X4C,,无等级,,65231.0
路桥百康诊所有限公司沃民诊所,91331004MA7JBE080R,,无等级,,65273.0
路桥益善堂医疗有限公司镇中路诊所,91331004MADN11LU9Y,,无等级,,65223.0
路桥盛壹医疗有限公司百兴路诊所,91331004MACWJCYT80,,无等级,,65251.0
路桥章军枝诊所,92331004MA2MAPTJ30,,无等级,,65255.0
路桥管敏超口腔诊所,TE3310043300522620,,无等级,,65197.0
路桥罗曦口腔诊所,92331004ＭＡ２９ＷＣＨＰ９Ｈ,,无等级,,65268.0
路桥罗海荣口腔诊所,TE3310043300314080,,无等级,,65209.0
路桥胡君斐诊所,92331004MADL3HCA0Y,,无等级,,65222.0
路桥胡宗伟诊所,TE3310043300530150,,无等级,,65283.0
路桥臻泰口腔门诊有限公司文化路口腔诊所,91331004MA7HWK733T,,无等级,,65219.0
路桥良益口腔诊所有限公司东路桥大道口腔诊所,91331004MABRG1RP8K,,无等级,,65216.0
路桥苏苏口腔诊所有限公司中心大道口腔诊所,91331004MA7F9WWN18,,无等级,,65003.0
路桥莉维口腔诊所,92331004MA2G3KT86Y,,无等级,,65213.0
路桥豪艺医疗有限公司豪达诊所,91331004MA2KB8AA6F,,无等级,,65298.0
路桥郏海江口腔诊所,92331004MA2DXC5R8E,,无等级,,65210.0
路桥郭安吉口腔诊所,92331004MA2AN60M1Y,,无等级,,65286.0
路桥郭峰口腔诊所,TE3310043300479830,,无等级,,65276.0
路桥金世美诊所,92331004MA2DXXD3X1,,无等级,,65236.0
路桥铂雅口腔诊所有限公司吉利大道口腔诊所,91331004MACJDH0K7Y,,无等级,,65037.0
路桥陈黎晴诊所,TE3310043300520710,,无等级,,65207.0
路桥青云医疗服务有限公司环镇东路诊所,91331004MADLC16D2B,,无等级,,64983.0
路桥静怡医疗有限公司腾达路中西医结合诊所,91331004MADPME2JXQ,,无等级,,65206.0
路桥颂妍医疗美容有限公司洪星路医疗美容诊所,91331004MAD915UJ49,,无等级,,64956.0
路桥马军口腔诊所,92331004MA29WXTC6T,,无等级,,65214.0
路桥鸣洋医疗美容有限公司建设路医疗美容诊所,91331004MA7MYDU87C,,无等级,,65288.0
路桥鹏博口腔诊所有限公司中心大道口腔诊所,91331004MACDQHKT3X,,无等级,,65263.0
路桥黄加标口腔诊所,92331004MA2DX1GX7E,,无等级,,65040.0
遂昌丽颜医疗美容有限公司丽颜医疗美容诊所,91331123MAD0LB291M,,无等级,,68713.0
遂昌之之医疗美容诊所,92331123MA2E4C278H,,无等级,,68739.0
遂昌仁爱口腔诊所,92331123MA2A0C2M5D,,无等级,,68702.0
遂昌余家诊所,92331123MADLUWB19T,,无等级,,68709.0
遂昌佳洁口腔诊所,92331123MA2G06L56A,,无等级,,68744.0
遂昌北界廖宏健口腔诊所,92331123MA2FX3U11N,,无等级,,68735.0
遂昌华氏诊所,92331123MA2A1JLQ3K,,无等级,,68725.0
遂昌博凡口腔诊所,92331123MA2G08AD7B,,无等级,,68734.0
遂昌县中医院,12332527472490271X,二级,二级,无级别,68647.0
遂昌县妙高街道金岸社区卫生服务中心含晖社区卫生服务站,123325277530319791,无级别,无级别,未定级,68625.0
遂昌县残疾人康复指导中心诊所,1233252730763557XM,,无等级,,68724.0
遂昌县湖山乡红星坪村卫生室,12332527753962052U,无级别,无级别,未定级,68643.0
遂昌县濂竹乡刘坑村卫生室,12332527733825018A,无级别,无级别,未定级,68622.0
遂昌县焦滩乡前山村卫生室,12332527E9673646X2,无级别,无级别,未定级,68620.0
遂昌县石练镇迎新村卫生室,12332527E96736275D,无级别,无级别,未定级,68621.0
遂昌县老百姓大药房有限公司公园路诊所,91331123MA2A0ARL04,,无等级,,68703.0
遂昌古院诊所,92331123MA2G03L4XT,,无等级,,68737.0
遂昌塑美口腔诊所,92331123MA2FYWA869,,无等级,,68747.0
遂昌康华诊所,92331123MA2AOU5B3A,,无等级,,68743.0
遂昌康馨诊所,92331123MA28JPHJ3Y,,无等级,,68706.0
遂昌康齿口腔诊所,92331123MA2A08U02F,,无等级,,68614.0
遂昌张伟文诊所,92331123MA3FWNJU8M,,无等级,,68738.0
遂昌张轲卿诊所,92331123MA2A00D45K,,无等级,,68708.0
遂昌彩生牙科诊所,92331123MA2G0R3F0T,,无等级,,68719.0
遂昌惠民口腔诊所,92331123MA2A0Q676F,,无等级,,68731.0
遂昌新霏口腔诊所,92331123MA28J9ND9K,,无等级,,68729.0
遂昌杜玉春诊所,92331123MA2G07UK91,,无等级,,68733.0
遂昌极丽医疗美容诊所,91331123MADMQJGP08,,无等级,,68623.0
遂昌林素宏诊所,92331123MA2A1K6082,,无等级,,68727.0
遂昌毛氏中医诊所,92331123MA2A09FR06,,无等级,,68732.0
遂昌清清口腔健康有限责任公司清清口腔诊所,91331123MA7MNJEN4K,,无等级,,68742.0
遂昌百康口腔诊所,92331123MA7LYNWE53,,无等级,,68746.0
遂昌致真口腔诊所,92331123MACFW3RC59,,无等级,,68716.0
遂昌苏秀莲诊所,92331123MA28JWHK0T,,无等级,,68741.0
遂昌迎君口腔诊所,92331123MA28JWTL5E,,无等级,,68728.0
遂昌逸丰口腔诊所,92331123MA2HL6GW06,,无等级,,68730.0
遂昌铭仁口腔诊所,92331123MA28JR2F0U,,无等级,,68740.0
遂昌青云口腔健康有限公司青云口腔诊所,91331123ma2hkq9e86,,无等级,,68745.0
遂昌黄樟寅诊所,92331123MA2FWQERXC,,无等级,,68736.0
遂昌齐川口腔诊所,92331123MA2A0X9H6Y,,无等级,,68718.0
遂昌龙潭健人诊所,92331123MA2FXLJN01,,无等级,,68726.0
邓兆铭西医内科诊所,92330282MA2EK0YJ44,,无等级,,40430.0
邱小亮口腔诊所,TE3308223300353330,,无等级,,61095.0
邵国升中医诊所,TE3307033300277090,,无等级,,57170.0
邵声波中医骨伤科诊所,92330302MA2BTH128X,,无等级,,49000.0
邵宗龙诊所,92330602MA2FELLR2H,,无等级,,54349.0
郁氏诊所,92330401MA2B906B8U,,无等级,,51305.0
郎氏（杭州）医疗健康管理有限公司丁桥中医诊所,91330102MAC5B1RR9G,,无等级,,36488.0
郑云轶口腔诊所,TE3308223300353300,,无等级,,61089.0
郑健和中医骨伤诊所,TE3307033300272940,,无等级,,57117.0
郑建武中医骨伤科诊所,92330302MA2C3BTK6C,,无等级,,48827.0
郑晓玲西医内科诊所,92330702MA29NCYU9U,,无等级,,57703.0
郑虹牙科诊所,91330203772302586H,,无等级,,41668.0
郝巧莲口腔诊所,92330402MA29G83R8J,,无等级,,51124.0
鄞州励杨忠口腔诊所,92330212MA2GTEUJ8K,,无等级,,42040.0
鄞州张国云口腔诊所,92330212MA2EFH108Q,,无等级,,42628.0
鄞州谢三定口腔诊所,92330212MA2EGAXB88,,无等级,,42550.0
鄞州邱隘郑军口腔诊所,52330212MJ9016024Q,,无等级,,42632.0
金东奚仙桃口腔诊所,92330703MA2E9DKM5Q,,无等级,,57144.0
金东孝顺吴金良诊所,TE3307033300270960,,无等级,,57090.0
金东孝顺邢惠文中医诊所,92330703MA2EE45C06,,无等级,,57151.0
金东赤松方少存口腔诊所,92330701MA2FMPYM9E,,无等级,,57178.0
金仲安内科诊所,92330683MA2FHH580G,,无等级,,54781.0
金华丰裔内科诊所,91330701MA2E9GH47X,,无等级,,57737.0
金华亚植医疗管理有限公司义乌稠城医疗美容诊所,91330782MACAMU1Q98,,无等级,,59629.0
金华众维口腔诊所,91330723MAD9Q95Y53,,无等级,,58886.0
金华余丽君诊所,92330701MA28PNKN2H,,无等级,,57661.0
金华冯旦君普通诊所,92330701MA29PWF24A,,无等级,,57615.0
金华利霞诊所,91330701MABR3C764N,,无等级,,57659.0
金华华悦口腔诊所,91330701MABXH1UK76,,无等级,,57556.0
金华启贝口腔诊所,92330701MA7C69B75M,,无等级,,57676.0
金华吴志民内科诊所,92330701MA2E5FMW3P,,无等级,,57653.0
金华周树华口腔诊所,92330701MA2E9GDM9U,,无等级,,57663.0
金华复元诊所,91330701MA2M4TYF01,,无等级,,57664.0
金华婺城万诚口腔诊所,91330702MAE2HLP97R,,无等级,,57482.0
金华婺城中亿口腔诊所,91330701MAD49KH06N,,无等级,,57523.0
金华婺城丽姗口腔诊所,92330701MA2EDB8K98,,无等级,,57519.0
金华婺城丽霞诊所,91330702MACARQD92L,,无等级,,57784.0
金华婺城亚植医疗美容诊所,91330701MACXNUP72C,,无等级,,57436.0
金华婺城仁爱诊所,92330701MA7MKQ4T2G,,无等级,,57613.0
金华婺城令颜女王城堡医疗美容诊所,91330702MA2HT41H0X,,无等级,,57674.0
金华婺城伊志财中医（综合）诊所,92330702MA2FPGXJXY,,无等级,,57689.0
金华婺城伊诺医疗美容诊所,91330701MADYJHFA99,,无等级,,57448.0
金华婺城优思悦美医疗美容诊所,91330701MAE1NU8P68,,无等级,,57498.0
金华婺城佐景堂中医诊所,91330701MA2JXD8M4J,,无等级,,57634.0
金华婺城何伟光口腔诊所,92330702MA29N32UOO,,无等级,,57531.0
金华婺城何雪梅中西医结合诊所,92330702MAEF5XXY1H,,无等级,,57438.0
金华婺城佳杰口腔诊所,92330701MA2E9NQQ36,,无等级,,57518.0
金华婺城俞斌口腔诊所,92330702MADG2FY899,,无等级,,57517.0
金华婺城俪霞内科诊所,91330701MAEKAUML9R,,无等级,,57454.0
金华婺城倍嘉口腔诊所,91330702MABW73PU7L,,无等级,,57334.0
金华婺城倪建华诊所,91330702MAK27DW37Y,,无等级,,57332.0
金华婺城傅肖华内科诊所,92330701MA29LKBH74,,无等级,,57587.0
金华婺城冯斌诊所,92330702MA2E86YG0R,,无等级,,57723.0
金华婺城刘丽红口腔诊所,92330702MA2HT02FXB,,无等级,,57724.0
金华婺城刘斌口腔诊所,91330701MAEF447A5L,,无等级,,57441.0
金华婺城刘福海口腔诊所,92330701MA29PLHX0B,,无等级,,57589.0
金华婺城刘稀凌口腔诊所,92330701MA2HWG8B5K,,无等级,,57644.0
金华婺城刘立行内科诊所,92330701MADHJ6YC0G,,无等级,,57516.0
金华婺城刘跃丹西医内科诊所,92330702MA2EA3KL5Q,,无等级,,57692.0
金华婺城勇烨口腔诊所,91330702MA2HTHU36K,,无等级,,57477.0
金华婺城千佳内科诊所,91330701MA2HRMQT61,,无等级,,57633.0
金华婺城千佳诊所,91330701MA2M65525W,,无等级,,57630.0
金华婺城千嘉诊所,91330701MABW2XAU6E,,无等级,,57628.0
金华婺城千家诊所,91330701MABT5L7026,,无等级,,57632.0
金华婺城华土芝内科诊所,92330701MA2FQ0HB4U,,无等级,,57650.0
金华婺城博惠口腔诊所,91330701MA2HW81RXX,,无等级,,57487.0
金华婺城博雅口腔诊所,92330701MA2HWU2PXP,,无等级,,57603.0
金华婺城卢海峰口腔诊所,92330702MA28QCMF5W,,无等级,,57750.0
金华婺城叁生堂中医诊所,91330702MAE3GP780Q,,无等级,,57474.0
金华婺城双涛诊所,91330701MA7EF0DT4E,,无等级,,57546.0
金华婺城可文内科诊所,91330701MADY8LLC4G,,无等级,,57500.0
金华婺城可米口腔诊所,91330701MA2K1UY61M,,无等级,,57575.0
金华婺城叶焕春内科诊所,92330701MA2FJ8YW8Y,,无等级,,57577.0
金华婺城合艺口腔诊所,91330702MA7N6DKP0C,,无等级,,57502.0
金华婺城同馨源中西医结合诊所,91330702MA8G6T42X0,,无等级,,57791.0
金华婺城名悦医疗美容诊所,91330701MA2E5BDB3Y,,无等级,,57564.0
金华婺城启程口腔诊所,91330701MA2HQA3D0J,,无等级,,57594.0
金华婺城吴氏口腔诊所,92330702MAC4DPMG2J,,无等级,,57515.0
金华婺城吴珍诊所胜利南街分店,91330702MAECRR7H86,,无等级,,57464.0
金华婺城吴红仙口腔诊所,92330702MA2E8U2015,,无等级,,57456.0
金华婺城吴跃宪西医诊所,92330702MA2M1GLC14,,无等级,,57720.0
金华婺城周小荣中西医结合诊所,92330701MA2E9GME06,,无等级,,57529.0
金华婺城周晓芳口腔诊所,92330702MA2M4H3K19,,无等级,,57754.0
金华婺城周美群口腔诊所,92330702MA2E88Y48L,,无等级,,57647.0
金华婺城周胜航口腔诊所,92330701MA2FPLKQ8R,,无等级,,57623.0
金华婺城唐安内科诊所,91330701MA2M0NGQ8P,,无等级,,57642.0
金华婺城回又医疗美容诊所,91330701MADFMDCH5N,,无等级,,57521.0
金华婺城圣煌诊所,91330702MAC4M8776T,,无等级,,57451.0
金华婺城城北五星应旭华中医（综合）诊所,92330702MA2FNQQR7P,,无等级,,57680.0
金华婺城夏韵戎中医诊所,92330701MA29RPCQ38,,无等级,,57617.0
金华婺城好牙一口腔诊所,91330702MA2M70DU7C,,无等级,,57526.0
金华婺城姿里医疗美容诊所,91330701MAENXNPL7M,,无等级,,57434.0
金华婺城婺泰诊所,91330702MAEE03TC6B,,无等级,,57465.0
金华婺城孔雪芳普通诊所,92330701MA2FPQMW3N,,无等级,,57612.0
金华婺城孙延欣口腔诊所,92330702MA2E84AF45,,无等级,,57727.0
金华婺城季文照中医骨伤科诊所,92330702MA29NLAB57,,无等级,,57687.0
金华婺城安安诊所,91330702MABXK7T265,,无等级,,57716.0
金华婺城安雅口腔诊所,91330702MACHA8RP71,,无等级,,57554.0
金华婺城宏济诊所,91330701MACY622M0F,,无等级,,57552.0
金华婺城宜民诊所,91330702MADJWFDN49,,无等级,,57457.0
金华婺城宾和虹口腔诊所,92330701MA2E8Q8E3P,,无等级,,57618.0
金华婺城尚妍医疗美容诊所,91330701MA2EDEU464,,无等级,,57543.0
金华婺城希美口腔诊所,91330727MA2EDNKF7L,,无等级,,57595.0
金华婺城康一中西医结合诊所,91330702MA2M5M2C9W,,无等级,,57670.0
金华婺城康寿堂中西医结合诊所,91330701MA7LA2K9XK,,无等级,,57467.0
金华婺城康强内科诊所,91330701MAE5GK0F15,,无等级,,57475.0
金华婺城康逸西医诊所,91330702MADLPCQD0T,,无等级,,57514.0
金华婺城廖金松诊所,92330701MA2DEGQR9J,,无等级,,57638.0
金华婺城张启惊诊所,92330701MA28QGUX4Q,,无等级,,57640.0
金华婺城张小雁诊所,92330701MA29M53M1T,,无等级,,57648.0
金华婺城张玉洁中西医结合科诊所,91330701MA2K004UXK,,无等级,,57641.0
金华婺城张素娟口腔诊所,92330702MA2E6UMK15,,无等级,,57758.0
金华婺城徐光明中医诊所,TE3307023300121060,,无等级,,57580.0
金华婺城徐利民内科诊所,92330701MA2DFBHJ84,,无等级,,57557.0
金华婺城徐勇诊所,91330702MA2JWGD84X,,无等级,,57721.0
金华婺城徐卫军中西医结合诊所,91330701MAE812414F,,无等级,,57481.0
金华婺城徐庆儿口腔诊所,91330702MACU8X4M5K,,无等级,,57381.0
金华婺城徐德增内科诊所,92330701MA2E6A4E3C,,无等级,,57570.0
金华婺城徐晓华口腔诊所,92330702MA2EAA443F,,无等级,,57747.0
金华婺城徐钢中医（综合）诊所,92330702MA29MCBCXN,,无等级,,57686.0
金华婺城徐静芳西医内科诊所,92330702MA2EABYJX9,,无等级,,57700.0
金华婺城悬济诊所,91330702MA2GXL58XD,,无等级,,57377.0
金华婺城承气堂中医诊所,91330701MA28EBK95B,,无等级,,57639.0
金华婺城抱元诊所,91330701MA7D5FNR76,,无等级,,57573.0
金华婺城拾悦诊所,91330701MAENXN4X1G,,无等级,,57398.0
金华婺城方丹丹口腔诊所,92330701MA2FPU7H6T,,无等级,,57598.0
金华婺城方亚芳口腔诊所,92330701MA29P3RK9F,,无等级,,57582.0
金华婺城方向辉口腔诊所,91330701MA28D6DG91,,无等级,,57520.0
金华婺城方周口腔诊所,91330701MA2E60786B,,无等级,,57620.0
金华婺城方来吉内科诊所,92330701MA2JXE620B,,无等级,,57590.0
金华婺城方氏口腔诊所,91330702MA2M0B2P86,,无等级,,57755.0
金华婺城施绍舜中医（综合）诊所,92330702MA29NG1476,,无等级,,57679.0
金华婺城易元堂中医综合诊所,91330702MADLBQQF9J,,无等级,,57437.0
金华婺城星医惠今妍医疗美容诊所,91330701MA2HR9E74P,,无等级,,57462.0
金华婺城星启西医诊所,91330701MACW3M389G,,无等级,,57512.0
金华婺城显赫医疗美容诊所,91330701MAE6K8QL6C,,无等级,,57469.0
金华婺城晓贝口腔诊所,91330702MA7BK9MN15,,无等级,,57380.0
金华婺城晨昊口腔诊所,91330701MABMMFGBX3,,无等级,,57336.0
金华婺城普尔口腔诊所,91330701MA2JWQUP9P,,无等级,,57601.0
金华婺城晶悦口腔诊所,91330701MADY2T1R9E,,无等级,,57480.0
金华婺城曹玮嘉口腔诊所,91330702MA2E91X21F,,无等级,,57728.0
金华婺城曹群强口腔诊所,92330701MA2DEKRPXR,,无等级,,57636.0
金华婺城有颜致美医疗美容诊所,91330701MA2E5D7R1K,,无等级,,57450.0
金华婺城朱夏寅口腔诊所,92330701MA2FPF36X9,,无等级,,57635.0
金华婺城李丹医疗美容诊所,92330701MA29QN361D,,无等级,,57591.0
金华婺城李卿渊西医内科诊所,92330702MACFUJ7R34,,无等级,,57551.0
金华婺城李家怀中医诊所,91330701MA2M3JG78G,,无等级,,57566.0
金华婺城李小英内科诊所,92330701MA2HQBFM3C,,无等级,,57609.0
金华婺城李惠兰普通诊所,92330701MA2HQ6Q0X6,,无等级,,57558.0
金华婺城李阳口腔诊所,92330702MA2ED38T08,,无等级,,57725.0
金华婺城杜晓敏中医综合诊所,92330702MA2E79305D,,无等级,,57505.0
金华婺城来新建诊所,92330702MA2FL8A710,,无等级,,57504.0
金华婺城杨佩口腔诊所,92330701MA2FPXM00L,,无等级,,57574.0
金华婺城杨继统内科诊所,92330701MA2E86YXXJ,,无等级,,57597.0
金华婺城林梅口腔诊所,92330702MA2DDY225D,,无等级,,57729.0
金华婺城柏芮医疗美容诊所,91330701MAEGTNE31P,,无等级,,57443.0
金华婺城梦仙口腔诊所,91330701MA2M53Q52C,,无等级,,57600.0
金华婺城欣贝口腔诊所,92330701MACPRA2H8U,,无等级,,57643.0
金华婺城正辉诊所新狮分店,91330702MADEDC4880,,无等级,,57522.0
金华婺城毛小燕内科诊所,92330701MA2FMC0Y5H,,无等级,,57655.0
金华婺城汤巧灵诊所,92330702MABMNQNY8U,,无等级,,57717.0
金华婺城沈小平口腔诊所,92330701MA28Q9JJ0B,,无等级,,57563.0
金华婺城泓康诊所,91330701MAEJTTEH5L,,无等级,,57444.0
金华婺城泓泰宏中西医结合诊所,91330701MAEGF5E87F,,无等级,,57431.0
金华婺城泰正堂诊所,91330701MA7DRD899Q,,无等级,,57565.0
金华婺城泽中口腔诊所,91330702MA7G0GXE2R,,无等级,,57596.0
金华婺城洪成林内科诊所,92330701MA2E74FAXK,,无等级,,57559.0
金华婺城洪蔚内科诊所,92330701MA2EDBG65U,,无等级,,57607.0
金华婺城浩诚诊所,91330702MA2HQA1L36,,无等级,,57722.0
金华婺城添瑞轻医疗美容诊所,91330701MAC58UN48U,,无等级,,57445.0
金华婺城清朗眼科诊所,91330702MAEHQJX01E,,无等级,,57340.0
金华婺城湖海塘诊所,92330701MA2E9NC52B,,无等级,,57576.0
金华婺城潘旭成口腔诊所,92330701MA2FQFXU2N,,无等级,,57602.0
金华婺城潘浩萍诊所,92330701MA28P9NH4M,,无等级,,57561.0
金华婺城潘火贤中医（综合）诊所,92330702MA29NK8MX9,,无等级,,57678.0
金华婺城潘燕娟普通诊所,92330701MA29M50A4P,,无等级,,57651.0
金华婺城爱丽肤中医综合诊所,91330702MA8G49CX91,,无等级,,57691.0
金华婺城爱牙仕口腔诊所,92330701MA2ED2392T,,无等级,,57608.0
金华婺城爱莱医疗美容诊所,91330701MAE57AYQ12,,无等级,,57459.0
金华婺城牙柏乐口腔诊所,91330702MAEFDTQD8L,,无等级,,57453.0
金华婺城牙艺栈口腔诊所,92330701MACTULRAXP,,无等级,,57541.0
金华婺城牛介文中西医结合科诊所,91330702MA2HRFQJ5Q,,无等级,,57671.0
金华婺城王元煊诊所,92330701MA2FN6JT4W,,无等级,,57656.0
金华婺城王奇烈中西医结合诊所,91330701MAEE4PYG2T,,无等级,,57461.0
金华婺城王拥军口腔诊所,92330701MA2FQ07E59,,无等级,,57586.0
金华婺城王燕口腔诊所,92330702MA2DF90687,,无等级,,57733.0
金华婺城王琳口腔诊所,92330702MAEPGUXA6P,,无等级,,57440.0
金华婺城王祺内科诊所,92330701MA2FN1YH80,,无等级,,57622.0
金华婺城申丽君口腔诊所,92330701MA2EA74E72,,无等级,,57588.0
金华婺城申屠学祥普通诊所,92330701MA29LW5F5T,,无等级,,57658.0
金华婺城申瑞宝口腔诊所,91330702MAC07WUL7N,,无等级,,57753.0
金华婺城皓美口腔诊所,91330703MA2M1C2Q48,,无等级,,57547.0
金华婺城益芽口腔诊所,91330702MA2JY16JX1,,无等级,,57756.0
金华婺城盛跃诊所,91330702MA7MDH031F,,无等级,,57783.0
金华婺城知芽口腔诊所,91330701MA2HQLHP8D,,无等级,,57429.0
金华婺城祝瑞发中医诊所,92330701MA2DE3R09G,,无等级,,57490.0
金华婺城禾木口腔诊所,91330701MAE3K4U657,,无等级,,57339.0
金华婺城秋蒿晶皓口腔诊所,91330701MA7GAFNF9G,,无等级,,57545.0
金华婺城立民口腔诊所,92330701MA2HQQFK8P,,无等级,,57619.0
金华婺城章启标诊所,92330701MA28QTCT2J,,无等级,,57585.0
金华婺城章惠丹口腔诊所,92330702MA2E5B30XN,,无等级,,57730.0
金华婺城章明忠诊所,92330701MA2FPW5E4D,,无等级,,57578.0
金华婺城章赛红中西医结合诊所,91330701MAEKR0QE8J,,无等级,,57435.0
金华婺城童智敏中医诊所,92330701MABMB10BXJ,,无等级,,57449.0
金华婺城笑来乐中西医结合诊所,91330701MA2DE2DK00,,无等级,,57672.0
金华婺城纯臻医疗美容诊所,91330701MA2JYMWA9R,,无等级,,57621.0
金华婺城纳兰医疗美容诊所,91330701MA2M6K8846,,无等级,,57555.0
金华婺城绿修源中西医结合诊所,91330701MA2M3PET17,,无等级,,57625.0
金华婺城美和口腔诊所,91330701MADPR9EP9B,,无等级,,57513.0
金华婺城美源口腔诊所,92330701MA2M4R663E,,无等级,,57624.0
金华婺城翁谦中医（综合）诊所,92330702MA2EC10X1T,,无等级,,57690.0
金华婺城肖氏诊所,91330702MAD2Q2NT37,,无等级,,57553.0
金华婺城肖竹初中医诊所,92330701MA2FKYRN6W,,无等级,,57560.0
金华婺城胡三华中医（综合）诊所,92330702MA29QQRC1D,,无等级,,57684.0
金华婺城胡启明诊所,91330701MA8G5N620E,,无等级,,57567.0
金华婺城胡文涛外科诊所,92330702MA7CT03N63,,无等级,,57718.0
金华婺城胡水生口腔诊所,92330702MA29MQTQ7T,,无等级,,57734.0
金华婺城臻美口腔诊所,91330702MADGEEHJ30,,无等级,,57433.0
金华婺城臻诚口腔诊所,91330701MABMQUJU7Q,,无等级,,57583.0
金华婺城舒彩红内科诊所,92330702MA29L3T65J,,无等级,,57693.0
金华婺城舒悦口腔诊所,91330702MADRB3EU88,,无等级,,57501.0
金华婺城舒禾医疗美容诊所,91330701MACRW9Y5XP,,无等级,,57534.0
金华婺城良桂内科诊所,92330701MA2FL5D645,,无等级,,57538.0
金华婺城艾雅乐口腔诊所,92330701MAE5U0HK2M,,无等级,,57485.0
金华婺城艾高西医诊所,91330701MA2K1KB333,,无等级,,57472.0
金华婺城芽芽乐诊所,91330702MAECRFHXX4,,无等级,,57468.0
金华婺城苏奶娜口腔诊所,92330701MA29PHMU70,,无等级,,57649.0
金华婺城范乙星普通诊所,92330701MA2E5HHG6C,,无等级,,57536.0
金华婺城范英玲口腔诊所,92330701MA2DC00Q0A,,无等级,,57572.0
金华婺城莱蒽口腔诊所,91330702MAC253Q01F,,无等级,,57375.0
金华婺城董翔口腔诊所,92330702MAC47HWL2L,,无等级,,57752.0
金华婺城蒋树康中医诊所,92330701MA2FN05W3N,,无等级,,57530.0
金华婺城蔚莱医疗美容诊所,91330702MA2DEGM10E,,无等级,,57673.0
金华婺城虹路口腔诊所,91330702MACHTPF306,,无等级,,57629.0
金华婺城詹娟口腔诊所,92330701MA29REQ93U,,无等级,,57637.0
金华婺城许骏口腔诊所,TE3307023300139710,,无等级,,57544.0
金华婺城诗一科医疗美容诊所,91330702MADP28E212,,无等级,,57442.0
金华婺城贤合口腔诊所,92330701MA2M1PRT39,,无等级,,57593.0
金华婺城赖静口腔诊所,92330701MA2EBXY69A,,无等级,,57476.0
金华婺城赵威麟口腔诊所,92330702MAK3P8AC66,,无等级,,57324.0
金华婺城赵炳洪西医内科诊所,92330701MA2FPN7759,,无等级,,57542.0
金华婺城迈特斯内科诊所,91330701MAE9H5CL5P,,无等级,,57463.0
金华婺城迪贝雅医疗美容诊所,91330701MA7GJCF811,,无等级,,57341.0
金华婺城邵益成口腔诊所,91330701MA2EC4448P,,无等级,,57447.0
金华婺城郑丽阳口腔诊所,92330701MA2EA8EK2P,,无等级,,57540.0
金华婺城郑宏辉内科诊所,92330701MA2EA8659H,,无等级,,57584.0
金华婺城郑寿春内科诊所,92330701MA2FQ0946D,,无等级,,57569.0
金华婺城郑芳内科诊所,92330701MA29P0XF89,,无等级,,57599.0
金华婺城郑雪君中西医结合诊所,91330701MAEEA9UEXL,,无等级,,57460.0
金华婺城郑震中医综合诊所,92330702MA2FLPMJ29,,无等级,,57688.0
金华婺城金丽君口腔诊所,91330701MA2EBEJH1F,,无等级,,57614.0
金华婺城金妍医疗美容诊所,91330701MA2E5CEL48,,无等级,,57592.0
金华婺城金建国骨伤专科诊所,92330701MA29Q36Y5A,,无等级,,57685.0
金华婺城金红华诊所,92330702MA2ECF4L70,,无等级,,57535.0
金华婺城金诺口腔诊所,91330701MA7G301D32,,无等级,,57568.0
金华婺城针美汇医疗美容诊所,91330701MADXK0755L,,无等级,,57494.0
金华婺城钟聪荣口腔诊所,92330702MA2ED64D20,,无等级,,57726.0
金华婺城钰马医疗美容诊所,91330702MACWCNCQ53,,无等级,,57466.0
金华婺城银瑚口腔诊所,91330701MAD4FQRT6H,,无等级,,57533.0
金华婺城陆正强内科诊所,92330701MA2DEJPE4G,,无等级,,57645.0
金华婺城陆翔口腔诊所,92330702MA29QTUY9J,,无等级,,57746.0
金华婺城陈军中医（综合）诊所,92330702MA29LD5T8H,,无等级,,57677.0
金华婺城陈康口腔诊所,92330702MA2DDC8X7F,,无等级,,57731.0
金华婺城陈慧仙口腔诊所,92330701MA29RFGGXD,,无等级,,57627.0
金华婺城陈旦口腔诊所,91330702MAE0GC7J22,,无等级,,57333.0
金华婺城陈月琴普通诊所,92330701MA29RC498B,,无等级,,57539.0
金华婺城陈英俊内科诊所,92330701MA2DDNL77N,,无等级,,57579.0
金华婺城雅致口腔诊所,91330701MACRBP298D,,无等级,,57550.0
金华婺城雅艺口腔诊所,92330701MA2HWBCL9U,,无等级,,57606.0
金华婺城雅馨口腔诊所,91330702MA2DEJWD01,,无等级,,57616.0
金华婺城雪丽口腔诊所,92330701MA7KB7JB85,,无等级,,57581.0
金华婺城霖昱峰诊所,91330702MA7C6BBJ9D,,无等级,,57719.0
金华婺城露西亚妇科诊所,91330701MADFDM7C8A,,无等级,,57508.0
金华婺城项喜东诊所,92330701MA2FQJN47C,,无等级,,57626.0
金华婺城顾晓磊中西医结合诊所,91330702MA7E4J8J2Y,,无等级,,57669.0
金华婺城颜研医疗美容诊所,91330702MAEFH1108Y,,无等级,,57432.0
金华婺城颜颂医疗美容诊所,91330701MACNRJW7XG,,无等级,,57511.0
金华婺城飞英口腔诊所,92330701MA2M2G0G6F,,无等级,,57604.0
金华婺城馨园口腔诊所,91330701MA2EE9GR72,,无等级,,57571.0
金华婺城鲍建强口腔诊所,92330702MA2JX0EL9G,,无等级,,57757.0
金华婺城黄璐口腔诊所,92330702MA29N1AM0Q,,无等级,,57507.0
金华婺城黄郭雷诊所,91330702MAK3W0M51X,,无等级,,57335.0
金华婺城龚华春中医诊所,54330702ME01685847,,无等级,,57537.0
金华婺城龚敏升中西医结合诊所,92330701MADL0J9GXA,,无等级,,57497.0
金华市中心医院,12330700471540601G,三级,三级,无级别,57301.0
金华市婺城区乾西乡鲍杨村卫生室,123307024715416556,未定级,未定级,无级别,57371.0
金华市婺城区人民医院驻公安监管中心门诊部,12330702471620775R,无级别,无级别,二级,57323.0
金华市婺城区城中街道社区卫生服务中心婺江东路社区卫生服务站,123307024715416631,无级别,无级别,未定级,57390.0
金华市婺城区城北街道社区卫生服务中心军民社区卫生服务站,12330702687857683U,无级别,无级别,未定级,57387.0
金华市婺城区汤溪镇厚大村卫生室,12330700471620791J,未定级,未定级,无级别,57252.0
金华市婺城区洋埠镇五都钱村卫生室,1233070072524845XK,未定级,未定级,一级,57214.0
金华市婺城区琅琊镇中心卫生院,12330702779383315W,未定级,未定级,无级别,57373.0
金华市婺城区白龙桥镇叶店村第三卫生室,12330702579347459A,未定级,未定级,无级别,57326.0
金华市婺城区秋滨街道社区卫生服务中心吕塘下社区卫生服务站,1233070047159030XW,未定级,未定级,一级,57258.0
金华市婺城区竹马乡下张家村卫生室,123307024715415918,无级别,无级别,未定级,57395.0
金华市婺城区罗埠镇中心卫生院,12330700471620986C,一级,一级,未定级,57246.0
金华市婺城区莘畈乡卫生院（金华市婺城区莘畈乡妇幼保健计划生育服务站）,123307024716208638,未定级,未定级,无级别,57329.0
金华市婺城区蒋堂镇开化村卫生室,12330702471620919B,未定级,未定级,无级别,57328.0
金华市婺城区长山乡杨宋桥村卫生室,12330702799640585N,未定级,未定级,无级别,57321.0
金华市婺城区雅畈镇南干村卫生室,12330702471620847J,未定级,未定级,无级别,57354.0
金华市第二医院,12330700471540425K,三级,三级,未定级,57194.0
金华市金东区傅宾成中医诊所,TE3307033300277550,,无等级,,57134.0
金华市金东区孝顺镇何余福中医诊所,TE3307033300276590,,无等级,,57145.0
金华开发区怡加口腔诊所,92330701MA2E5EAX20,,无等级,,57760.0
金华开发区金豪口腔诊所,91330701MA2HWCG489,,无等级,,57761.0
金华怡中堂中医诊所,91330701MA7LNM821D,,无等级,,57666.0
金华方江英普通诊所,92330701MA2E9HNQ86,,无等级,,57765.0
金华楼劲梅内科诊所,92330701MA2FQC359C,,无等级,,57764.0
金华永婷内科诊所,92330701MABXGJ639L,,无等级,,57762.0
金华王尧中医综合诊所,92330701MA8G70047H,,无等级,,57763.0
金华益昌医疗管理有限公司佛堂西医诊所,91330782MAEFPELX4L,,无等级,,59190.0
金华益民诊所,91330701MA2M529M0A,,无等级,,57665.0
金华祝承勇口腔诊所,91330701MA7H8F683Y,,无等级,,57668.0
金华祝衡辉中西医结合诊所,92330701MA2FKY8B74,,无等级,,57667.0
金华章利华内科诊所,92330701MA2HUK5U1L,,无等级,,57660.0
金华经济技术开发区管委会医务室,12330700471590342D,无级别,无级别,未定级,57211.0
金华艾尚口腔诊所,92330701MA2E81CH5H,,无等级,,57662.0
金华观得医疗管理有限公司福田口腔诊所,91330782MAEGRQC950,,无等级,,59116.0
金华观得医疗管理有限公司荷叶塘口腔诊所,91330782MA2M5X1UXA,,无等级,,59156.0
金华观得医疗管理有限公司诚信口腔诊所,91330782MAECL2T75D,,无等级,,59267.0
金华贝佳口腔诊所,91330701MA2HQ31R3A,,无等级,,57654.0
金华醉爱医疗美容诊所,91330701MABY28D70M,,无等级,,57525.0
金华金东东塘西医诊所,91330703MAE1B1P994,,无等级,,57066.0
金华金东东孝婺美口腔诊所,91330703MA2K1AKE3P,,无等级,,57138.0
金华金东东孝安中西医结合诊所,91330703MACML4Q93R,,无等级,,57114.0
金华金东东孝火车南站史奎诊所,TE3307033300428230,,无等级,,57127.0
金华金东严吉口腔诊所,92330703MA29MKJL6G,,无等级,,56722.0
金华金东九康诊所,TE3307033300528550,,无等级,,57164.0
金华金东云贵中西医结合诊所,TE3307033300695210,,无等级,,57045.0
金华金东亿嘉口腔诊所,91330703MADQJ21W1L,,无等级,,57016.0
金华金东亿康内科诊所,91330703MA8GP1LA0N,,无等级,,57054.0
金华金东付斌诊所,92330703MA29LQYC19,,无等级,,57102.0
金华金东众齿康口腔诊所,91330703MAD58AF87D,,无等级,,57098.0
金华金东佑民诊所,91330703MAE6F2L418,,无等级,,56996.0
金华金东何卫妹西医内科诊所,TE3307033300519390,,无等级,,57015.0
金华金东保集口腔诊所,91330703MAC97LTD39,,无等级,,57096.0
金华金东傅光明中医诊所,92330703MA2FQ1HB79,,无等级,,57133.0
金华金东傅昶曜口腔诊所,92330703MA2HU65E29,,无等级,,57166.0
金华金东光丽西医诊所,91330703MAD5WW6L7K,,无等级,,57040.0
金华金东兰湘怡口腔诊所,92330703MA2E5AE23X,,无等级,,57156.0
金华金东利贞普通诊所,91330703MADEP7NEX5,,无等级,,57037.0
金华金东匠小妍医疗美容诊所,91330703MACKA8BL5U,,无等级,,57124.0
金华金东华展普通诊所,91330703MAD8JGRA9Y,,无等级,,57092.0
金华金东卓美口腔诊所,91330703MA2EAWCJ7B,,无等级,,57079.0
金华金东博瑞雅口腔诊所,92330703MA2M77G0XK,,无等级,,56756.0
金华金东友华诊所,92330703MA29QTD37F,,无等级,,57146.0
金华金东叶慧斌诊所,TE3307033300414400,,无等级,,57113.0
金华金东合适诊所,91330703MABY7F955J,,无等级,,57108.0
金华金东君健中西医结合诊所,91330703MAD0LA6P5K,,无等级,,57057.0
金华金东君康内科诊所,91330703MA8GPU5L8G,,无等级,,57063.0
金华金东吴华生诊所,92330703MA7H8M666B,,无等级,,57171.0
金华金东吴庆华口腔诊所,92330703MA29Q4J37W,,无等级,,57149.0
金华金东吴惟平口腔诊所,91330703MAE8LDDP72,,无等级,,57048.0
金华金东吴盼口腔诊所,92330703MA2M659K88,,无等级,,57179.0
金华金东周菁华口腔诊所,92330703MA2M0FUJ87,,无等级,,57142.0
金华金东哲中口腔诊所,91330703MADCLQ7U7P,,无等级,,57080.0
金华金东四季瑞生口腔诊所,92330703MA2HUX3L04,,无等级,,56749.0
金华金东因晳嘉美医疗美容诊所,91330703MACJQ0BAXU,,无等级,,57105.0
金华金东塘里西医诊所,91330703MADHT4726M,,无等级,,57088.0
金华金东多湖丽齿口腔诊所,92330703MA2DCG466H,,无等级,,57130.0
金华金东多湖徐晓东西医诊所,TE3307033300420020,,无等级,,57148.0
金华金东多眉体医疗美容诊所,91330703MAC52MBC26,,无等级,,57175.0
金华金东奕美医疗美容诊所,91330703MA2MMAKQ8H,,无等级,,57097.0
金华金东姚辉口腔诊所,92330703MA2HTKKM6J,,无等级,,57155.0
金华金东姜志锋口腔诊所,92330703MA29PUTD86,,无等级,,57132.0
金华金东婺美口腔诊所,91330703MA2DDNMD23,,无等级,,57137.0
金华金东孔祥成诊所,TE3307033300484330,,无等级,,57121.0
金华金东孙悦恒口腔诊所,92330703MA29PQDD5D,,无等级,,57101.0
金华金东孙根海诊所,TE3307033300488870,,无等级,,57056.0
金华金东孝顺何益新中医康复诊所,92330703MA2FPDQX10,,无等级,,57169.0
金华金东孝顺鞋塘洪春燕诊所,92330703MA2E50UX15,,无等级,,57162.0
金华金东孟建祖口腔诊所,92330703MA2E56W35P,,无等级,,57157.0
金华金东安晨医疗美容诊所,91330703MA7N2T8G2A,,无等级,,56771.0
金华金东宋欣蔚口腔诊所,92330703MAC37JYM8N,,无等级,,57176.0
金华金东崇康内科诊所,91330703MAEF2LTN74,,无等级,,57039.0
金华金东崇德诊所,91330703MAEAY3XM5Y,,无等级,,57046.0
金华金东巢优优诊所,92330703MAEQ568P5Y,,无等级,,56752.0
金华金东常春内科诊所,91330703MA8GM22980,,无等级,,57086.0
金华金东平平诊所,92330703MAC1HUE11T,,无等级,,57183.0
金华金东广润中西医结合诊所,91330703MAEH1JL68K,,无等级,,57034.0
金华金东康丽口腔诊所,92330701MA28PBXC2G,,无等级,,57035.0
金华金东康云诊所,TE3307033300702540,,无等级,,57024.0
金华金东康俊诊所,92330703MA2EDJX81T,,无等级,,56778.0
金华金东康健诊所,91330703MA2E9TWH4M,,无等级,,57082.0
金华金东康和诊所,91330703MADLW1AK4K,,无等级,,57085.0
金华金东康悦诊所,91330703MADWD8AN4R,,无等级,,57061.0
金华金东康济内科诊所,TE3307033300710330,,无等级,,56768.0
金华金东康诚诊所,TE3307033300695550,,无等级,,57044.0
金华金东康馨诊所,91330703MADDQ8209K,,无等级,,57060.0
金华金东廉牙口腔诊所,92330703MA29PQGU3N,,无等级,,57126.0
金华金东张伟民诊所,91330703MA2HUG740F,,无等级,,57159.0
金华金东张尚伟口腔诊所,92330703MABYFXL54X,,无等级,,56757.0
金华金东徐作义诊所,TE3307033300482550,,无等级,,57120.0
金华金东徐维祥诊所,92330703MACB57910P,,无等级,,57182.0
金华金东徐英口腔诊所,92330703MA29MT3K0A,,无等级,,57139.0
金华金东徐莱娟口腔诊所,92330703MA29MQDB2J,,无等级,,57103.0
金华金东德康西医诊所,91330703MABLLQP94Y,,无等级,,57125.0
金华金东惠仁诊所,91330703MADN5YQ74B,,无等级,,57033.0
金华金东惠心诊所,91330703MA8G9W6U35,,无等级,,57065.0
金华金东惠诚诊所,91330703MA8GQFDH03,,无等级,,57055.0
金华金东慧珍诊所,92330703MA28PDH75U,,无等级,,57131.0
金华金东戴林福诊所,92330703MA2DDGDW1K,,无等级,,57074.0
金华金东方跃洪口腔诊所,91330703MA8GR26H6P,,无等级,,57050.0
金华金东明丽西医诊所,91330703MADQJ085XW,,无等级,,57070.0
金华金东昕晨口腔诊所,91330703MA2HRK0N63,,无等级,,57135.0
金华金东春雨中西医结合诊所,91330703MAEGPEPN93,,无等级,,57038.0
金华金东晟德中医诊所,TE3307033300448490,,无等级,,57116.0
金华金东曹为能诊所,92330703MADP1TP824,,无等级,,57078.0
金华金东曹慧山诊所,TE3307033300471870,,无等级,,57062.0
金华金东曹玉英西医诊所,92330703MABT6GUE54,,无等级,,57153.0
金华金东朵旖医疗美容诊所,91330703MACJDUKQ9P,,无等级,,57071.0
金华金东李伟演中医（综合）诊所,91330703MADCE1CW9N,,无等级,,56767.0
金华金东李达生口腔诊所,92330703MA2DBQJH35,,无等级,,57154.0
金华金东杨金飞西医内科诊所,92330703MABW38290M,,无等级,,57115.0
金华金东极光星医疗美容诊所,91330703MACQKC0A6M,,无等级,,57051.0
金华金东橘里医疗美容诊所,91330701MA2E8EKB2T,,无等级,,57025.0
金华金东欣可内科诊所,91330703MACBR03Y38,,无等级,,57073.0
金华金东欧景诊所,91330703MAE0M3203A,,无等级,,57064.0
金华金东正和口腔诊所,TE3307033300701220,,无等级,,57028.0
金华金东正好口腔诊所,91330703MADM780E5B,,无等级,,56734.0
金华金东正辉内科诊所,91330703MADGNJ4N6W,,无等级,,57091.0
金华金东武亮口腔诊所,92330703MA29QD9Q6D,,无等级,,57168.0
金华金东河马口腔诊所,TE3307033300702970,,无等级,,57020.0
金华金东洪时清诊所,92330703MA29P00C3Y,,无等级,,56766.0
金华金东洪琴诊所,TE3307033300469460,,无等级,,57163.0
金华金东浓颜医疗美容诊所,91330703MABWBRP68E,,无等级,,57177.0
金华金东爱维滴诊所,TE3307033300695180,,无等级,,57042.0
金华金东王氏口腔诊所,91330703MADPXLD2X9,,无等级,,57043.0
金华金东瑞尔口腔诊所,TE3307033300521390,,无等级,,57174.0
金华金东瑞生口腔诊所,92330703MADN86BQ4R,,无等级,,56765.0
金华金东瑞祥诊所,91330703MAE5T9M18M,,无等级,,57052.0
金华金东百佳诊所,91330703MADJUNF69W,,无等级,,57049.0
金华金东皓克口腔诊所,91330703MACK7NT7XU,,无等级,,57014.0
金华金东益丰中医（综合）诊所,TE3307033300704620,,无等级,,57013.0
金华金东益方诊所,91330703MAE9GU5T9N,,无等级,,57047.0
金华金东益齿口腔诊所,TE3307033300457950,,无等级,,57150.0
金华金东祝海峰中西医结合诊所,92330703MAC551RY3Y,,无等级,,57181.0
金华金东立真诚医疗美容诊所,91330703MAELHL9Y7W,,无等级,,57023.0
金华金东立美口腔诊所,91330703MAC9T61Q0B,,无等级,,57180.0
金华金东美佳口腔诊所,91330703MADEE3BN65,,无等级,,56732.0
金华金东美沃医疗美容诊所,92330703MACFLDJ2XF,,无等级,,57077.0
金华金东聚仁诊所,TE3307033300533280,,无等级,,57111.0
金华金东胡塘诊所,91330703MADT1N4435,,无等级,,57069.0
金华金东胡燕妹口腔诊所,92330703MA2E7EWY1G,,无等级,,57161.0
金华金东舒然医疗美容诊所,91330703MAC3U32A8X,,无等级,,57053.0
金华金东舒颜医疗美容诊所,91330703MABWUYLKXU,,无等级,,57173.0
金华金东艾民西医诊所,91330703MADG0MGN59,,无等级,,57093.0
金华金东艾芽口腔诊所,91330703MADFTWD967,,无等级,,57067.0
金华金东芽皓口腔诊所,91330703MADLCCQG4K,,无等级,,57087.0
金华金东范艳口腔诊所,TE3307033300536110,,无等级,,57081.0
金华金东范静勇口腔诊所,TE3307033300467140,,无等级,,57141.0
金华金东葛新华诊所,TE3307033300536570,,无等级,,57152.0
金华金东蒋晓兰口腔诊所,TE3307033300495400,,无等级,,57021.0
金华金东蓝丽君西医诊所,92330703MABTM82R98,,无等级,,56969.0
金华金东薇美口腔诊所,91330703MA2HR4QJ5P,,无等级,,57186.0
金华金东裳羽医疗美容诊所,TE3307033300701150,,无等级,,57029.0
金华金东贝媞医疗美容诊所,91330703MACFRTP67K,,无等级,,56995.0
金华金东赖金文西医诊所,92330703MABTG17LX4,,无等级,,57112.0
金华金东赤松余留芳诊所,92330701MA29QTKH60,,无等级,,57172.0
金华金东赵培生西医诊所,TE3307033300481080,,无等级,,57158.0
金华金东辉运西医诊所,91330703MADC4E1N69,,无等级,,57100.0
金华金东邓强诊所,TE3307033300536130,,无等级,,57123.0
金华金东郑德多诊所,91330703MA2M0B9WXJ,,无等级,,56725.0
金华金东金丰圆西医诊所,TE3307033300705280,,无等级,,56754.0
金华金东金仕清诊所,91330703MA8GCFPR2D,,无等级,,57099.0
金华金东金善悦诊所,91330703MA2HWCHM1P,,无等级,,57167.0
金华金东金学英口腔诊所,TE3307033300519370,,无等级,,57185.0
金华金东金瓯口腔诊所,91330703MA2EEJQR8G,,无等级,,56753.0
金华金东金羚西医诊所,92330703MAD1UYXLXK,,无等级,,57107.0
金华金东金良西医诊所,91330703MA2JX4JP49,,无等级,,57122.0
金华金东金鸥中医诊所,92330703MAD1UU7R2J,,无等级,,57106.0
金华金东金鹤中医诊所,TE3307033300455680,,无等级,,57165.0
金华金东鑫星内科诊所,91330703MAEHJ6TW4W,,无等级,,57032.0
金华金东钰颖内科诊所,TE3307033300701100,,无等级,,57031.0
金华金东钱伟强诊所,92330703MA2DBRBB6P,,无等级,,57160.0
金华金东钱建华诊所,92330703MA2HR9H9X2,,无等级,,57119.0
金华金东钱志强口腔诊所,92330703MABNTYD287,,无等级,,57095.0
金华金东陈云刚中医诊所,TE3307033300485920,,无等级,,57128.0
金华金东陈兰芳诊所,92330703MA2JXD7M83,,无等级,,57129.0
金华金东陈根生西医诊所,91330703MAEMYDBJ9N,,无等级,,57019.0
金华金东陈海群医疗美容诊所,TE3307033300489900,,无等级,,57109.0
金华金东陈燕诊所,TE3307033300488840,,无等级,,57140.0
金华金东陈醒口腔诊所,92330703MA29PQ1G36,,无等级,,57143.0
金华金东陶树仓中医综合诊所,92330703MA7G391L34,,无等级,,57076.0
金华金东雅美口腔诊所,91330703MACEWH7N5N,,无等级,,57110.0
金华金东雅莱口腔诊所,91330703MAD8MY3A1M,,无等级,,57094.0
金华金东雍禾医疗美容诊所,91330703MA2HW5KE6Q,,无等级,,57072.0
金华金东雨鑫诊所,91330703MA8G9LEX18,,无等级,,57083.0
金华金东靓齿口腔诊所,91330703MA2HWQWA74,,无等级,,57089.0
金华金东馨园口腔诊所,TE3307033300521400,,无等级,,57104.0
金华金东高建燕口腔诊所,TE3307033300503020,,无等级,,57136.0
金华金东黄丽萍诊所,92330703MA7G25PP2C,,无等级,,57118.0
金华金东黄伟诊所,91330703MA8G9ELU20,,无等级,,57058.0
金华金东黄旭英口腔诊所,TE3307033300701140,,无等级,,57030.0
金华金城口腔诊所,92330701MA2FMCMK0X,,无等级,,57652.0
金华钱顺俊口腔诊所,92330701MA29RUGD6R,,无等级,,57675.0
金华陈伟丽中西医结合诊所,91330701MACBP5JK3R,,无等级,,57766.0
金华陈建新内科诊所,92330701MA2FMKDT96,,无等级,,57610.0
金华韩博士诊所,91330783MA2EE8DM45,,无等级,,56507.0
金华颜红亮医疗美容诊所,91330701MAC1HXUK7E,,无等级,,57496.0
金国钤内科诊所,9133030230769633XC,,无等级,,48882.0
金塘坤林诊所,91330901MAEFLD1E74,,无等级,,62908.0
金塘润太诊所,91330901MAEEQTDY73,,无等级,,62829.0
金塘润舟中西医结合诊所,91330901MAEXWXWY9R,,无等级,,62830.0
金海济内科诊所,92330302MA2C814T0J,,无等级,,48873.0
金海珊内科诊所,92330302MA2C7NMB2R,,无等级,,49020.0
金磐开发区亮齿口腔诊所,91330727MACMM2EK7R,,无等级,,58350.0
金磐开发区千加诊所,91330727MAD3A4KN41,,无等级,,58345.0
金磐开发区术美荟医疗美容诊所,91330727MAE4L5GY4M,,无等级,,58323.0
金聪健内科诊所,92330328MA2C7FBL2D,,无等级,,49704.0
金芝林内科诊所,92330302MA297HXC19,,无等级,,48860.0
金辉内科诊所,92330302MA2C20Q835,,无等级,,48948.0
钟高田口腔诊所,92330824MA29T6302M,,无等级,,61627.0
钧益诊所,91330902MA2A2KY44C,,无等级,,62955.0
钱新安中医诊所,TE3306833300174770,,无等级,,54787.0
钱灼灼内科诊所,92330302MA287PNC93,,无等级,,48829.0
钱素玲妇科诊所,92330302MA2C11MN8H,,无等级,,48756.0
镇海一心眼科诊所,91330211MA2CMW7C1Y,,无等级,,42857.0
镇海一诺口腔诊所,91330211MA2CK6AE50,,无等级,,42703.0
镇海医伈诊所,91330211MA2GR1AK2G,,无等级,,42826.0
镇海博达维诺口腔诊所,91330211MA2GQ4676E,,无等级,,42882.0
镇海尚利诊所,91330211MA2GQ3937G,,无等级,,42877.0
镇海德仁诊所,91330211MA2GRE0Q3X,,无等级,,42669.0
镇海甬盛康铭口腔诊所,91330211MA2GR2BX8A,,无等级,,42823.0
镇海童炎医疗美容诊所,91330211MA2GQYNPOC,,无等级,,42859.0
镇海荟顺和中医诊所,91330211MA2CK4X28A,,无等级,,42687.0
镇海陈磊口腔诊所,92330211MA2GQOBL9T,,无等级,,42864.0
长乐钱学刚口腔诊所,92330683MA2FH8B5X8,,无等级,,54786.0
长兴丽齿口腔诊所,91330522MA2B7UDH2G,,无等级,,52965.0
长兴仁宏普通诊所,91330522MAD1K5F50H,,无等级,,53026.0
长兴众诚口腔诊所,91330522NA2B7LLC83,,无等级,,53068.0
长兴优上口腔诊所,91330522MA2D47JE9W,,无等级,,53029.0
长兴何雯西医诊所,92330522MAD5R0LJ10,,无等级,,53109.0
长兴佳诺口腔诊所,91330522MACQ42GD8K,,无等级,,53040.0
长兴倪氏中医诊所,92330522MA2D2J0W7U,,无等级,,52966.0
长兴华皓口腔诊所,91330522MACLNH43XK,,无等级,,53045.0
长兴博康口腔诊所,91330522MACJD4JM9Y,,无等级,,53049.0
长兴叁一医疗美容诊所,91330522MA7B9443XT,,无等级,,52957.0
长兴吴锡林普通诊所,92330522MADKD9BT1D,,无等级,,53013.0
长兴和平吴山胡力毅中医诊所,92330522MA29KWRX7C,,无等级,,53064.0
长兴和平周俊生西医诊所,92330522MA29KA7265,,无等级,,53088.0
长兴和平孙锡林西医诊所,92330522MA29KCWY2B,,无等级,,53093.0
长兴和平左连意内科诊所,92330522MA28CRGA0H,,无等级,,53054.0
长兴和平王彩华西医诊所,92330522MA29KCYK05,,无等级,,53082.0
长兴和平计洪剑西医诊所,92330522MA29KAPY2G,,无等级,,53085.0
长兴太湖徐氏内科诊所,92330522MA29JW9B77,,无等级,,53058.0
长兴夹浦周氏口腔诊所,92330522MA2B7B9J11,,无等级,,53072.0
长兴夹浦周飞西医诊所,92330522MA2F8WYB1X,,无等级,,53062.0
长兴夹浦董欣平西医诊所,92330522MA2F8DTK13,,无等级,,53080.0
长兴安康中医诊所,91330522MA2D1LDT57,,无等级,,52991.0
长兴小浦史招荣中医诊所,92330522MA2F50781N,,无等级,,53005.0
长兴小浦平泽口腔诊所,91330522MAC8FUM777,,无等级,,53038.0
长兴小浦杨利斌口腔诊所,92330522MA29JY1E68,,无等级,,53063.0
长兴张国和中医诊所,92330522MABQN23Q3P,,无等级,,53111.0
长兴强忠普通诊所,92330522MA2F74WT46,,无等级,,52979.0
长兴彩红普通诊所,91330522MADKYMJW77,,无等级,,52985.0
长兴微牙口腔诊所,91330522MA2D1LPN2J,,无等级,,53051.0
长兴德思堂普通诊所,91330522MA2D1HGJ1X,,无等级,,53014.0
长兴恒美口腔诊所,91330522MA2B7P7X1T,,无等级,,53067.0
长兴悦美医疗美容诊所,91330522MA29JLAM34,,无等级,,52976.0
长兴新春普通诊所,91330522MACFL5HK27,,无等级,,53027.0
长兴新溪普通诊所,91330522MAD47XCH8X,,无等级,,53025.0
长兴朱氏兴华口腔诊所,91330522MACNLTF84G,,无等级,,53020.0
长兴朱玲军西医诊所,92330522MA2B78F813,,无等级,,53075.0
长兴李家巷华诺口腔诊所,91330522MACJ22MM2N,,无等级,,53009.0
长兴李家巷莫小丽西医诊所,91330522MA2B3Q9565,,无等级,,53057.0
长兴李家巷邓慧敏西医诊所,92330522MA2F4YE75T,,无等级,,53113.0
长兴杏园春中医诊所,91330522MAEE4M2W1R,,无等级,,52974.0
长兴林城蒋正良西医诊所,92330522MA2F7N9M21,,无等级,,53090.0
长兴林城陈学洪西医诊所,92330522MA29KFOGX7,,无等级,,53087.0
长兴水口张庆敏西医诊所,92330522MA29K4J69M,,无等级,,53060.0
长兴泗安倪益龙西医诊所,92330522MA2F973H0P,,无等级,,52936.0
长兴泗安周盛晴中医诊所,92330522MA2F9BHA36,,无等级,,53103.0
长兴泗安张彩雯西医诊所,92330522MA2F40JY5G,,无等级,,53089.0
长兴泗安祁燮飚西医诊所,92330522MA29KP92XM,,无等级,,53102.0
长兴洪桥卢家馨中医诊所,92330522MA2F86EM3L,,无等级,,53094.0
长兴清澄医疗美容诊所,91330522MACRTMW800,,无等级,,53024.0
长兴焕颜医疗美容诊所,91330522MACATDPT8E,,无等级,,53039.0
长兴煤山康华口腔诊所,91330522MACNGRDR4G,,无等级,,53044.0
长兴煤山王建华中医诊所,92330522MA2F7MUH2U,,无等级,,53083.0
长兴煤山王新强口腔诊所,92330522MA2B4MDA73,,无等级,,53073.0
长兴煤山董友娟西医诊所,92330522MA2F7XRM4L,,无等级,,53112.0
长兴爱尚美医疗美容诊所,91330522MA2B7ADW0T,,无等级,,53011.0
长兴玖美医疗美容诊所,91330522MA2B64J72L,,无等级,,53012.0
长兴甄龄医疗美容诊所,91330522MACA9Y077C,,无等级,,53106.0
长兴画溪姚家桥康健口腔诊所,92330522MACJ3QM70M,,无等级,,53048.0
长兴白岘沈和山西医诊所,92330522MA29K9T07T,,无等级,,53096.0
长兴百草源中医诊所,91330522MA7HWWGX9U,,无等级,,53042.0
长兴称意口腔诊所,91330522MACQ31781N,,无等级,,53021.0
长兴维他滴中西医结合诊所,91330522MAE7GGRL31,,无等级,,52969.0
长兴美约美颂医疗美容诊所,91330522MAD3UWFBXT,,无等级,,53016.0
长兴脊周生如故中医诊所,91330522MAE3YLED3A,,无等级,,52999.0
长兴至鼎口腔诊所,92330522MA2B7RBA4J,,无等级,,53110.0
长兴致上口腔诊所,91330522MADH50HD8N,,无等级,,53023.0
长兴舒贝口腔诊所,91330522MACDHJAQ13,,无等级,,53041.0
长兴艺美口腔诊所,91330522MA2D10KD1Y,,无等级,,53069.0
长兴虹溪口腔诊所,91330522MACH0TT67E,,无等级,,53050.0
长兴鑫齿口腔诊所,91330522MACKHBRL37,,无等级,,53047.0
长兴锦安诊所,91330522MACG7HX16R,,无等级,,53028.0
长兴雅美口腔诊所,91330522MACJ6QLY15,,无等级,,52990.0
长兴雉城伤牙科诊所,52330522471252343M,,无等级,,53053.0
长兴雉城何氏口腔诊所,91330522MACNAGFM35,,无等级,,53046.0
长兴雉城刘道年皮肤病诊所,913305227793518078,,无等级,,53055.0
长兴雉城吴叶口腔诊所,92330522MA29KXMLXP,,无等级,,53076.0
长兴雉城吴氏口腔诊所,91330522MAD124DM6B,,无等级,,53019.0
长兴雉城城北诊所,92330522MA29K32W0E,,无等级,,52952.0
长兴雉城张佩明口腔诊所,92330522MA29KYEL1G,,无等级,,53081.0
长兴雉城张培凤西医诊所,92330522MA28CUCE60,,无等级,,53105.0
长兴雉城张惠西医诊所,92330522MA29JKH052,,无等级,,53071.0
长兴雉城慧仁口腔诊所,91330522MACRNHY52J,,无等级,,53043.0
长兴雉城朱宇星西医诊所,92330522MA2D52G4XM,,无等级,,53030.0
长兴雉城李晓华口腔诊所,92330522MA2F838L9E,,无等级,,53056.0
长兴雉城杨伟权口腔诊所,92330522MA29K6WU30,,无等级,,53061.0
长兴雉城沈月琴西医诊所,92330522MA29JQBQ60,,无等级,,53059.0
长兴雉城王国新西医诊所,92330522MA2B3F5C8P,,无等级,,53074.0
长兴雉城王钟眼科诊所,92330522MA29JKPE03,,无等级,,53086.0
长兴雉城耿昌明西医诊所,92330522MA2F93YY64,,无等级,,53078.0
长兴雉城胡平西医诊所,92330522MA29JKCM35,,无等级,,53084.0
长兴雉城胡永杰口腔诊所,92330522MA2F618518,,无等级,,53098.0
长兴雉城胡鹏中医诊所,92330522MA2B3KUA43,,无等级,,53100.0
长兴雉城董桂华中医诊所,32330522MA2F8PDE3J,,无等级,,53079.0
长兴雉城蔡东平西医诊所,92330522MA2F95T01D,,无等级,,53097.0
长兴雉城蔡金峰口腔诊所,92330522MA2F69UB27,,无等级,,53077.0
长兴雉城贾伯秋口腔诊所,92330522MA2F7Y128C,,无等级,,53104.0
长兴雉城郑健蓉口腔诊所,92330522MA2F5NGH5E,,无等级,,53091.0
长兴雉城郑新斗西医诊所,92330522MA2F53HC6Q,,无等级,,53092.0
长兴雉城金伯乐中医诊所,92330522MA2F45GP65,,无等级,,53066.0
长兴雉城钱伯琴西医诊所,92330522MA2F8HPE8F,,无等级,,53065.0
长兴雉城钱欲晓中医诊所,92330522MA29JNJF99,,无等级,,53114.0
长兴雉城钱洪辉西医诊所,92330522MA28CR146Q,,无等级,,53070.0
长兴雉城陈其良西医诊所,92330522MA2B3HX89D,,无等级,,53101.0
长兴雉城陈学明西医诊所,92330522MA2F4TL84X,,无等级,,53095.0
长兴雉城陈氏诊所,91330522MA2B4RU746,,无等级,,53018.0
长兴雉城陈连明口腔诊所,92330522MA2F6QUQ1X,,无等级,,53099.0
长兴雉城雅正口腔诊所,91330522MACKALQUX4,,无等级,,53052.0
长兴靖善堂普通诊所,91330522MA2B71BQ4N,,无等级,,53004.0
闻喜淇杰口腔医院有限公司余杭古墩路口腔诊所,91330110MA2CFY1D93,,无等级,,39106.0
陆海芬口腔诊所,92330602MA2FHQJ171,,无等级,,54330.0
陆雅光中医诊所,92330482MA2EY3KK88,,无等级,,51562.0
陈东内科诊所,92330302MA2C0ADE6Y,,无等级,,48961.0
陈丽芬牙科诊所,92330302MA2CA73Q7B,,无等级,,48753.0
陈众盟内科诊所,92330302MA2872X87Q,,无等级,,49004.0
陈刚西医内科诊所,TE3306213300416060,,无等级,,53665.0
陈可庆骨科诊所,92330702MA2FMK8J5K,,无等级,,57711.0
陈均博内科诊所,92330302MA2C5GBC01,,无等级,,48871.0
陈均庚西医诊所,92330604MA2FHKUQ5E,,无等级,,53993.0
陈培青中医儿科诊所,92330402MA29FU4K1X,,无等级,,51123.0
陈天生中医妇科诊所,92410727MA41FCD88U,,无等级,,38562.0
陈建和口腔诊所,92330302MA2BYG886D,,无等级,,48842.0
陈慧口腔诊所,92330702MA2DC31U80,,无等级,,57732.0
陈成秒内科诊所,92330302MA2BYEJR69,,无等级,,48850.0
陈晓亮中医内科诊所,92330302MA2JBD8N2Q,,无等级,,48884.0
陈永明西医内科诊所,92330621MA29DX210N,,无等级,,53633.0
陈瑛诊所,92330702MA29NXUG61,,无等级,,57702.0
陈瑞根中医诊所,TE3306023300183690,,无等级,,54312.0
陈瑞金中医内科诊所,92330602MACLDA6F72,,无等级,,54314.0
陈登明医疗诊所,92330902MA2EUJX927,,无等级,,62991.0
陈继仙中医内科诊所,92330302MA2C5H8D2E,,无等级,,48819.0
陈西燕内科诊所,92330302MA286NQ41E,,无等级,,48977.0
陈观明中医内科诊所,TE3306023300189390,,无等级,,54261.0
陈霞医疗诊所,92330902MA2ETXCE2K,,无等级,,63016.0
陈飞口腔诊所,92330402MA2F208H5N,,无等级,,51094.0
陈鸣内科诊所,92330302MA298BLQ9P,,无等级,,48814.0
雅瑞口腔诊所,92330902MA2A24BCXN,,无等级,,63012.0
雷丽萍妇科诊所,92330302MA2C6W562D,,无等级,,48893.0
青田一笑口腔诊所,TE3311213300711990,,无等级,,68078.0
青田丁氏诊所,92331121MA2FXRQ620,,无等级,,68209.0
青田万康口腔诊所,92331121MA2FY5P45Q,,无等级,,68259.0
青田中山诊所,92331121MA2G02R7X6,,无等级,,68255.0
青田伢伢口腔诊所,92331121MA2HKBEA6A,,无等级,,68294.0
青田俞荣达西医诊所,92331121MA2A0E8U44,,无等级,,68284.0
青田倾心医疗美容诊所有限公司,91331121MABN541M28,,无等级,,68103.0
青田健乐诊所,92331121MA2E37Y057,,无等级,,68282.0
青田健玲口腔诊所,92331121MA2E2MW59T,,无等级,,68271.0
青田军之恋口腔诊所,91331121MADBPG6412,,无等级,,68136.0
青田刘钢雷口腔诊所,92331121MA2E3WYF6H,,无等级,,68251.0
青田华军诊所,92331121MA2E3HHC2Q,,无等级,,68263.0
青田博馨口腔诊所,91331121MA2E1MD606,,无等级,,68201.0
青田叶舒拉诊所,92331121MA2A0TBB9T,,无等级,,68276.0
青田吴丽华西医诊所,91331121MA2AOF2P8L,,无等级,,68226.0
青田吴玉华西医诊所,92331121MA28JEGJ7P,,无等级,,68174.0
青田嘉润佳医疗美容诊所有限公司,91331121MA2HKUPC40,,无等级,,68298.0
青田塔山弘健诊所,91331121MA2E30ND2E,,无等级,,68290.0
青田天德堂诊所,92331121MA2G0B531T,,无等级,,68270.0
青田小波口腔诊所,92331121MA2E3JNU3Y,,无等级,,68250.0
青田尚文口腔诊所,92331121MAD4N4M867,,无等级,,68203.0
青田康民诊所,92331121MA2E2MW323,,无等级,,68208.0
青田康齿口腔诊所,92331121MA2E0F100M,,无等级,,68289.0
青田彤暄口腔诊所,92331121MA2A1YBY6R,,无等级,,68219.0
青田徐智强诊所,92331121MA2HKP5W7K,,无等级,,68122.0
青田徐皓平西医诊所,92331121MA2G0LD218,,无等级,,68273.0
青田徐芬口腔诊所,92331121MA2G03MU9D,,无等级,,68258.0
青田德康堂诊所,92331121MA2A1ML41H,,无等级,,68260.0
青田方清口腔诊所,92331121MA2A0H4T9H,,无等级,,68216.0
青田明欣缘诊所,91331121MABPU8638E,,无等级,,68148.0
青田星悦口腔诊所,92331121MAEBYBMD4Y,,无等级,,68133.0
青田春满园养老服务有限公司油竹街道诊所,91331121MA7CT3WHXR,,无等级,,68295.0
青田春满园养老服务有限公司鹤城东路诊所,91331121MA2E08PQ7H,,无等级,,68297.0
青田普为康中西医结合诊所,TE3311213300696580,,无等级,,68118.0
青田智达口腔诊所,TE3311213300710730,,无等级,,68089.0
青田李吾新中医诊所,92331121MA2A0KUX59,,无等级,,68291.0
青田李成法口腔诊所,92331121MA2A13X70J,,无等级,,68269.0
青田李高荣中医诊所,92331121MA2FWMM5XW,,无等级,,68296.0
青田杏林诊所有限公司,91331121MA2E321D88,,无等级,,68274.0
青田杨宏洲口腔诊所,TE3311213300708250,,无等级,,68068.0
青田杨岳杰诊所,92331121MA2E349AXY,,无等级,,68256.0
青田杨民光西医诊所,92331121MA2FYQKG94,,无等级,,68287.0
青田梁晓春西医诊所,92331121MA28JEGH01,,无等级,,68202.0
青田梁自国口腔诊所,92331121MA28JGNYXQ,,无等级,,68215.0
青田汇春诊所,91331121MA2HKWF91D,,无等级,,68221.0
青田汤后福诊所,92331121MAD79X4Q4Q,,无等级,,68197.0
青田汪贤俊骨伤科诊所,92331121MACWMFU34D,,无等级,,68205.0
青田爱维口腔诊所,92331121MA28JWJN8F,,无等级,,68280.0
青田爱齿口腔诊所,92331121MA2E1Y773C,,无等级,,68217.0
青田王勇西医诊所,92331121MA2G0G7N1X,,无等级,,68288.0
青田王慧芳西医诊所,92331121MA2FY5N264,,无等级,,68281.0
青田王立眼科诊所,92331121MA2FWTPM7Q,,无等级,,68279.0
青田王足红诊所,92331121MADG8K8Y2N,,无等级,,68195.0
青田留长平口腔诊所,92331121MA2E46F15K,,无等级,,68212.0
青田益口佳口腔诊所,91331121MA2E234R98,,无等级,,68218.0
青田益民诊所,92331121MA2G0FGQ0Q,,无等级,,68262.0
青田禾乐诊所,92331121MA2AOQRO2T,,无等级,,68225.0
青田秀媛医疗美容诊所,92331121MAEE03AW95,,无等级,,68116.0
青田罗文华西医诊所,92331121MA28JJU63A,,无等级,,68266.0
青田茂洁口腔诊所,92331121MA2G0ELFXQ,,无等级,,68275.0
青田蒋友娇口腔诊所,92331121MA2G0FYM2B,,无等级,,68257.0
青田蔡海燕口腔诊所,92331121MA2A1DKJ3N,,无等级,,68224.0
青田追艺口腔诊所,92331121MABXN1LU4D,,无等级,,68199.0
青田邱大白口腔诊所,TE3311213300703060,,无等级,,68134.0
青田邱小军西医诊所,92331121MA2FWM316B,,无等级,,68292.0
青田邱林元口腔诊所,92331121MA2G0RN80J,,无等级,,68285.0
青田邵轩口腔诊所,TE3311213300713820,,无等级,,68071.0
青田邹培群口腔诊所,91331121307470867A,,无等级,,68265.0
青田金崇尧中医诊所,92331121MA2A0RBX3K,,无等级,,68223.0
青田金康云诊所,TE3311213300700160,,无等级,,68135.0
青田陈成海诊所,92331121MA2A0AF10P,,无等级,,68272.0
青田陈文珍西医诊所,92331121MA2A0E8H86,,无等级,,68210.0
青田陈春伟口腔诊所,91331121307533522Y,,无等级,,68231.0
青田陈杨毅口腔诊所,92331121MA2AO16M08,,无等级,,68264.0
青田陈爱琴中医诊所,92331121MA2G04CQ52,,无等级,,68207.0
青田陈素燕中医诊所,92331121MA2FYJ5DX4,,无等级,,68283.0
青田陈荣诊所,92331121MA2FWQLDX5,,无等级,,68214.0
青田陈超勇口腔诊所,92331121MA2E1EAW2C,,无等级,,68206.0
青田陈雷口腔诊所,92331121MA2A01U54B,,无等级,,68261.0
青田青地口腔诊所,92331121MA2E46MP6F,,无等级,,68211.0
青田青禾医疗美容诊所,91331121MABRN4NT1W,,无等级,,68200.0
青田项爱民中医诊所,92331121MA2A14GJ3L,,无等级,,68286.0
青田魏健口腔诊所,92331121MA2FXU0U1Q,,无等级,,68293.0
青田鹤东口腔诊所,92331121MA2FWAK62F,,无等级,,68277.0
青田黄小燕口腔诊所,92331121MA28JF432U,,无等级,,68227.0
青田齿贝健口腔诊所,91331121MA2E30W111,,无等级,,68222.0
青石德丽口腔诊所,91330822MA2DJ34J54,,无等级,,61070.0
静港年轻（杭州）诊所,91330105MAEP3E7G5T,,无等级,,34162.0
顾建军医疗诊所,92330902MA28KBNE87,,无等级,,62944.0
顾敏牙科诊所,92310106MA1KEPNJ3A,,无等级,,38518.0
顾达美中医外科诊所,92330482MA29GJ913G,,无等级,,51560.0
骆英针灸诊所,92330602MA2FEELD9F,,无等级,,54356.0
骆香娟针灸诊所,92330602MA2FFCED47,,无等级,,54334.0
高学虎医疗诊所,92330902MA28KUM76P,,无等级,,63009.0
高巨波牙科诊所,92330683MA2FF1CG60,,无等级,,54809.0
高文旭中医骨伤科诊所,92330302MA2BYQ242L,,无等级,,48816.0
高雪聪诊所,92330602MA2FDALA8L,,无等级,,54340.0
魏洁口腔诊所,92330402MA2BC98CX0,,无等级,,51117.0
鹿城余文鸣内科诊所,92330302MA2999AA8N,,无等级,,48901.0
鹿城倪爱兰中医诊所,91330302MA285QEH46,,无等级,,48915.0
鹿城冷通富中医内科诊所,92330302MA2BUW5P8H,,无等级,,48783.0
鹿城刘尚平中医骨伤科诊所,92330302MA2BYK0G1E,,无等级,,48728.0
鹿城刘开花内科诊所,92330302MA2CPNWW6B,,无等级,,48940.0
鹿城刘锡贵内科诊所,92330302MA2BTFH91U,,无等级,,48981.0
鹿城单丹口腔诊所,92330302MA2CARMD65,,无等级,,48767.0
鹿城单昌胜内科诊所,92330302MA29759G9X,,无等级,,48945.0
鹿城叶丹娟口腔诊所,92330302MA29A5CL5X,,无等级,,48922.0
鹿城吴友谊内科诊所,92330302MA2BTG9U5L,,无等级,,48932.0
鹿城吴建政中医内科诊所,92330302MA29AM6L39,,无等级,,48848.0
鹿城吴海亦口腔诊所,92330302MA2CTF0L2C,,无等级,,48518.0
鹿城吴立楚口腔诊所,92330302MA29AAGY0K,,无等级,,48917.0
鹿城周宏政内科诊所,92330302MA2ATHFXXP,,无等级,,48885.0
鹿城周怀海内科诊所,92330302MA294LPP11,,无等级,,48953.0
鹿城周松藩内科诊所,92330302MA2C9KYCXB,,无等级,,48967.0
鹿城夏泽民口腔诊所,92330302MA2ARPC79M,,无等级,,48926.0
鹿城尤帮虎外科诊所,92330302MA2C49Y208,,无等级,,48808.0
鹿城张培敏中医内科诊所,92330302MA2C75WL9M,,无等级,,48910.0
鹿城徐东海中医内科诊所,92330302MA2C8XBX57,,无等级,,48947.0
鹿城徐显华口腔诊所,92330302MA2CAJ024R,,无等级,,48924.0
鹿城徐海霞内科诊所,92330302MA2AT5M954,,无等级,,48971.0
鹿城戴佩霖内科诊所,92330302MA29A93Y52,,无等级,,49021.0
鹿城戴晚容内科诊所,92330302MA2C4M5Q8G,,无等级,,48975.0
鹿城曹建敏内科诊所,92330302MA2BUWUF5W,,无等级,,48978.0
鹿城朱财斌口腔诊所,92330302MA2CTL5J41,,无等级,,48811.0
鹿城李仲琦中医内科诊所,92330302MA2C3XNK8X,,无等级,,48828.0
鹿城李坚峰儿科诊所,92330302MA29ALH09E,,无等级,,49022.0
鹿城李巧中西医结合诊所,92330302MA298W579U,,无等级,,48911.0
鹿城李建忠中医骨伤科诊所,92330302MA2CAL2Y4G,,无等级,,48810.0
鹿城杨玲利内科诊所,92330302MA2C9KWW0N,,无等级,,48986.0
鹿城林存明口腔诊所,92330302MA2946DK35,,无等级,,48923.0
鹿城林学真中西医结合诊所,92330302MA298E14XT,,无等级,,48983.0
鹿城林宁宁口腔诊所,92330302MA2CBDJ24K,,无等级,,48904.0
鹿城林定富外科诊所,92330302MA2ARLQE4U,,无等级,,48897.0
鹿城林建丰内科诊所,92330302MA7ET9CJ7N,,无等级,,49018.0
鹿城林欢口腔诊所,92330302MA2C7NP95C,,无等级,,48916.0
鹿城林海燕口腔诊所,92330302MA29744N1P,,无等级,,48912.0
鹿城林秀珍妇科诊所,92330302MA286FRP8T,,无等级,,48742.0
鹿城柳建雄中医内科诊所,92330302MA2C018PX2,,无等级,,48852.0
鹿城池建胜外科诊所,92330302MA2CN4U25X,,无等级,,48990.0
鹿城汤小萍妇科诊所,92330302MA2AWLW72C,,无等级,,48846.0
鹿城沈朝光外科诊所,92330302MA2CPYNT4T,,无等级,,48958.0
鹿城洪丹口腔诊所,92330302MA2C1LUY3M,,无等级,,48908.0
鹿城温星辉中医内科诊所,92330302MA2C6XUX5J,,无等级,,48877.0
鹿城滕宏武口腔诊所,92330302MA29404815,,无等级,,48925.0
鹿城潘相盈口腔诊所,92330302MA2C8CL36P,,无等级,,48909.0
鹿城潘翠玉妇科诊所,92330302MA297GYJ21,,无等级,,48824.0
鹿城王家凤内科诊所,92330302MA2C6DA54J,,无等级,,48879.0
鹿城王文莲口腔诊所,92330302MA2C7L9H3G,,无等级,,48645.0
鹿城王昊口腔诊所,92330302MA2C5RCJ4A,,无等级,,48379.0
鹿城王策内科诊所,92330302MA287P6D99,,无等级,,48822.0
鹿城翁惠琼口腔诊所,92330302MA2ATRTY4K,,无等级,,48752.0
鹿城胡彩珍妇科诊所,92330302MA2C6A6P4Q,,无等级,,48696.0
鹿城舒成权内科诊所,92330302MA2C97XW1Q,,无等级,,49008.0
鹿城董光口腔诊所,92330302MA2C1CDK6A,,无等级,,48899.0
鹿城蔡一桦内科诊所,92330302MA2ARHK19U,,无等级,,48830.0
鹿城蔡鲁民内科诊所,92330302MA2C3Y7D14,,无等级,,48902.0
鹿城虞冬华中西医结合诊所,92330302MA2BT98N2X,,无等级,,48821.0
鹿城谢建亮口腔诊所,92330302MA2C170J1U,,无等级,,48930.0
鹿城谢志明口腔诊所,92330302MA297L2FXF,,无等级,,48875.0
鹿城贾立富内科诊所,92330302MA2BXUL49E,,无等级,,48984.0
鹿城邵奇文口腔诊所,92330302MA2CA34F2B,,无等级,,48544.0
鹿城邹胜拓内科诊所,92330302MA7EFGLU7T,,无等级,,49017.0
鹿城郑利达口腔诊所,92330302MA2CQUCE6X,,无等级,,48770.0
鹿城郑晓内科诊所,92330302MA2973W25G,,无等级,,48859.0
鹿城郑经标口腔诊所,92330302MA2CR7L52W,,无等级,,48928.0
鹿城郭文华内科诊所,92330302MA2CAGNQ9E,,无等级,,48809.0
鹿城金伟内科诊所,92330302MA2L6PJNXU,,无等级,,48838.0
鹿城金晓碧内科诊所,92330302MA2C8H6Q2M,,无等级,,49009.0
鹿城陈冬红内科诊所,92330302MA2CT88E7G,,无等级,,48883.0
鹿城陈冲内科诊所,92330302MA296JNBXN,,无等级,,48869.0
鹿城陈展达内科诊所,92330302MA29APAL7T,,无等级,,49023.0
鹿城陈希广内科诊所,92330302MA2CB91B29,,无等级,,49002.0
鹿城陈晓口腔诊所,92330302MA2BXUUM35,,无等级,,48929.0
鹿城陈晓霞内科诊所,92330302MA2CQC3M5J,,无等级,,48959.0
鹿城陈绕宇内科诊所,92330302MA2CB9B9XK,,无等级,,48867.0
鹿城陈龙口腔诊所,92330302MA2C7B51XQ,,无等级,,48781.0
鹿城魏景敏口腔诊所,92330302MA2C9PW45A,,无等级,,48784.0
鹿城麻小洁妇科诊所,92330302MA2C002G57,,无等级,,48951.0
鹿城黄临芬妇科诊所,92330302MA2CAN0X92,,无等级,,48888.0
鹿城黄信明内科诊所,92330302MA2CRE9T1K,,无等级,,49011.0
鹿城黄定清内科诊所,92330302MA29AWAJX1,,无等级,,49012.0
鹿城黄晓义内科诊所,92330302MA2CB1J21K,,无等级,,48790.0
鹿城黄温霞口腔诊所,92330302MA2C3N2Y1F,,无等级,,48803.0
鹿城黄素珍中医诊所,92330302MA2ATHF85P,,无等级,,48870.0
鹿城黄闽口腔诊所,92330302MA299W2LXX,,无等级,,48843.0
麻建亮内科诊所,92330302MA2971M18J,,无等级,,48987.0
黄孙长口腔诊所,92330411MA2B99XB4J,,无等级,,51330.0
黄小荣胃肠专科诊所,92330401MA2EY8JQ45,,无等级,,51300.0
黄岩一彬医疗美容诊所,92331003MA7DC9J10X,,无等级,,64420.0
黄岩东浦中西医结合诊所,92331003MA2DW4NW6U,,无等级,,64422.0
黄岩东睿诊所有限公司山后洋内科诊所,91331003MAENPRFY7Y,,无等级,,64184.0
黄岩亚新诊所有限公司东官河路内科诊所,91331003MADE5D2F16,,无等级,,64398.0
黄岩任文荣口腔诊所,91331003MA2DQ7KX3B,,无等级,,64435.0
黄岩伍慧国诊所,92331003MAE50G3H9H,,无等级,,64384.0
黄岩众康诊所有限公司新城路诊所,91331003MAE8CM7C8U,,无等级,,64377.0
黄岩余剑中医（综合）诊所,92331003MAE46EF02U,,无等级,,64385.0
黄岩余正胜中医诊所,92331003MA2HH7DJ69,,无等级,,64415.0
黄岩倍肤谜医疗美容有限公司黄石大道医疗美容诊所,91331003MAD5E8CW1N,,无等级,,64405.0
黄岩兴旺口腔诊所,91331003MA2DWDYE3M,,无等级,,64462.0
黄岩兵尔琪诊所有限公司二环南路内科诊所,91331003MAELCBU83G,,无等级,,64224.0
黄岩区上垟乡西洋村卫生室,12331003766417280A,无级别,无级别,未定级,64202.0
黄岩区南城街道十里铺村卫生室,12331003777244821X,无级别,无级别,未定级,64174.0
黄岩区茅畲乡茅畲洋村卫生室,12331003766417301T,无级别,无级别,未定级,64171.0
黄岩华针中医诊所有限公司二环西路中医(综合)诊所,91331003MADPDDML1C,,无等级,,64215.0
黄岩博信诊所有限公司新江路内科诊所,91331003MADQJGDT14,,无等级,,64369.0
黄岩叶佐荣中医诊所,92331003MA2HJ12N32,,无等级,,64407.0
黄岩叶秀口腔诊所,91331003MADABNC921,,无等级,,64409.0
黄岩合利诊所有限公司康庄路内科诊所,91331003MACT5H9T35,,无等级,,64226.0
黄岩周庆飞口腔诊所,92331003MACB5TD67T,,无等级,,64402.0
黄岩周文美口腔诊所,92331003MA2HHYN679,,无等级,,64429.0
黄岩夏允先诊所,92331003MAE5U1GA7J,,无等级,,64374.0
黄岩大路口腔诊所,91331003MA2DTTAY1W,,无等级,,64434.0
黄岩妙心口腔诊所,91331003MA2DW6CXXW,,无等级,,64418.0
黄岩安君口腔诊所,92331003MA2DUFJB8H,,无等级,,64444.0
黄岩宛平诊所有限公司世纪大道精神卫生诊所,91331003MADK82GC8W,,无等级,,64390.0
黄岩封景口腔诊所,91331003MA2DW6X03Y,,无等级,,64394.0
黄岩小建口腔诊所,92331003MA2DWQ7J83,,无等级,,64440.0
黄岩小袁诊所,91331003MA2DW3PH3Q,,无等级,,64449.0
黄岩庆丰诊所,91331003MA2HGJYU71,,无等级,,64189.0
黄岩康之乐诊所有限公司金牛路诊所,91331003MAE5YQ1A1B,,无等级,,64360.0
黄岩康安诊所,92331003MA2DUYHN5A,,无等级,,64412.0
黄岩康新诊所有限公司上辇中西医结合诊所,91331003MADGWPEH6B,,无等级,,64242.0
黄岩康齿口腔诊所,91331003MA29Y6CY5Q,,无等级,,64410.0
黄岩张君仙口腔诊所,91331003MA2DTMMW28,,无等级,,64441.0
黄岩张国定中医诊所,91331003MA2DW3CB1X,,无等级,,64431.0
黄岩张国永中医诊所,92331003MA2DW32910,,无等级,,64393.0
黄岩张定尧诊所,92331003MADMTMYK9D,,无等级,,64397.0
黄岩张忠诊所有限公司西街内科诊所,91331003MAED64E90B,,无等级,,64367.0
黄岩张章国诊所,92331003MACTUM519B,,无等级,,64416.0
黄岩惠惠中医诊所有限公司埭水中医（综合）诊所,92331003MADCEPG59R,,无等级,,64379.0
黄岩敏志中医诊所,91331003MA2DW3R31F,,无等级,,64438.0
黄岩星源医疗美容有限公司金带路医疗美容诊所,91331003MAC8CDKB4C,,无等级,,64388.0
黄岩杨丹医疗美容有限公司引泉路医疗美容诊所,91331003MADNX86NX5,,无等级,,64386.0
黄岩林景后诊所,92331003MAE7TQ4971,,无等级,,64382.0
黄岩林舜耕中医诊所,91331003MA2DW6UD0P,,无等级,,64450.0
黄岩柯一平中医诊所,92331003MA2DTPKL8J,,无等级,,64432.0
黄岩正荣中西医结合诊所,91331003MA2DW9BW3B,,无等级,,64468.0
黄岩武正中医诊所,91331003MA28G83H5P,,无等级,,64403.0
黄岩江氏口腔诊所,92331003MACGW76F85,,无等级,,64427.0
黄岩池海永口腔诊所,92331003MA2K7GX78P,,无等级,,64430.0
黄岩汪微蓉中医诊所,91331003MA2DWBNK7B,,无等级,,64383.0
黄岩浩健口腔诊所,91331003MA2DWJ0K2H,,无等级,,64400.0
黄岩海一洋口腔诊所有限公司二环西路口腔诊所,91331003MADPLHF345,,无等级,,64353.0
黄岩潘良斌诊所,91331003MA2DW2L736,,无等级,,64446.0
黄岩爱齿口腔诊所,91331003MA2DU8YUXP,,无等级,,64411.0
黄岩王昌口腔诊所,91331003MA2DW5Q492,,无等级,,64465.0
黄岩玲芬口腔诊所,91331003MA2DW9E43K,,无等级,,64461.0
黄岩玲飞口腔诊所,91331003MA2DWAT178,,无等级,,64188.0
黄岩福城诊所有限公司劳动南路内科诊所,91331003MADBAPW58C,,无等级,,64399.0
黄岩福泽诊所有限公司横街东路内科诊所,91331003MADDQR8J4U,,无等级,,64396.0
黄岩立得口腔诊所,91331003MA2AM3GQ27,,无等级,,64454.0
黄岩章裕朝中医诊所,91331003MA2DX16W53,,无等级,,64381.0
黄岩罗岩照口腔诊所,92331003MADGYMKQ0A,,无等级,,64395.0
黄岩美馨口腔诊所,91331003MA2DW73X5N,,无等级,,64406.0
黄岩肖敏决口腔诊所,91331003MA2APW9G18,,无等级,,64459.0
黄岩胡妙霞口腔诊所,91331003MA2MAYY63H,,无等级,,64436.0
黄岩臻美诊所有限公司东兴路口腔诊所,91331003MAEQXXWT75,,无等级,,64213.0
黄岩艺安医疗美容有限公司紫云路医疗美容诊所,91331003MAE6GL969N,,无等级,,64221.0
黄岩蔡氏全科诊所,92331003MAC3YART3G,,无等级,,64472.0
黄岩邱大成诊所,91331003MA2DX6DJ7T,,无等级,,64471.0
黄岩金娥中医诊所,91331003MA2DW6CK32,,无等级,,64451.0
黄岩阿军中西医结合诊所,91331003MA2DWHWN5M,,无等级,,64466.0
黄岩陈子通内科诊所,91331003MA2DX28M9T,,无等级,,64470.0
黄岩顺咏口腔诊所,92331003MA2DW4EC5T,,无等级,,64413.0
黄治安中医诊所,92330683MA2FGDEP0E,,无等级,,54791.0
黄治方中医外科诊所,92330302MA2BRT5H8D,,无等级,,48825.0
黄熊娟牙科诊所,92330602MA2FF3UY3E,,无等级,,54339.0
黄秋霞中医内科诊所,92330302MA2C13W5X7,,无等级,,48992.0
黄隆海口腔诊所,92330602MA29E48Y5Q,,无等级,,54324.0
齿健口腔诊所,91330411MACRPQPW1N,,无等级,,51291.0
龙泉上垟毛振锡中医诊所,TE3311813300151640,,无等级,,67996.0
龙泉为民中医（综合）诊所,91331181572940006C,,无等级,,67950.0
龙泉余皎月诊所,TE3311813300158890,,无等级,,68001.0
龙泉佳吉口腔诊所,91331181094729141T,,无等级,,68034.0
龙泉佳和周伟口腔诊所,92331181MA2FYKKG27,,无等级,,68032.0
龙泉冯少敏中医诊所,TE3311813300156130,,无等级,,68005.0
龙泉南秦口腔诊所,92331181MA2A1ECN8N,,无等级,,68033.0
龙泉厚生诊所,92331181MA2E34N58F,,无等级,,67930.0
龙泉叶显琴西医诊所,TE3311813300165380,,无等级,,68016.0
龙泉叶素香西医诊所,TE3311813300413750,,无等级,,67851.0
龙泉吴钧初中医诊所,TE3311813300156280,,无等级,,67997.0
龙泉周光驹中医诊所,TE3311813300391170,,无等级,,67890.0
龙泉周建招西医诊所,TE3311813300154880,,无等级,,68025.0
龙泉品尚口腔诊所有限公司,91331181MA7EJ4AB0Y,,无等级,,68035.0
龙泉大沙口腔诊所有限公司,91331181MA2E0UXEXK,,无等级,,68026.0
龙泉大转盘宝芝林诊所,92331181MA28JDX15F,,无等级,,68006.0
龙泉妇康诊所,92331181MA2E471B03,,无等级,,67838.0
龙泉安仁刘坊口腔诊所,TE3311813300445090,,无等级,,68028.0
龙泉宝圣堂诊所,92331181MA2E4NCR5U,,无等级,,68008.0
龙泉市崇人堂中医综合诊所有限公司,91331181MA2E34N66D,,无等级,,67926.0
龙泉市星悦诊所有限公司,91331181MAC444J815,,无等级,,67937.0
龙泉廖建忠西医诊所,TE3311813300457310,,无等级,,67933.0
龙泉建云西医诊所,TE3311813300151940,,无等级,,68002.0
龙泉张俊诊所,TE3311813300525810,,无等级,,67891.0
龙泉张志锋中西医结合诊所,TE3311813300169700,,无等级,,68011.0
龙泉徐昀诊所,92331181MA2A0BDH14,,无等级,,67992.0
龙泉慧敏诊所,92331181MA2E3RKJ6D,,无等级,,67959.0
龙泉新华口腔诊所,TE3311813300458110,,无等级,,67970.0
龙泉旭山诊所（个体工商户）,92331181MAEKLQ4M1F,,无等级,,67925.0
龙泉普仁西医诊所,92331181MADFEEWY0N,,无等级,,67947.0
龙泉柳佳奶西医诊所,TE3311813300418900,,无等级,,68023.0
龙泉榕丽医疗美容诊所有限公司,91331181MACQLPYM1F,,无等级,,68022.0
龙泉毛燕文中医诊所,TE3311813300163540,,无等级,,68007.0
龙泉民通诊所有限公司,91331181MADHN7FQ96,,无等级,,67974.0
龙泉水南口腔诊所有限公司,92331181MA7E4QX99M,,无等级,,67998.0
龙泉泓逸医疗美容诊所有限公司,91331181MACXD4EK36,,无等级,,68015.0
龙泉清风口腔诊所,92331181MA2G086T2J,,无等级,,68031.0
龙泉牙之友口腔诊所,92331181MA2G0C649E,,无等级,,68000.0
龙泉王少琴诊所,92331181MA2HLFPK42,,无等级,,68013.0
龙泉皓德口腔诊所,92331181MAETKP7L2M,,无等级,,67842.0
龙泉练伟平诊所,TE3311813300151330,,无等级,,68018.0
龙泉美伢口腔诊所有限公司,91331181MA7FWHH965,,无等级,,68029.0
龙泉艾伢口腔诊所,92331181MA2E3LR760,,无等级,,68003.0
龙泉艾美口腔诊所,99331181MA2E4RP67J,,无等级,,68037.0
龙泉萌伢口腔诊所有限公司,91331181MAE0ME2704,,无等级,,67956.0
龙泉谢仁福诊所,92331181MA2A1HH69B,,无等级,,67946.0
龙泉谢光琦中医诊所,TE3311813300160740,,无等级,,68030.0
龙泉谢徐敏中西医结合诊所,92331181MA28JAK14X,,无等级,,68012.0
龙泉贝佳口腔有限公司,92331181MA2FX5EG8G,,无等级,,67848.0
龙泉连立雄中医综合诊所,92331181MA2HL8AY41,,无等级,,68027.0
龙泉金乐口腔诊所,TE3311813300431600,,无等级,,68014.0
龙泉陈岩新西医诊所,92331181MA2E16TE42,,无等级,,68010.0
龙泉陈新武中医（综合）诊所,TE3311813300163640,,无等级,,68024.0
龙泉韩伟良口腔诊所,92331181ma2a06c96h,,无等级,,67999.0
龙泉韩卫敏口腔诊所,92331181MA2E4M849L,,无等级,,68036.0
龙泉龙凹堂中医诊所（个体工商户）,92331181MAD2TEJD6A,,无等级,,68004.0
龙港三垟口腔诊所,91330383MAEQB7LX9M,,无等级,,45887.0
龙港上官光底西医内科诊所,92330327MA2CN1AM3C,,无等级,,46012.0
龙港余建华全科诊所,92339327MA2CTH4W34,,无等级,,45932.0
龙港倪小华西医妇科诊所,91330327MA29743P1D,,无等级,,46046.0
龙港傅万军西医内科诊所,92330327MA2CN1YW8L,,无等级,,46038.0
龙港刘化对中医外科诊所,92330327MA2CRON21N,,无等级,,46049.0
龙港刘文斌西医内科诊所,92330327MA2AUT0614,,无等级,,46076.0
龙港刘沈多西医外科诊所,92330383MAD1MAGY9E,,无等级,,46018.0
龙港医星颜医疗美容诊所,91330383MADKRPA24E,,无等级,,45882.0
龙港卢成朗西医内科诊所,92330327MA2CN7KN1M,,无等级,,45990.0
龙港卢盛粟西医儿科诊所,92330327MA2CN61MXX,,无等级,,46030.0
龙港叶永准西医外科诊所,92330327MA2CPF0J4G,,无等级,,46036.0
龙港吕作利西医内科诊所,92339383MADA1BU65B,,无等级,,45958.0
龙港吕明甸西医内科诊所,92330327MA29AW9G9J,,无等级,,46064.0
龙港吴春威西医内科诊所,92330327MA29AU865Y,,无等级,,46006.0
龙港吴陈秀口腔诊所,92330383MA2JBRE78Y,,无等级,,45906.0
龙港周跃快中医内科诊所,92330327MA298T3F3Y,,无等级,,46024.0
龙港夏孟森中医诊所,92330327MA2CTLBX7Y,,无等级,,46022.0
龙港夏蒙准西医内科诊所,92330327MA2CNAQ690,,无等级,,45977.0
龙港妙斯医疗美容诊所,91330383MAERT7BJXU,,无等级,,45808.0
龙港孔祥泽西医内科诊所,92330327MA29AU3K89,,无等级,,46080.0
龙港孙早令西医内科诊所,92330327MA2CN19L98,,无等级,,46004.0
龙港孙邦佐中医内科诊所,92330327MA2AQK5M8U,,无等级,,46032.0
龙港尤育晓口腔诊所,92330327MA2ATQ9H5Q,,无等级,,46048.0
龙港庄明哲西医外科诊所,92330383MAD9UQ3028,,无等级,,46015.0
龙港应也鹏西医外科诊所,92330327MA2971L54U,,无等级,,45985.0
龙港应仲赞西医外科诊所,92330327MA298LEN7M,,无等级,,45755.0
龙港康钟口腔诊所,91330383MAE2TW763L,,无等级,,45954.0
龙港张招南中医诊所,92330383MAEUU8B643,,无等级,,45886.0
龙港徐登高口腔诊所,92330383MADKWRHN3A,,无等级,,45975.0
龙港徐良委中医骨伤科诊所,92330327MA298KHK9J,,无等级,,45991.0
龙港方学允中医诊所,92330383MA7CFQUR59,,无等级,,45971.0
龙港易勇顺口腔诊所,91330383MADM6LE85T,,无等级,,45961.0
龙港朱坤叠西医内科诊所,92330383MA2CN5A12H,,无等级,,45912.0
龙港李传中西医外科诊所,92330327MA29720101,,无等级,,46003.0
龙港李传霜中医内科诊所,92330327MA2CTJQB7P,,无等级,,46011.0
龙港李娜眼耳鼻喉科诊所,92330327MA29857R12,,无等级,,46066.0
龙港李方钿中医外科诊所,92330327MA2C9NEP7L,,无等级,,46078.0
龙港李来德西医皮肤科诊所,92330327MA298TY24X,,无等级,,45909.0
龙港李绍旦西医内科诊所,92330327MA2CN45U52,,无等级,,46029.0
龙港李近春口腔诊所,92330327MA2CQ8G66A,,无等级,,46052.0
龙港李郑茹西医妇科诊所,92330327MA2996NQ3B,,无等级,,46084.0
龙港杨乃丰中医诊所,92330327MA2CTGG135,,无等级,,45874.0
龙港杨华中医骨伤科诊所,92330327MA2CTK258Y,,无等级,,46068.0
龙港杨娥娇口腔诊所,92330383MACQUULU7A,,无等级,,46013.0
龙港杨寿泽中医诊所,92330327MA2CQ2YQ87,,无等级,,46060.0
龙港杨小青西医妇科诊所,92330327MA2CN33W6K,,无等级,,46035.0
龙港杨平帘西医内科诊所,92330327MA2CQTR47G,,无等级,,46058.0
龙港杨永胜西医皮肤科诊所,92330327MA2AUMQK2Q,,无等级,,45984.0
龙港杨秀莲西医妇科诊所,92330327MA2AW4F436,,无等级,,46005.0
龙港杨邦胜西医外科诊所,92330327MA29AUB487,,无等级,,46028.0
龙港杨锡钦中医内科诊所,92330327MA2CN2N68P,,无等级,,45992.0
龙港林代慧中医骨伤科诊所,92330327MA2AUMH950,,无等级,,46077.0
龙港林增表西医内科诊所,92330327MA2CTHJK01,,无等级,,45982.0
龙港林寿在西医外科诊所,92330383MA2L2Y4U42,,无等级,,45757.0
龙港林振省西医儿科诊所,92330327MA29AXA581,,无等级,,46062.0
龙港林日锐西医外科诊所,92330327MA2CNBXX75,,无等级,,46007.0
龙港林昌炮全科诊所,92330383MAE477636C,,无等级,,45937.0
龙港林海燕西医妇科诊所,92330327MA2CT8G895,,无等级,,46034.0
龙港林盛敏口腔诊所,92330327MA2AQ74L8E,,无等级,,46054.0
龙港森澜医疗美容诊所,91330383MAECH56T5P,,无等级,,45902.0
龙港汤升科中医诊所,92330327MA2AUMBM34,,无等级,,46072.0
龙港沈德对口腔诊所,91330383MADY9KFF3Q,,无等级,,45947.0
龙港潘凌口腔诊所,92330383MA2L3TLM91,,无等级,,46043.0
龙港潘孝听西医内科诊所,92330327MA2CTEBH77,,无等级,,46037.0
龙港爱德普通诊所,91330383MAE0JFFK6P,,无等级,,45959.0
龙港王作游西医内科诊所,92330327MA2CN0YDXY,,无等级,,46051.0
龙港王作跑西医内科诊所,92330327MA2CN1C49Q,,无等级,,46031.0
龙港王文羽中医内科诊所,92330327MA2AUM53X0,,无等级,,46010.0
龙港王木圣西医儿科诊所,92330327MA29AU0X59,,无等级,,46044.0
龙港王满玲西医妇科诊所,92330327MA2CNTR16T,,无等级,,46025.0
龙港科智妍医疗美容诊所,91330383MAD8H49GX1,,无等级,,45981.0
龙港章圣配口腔诊所,92330327MA2AQW2E6E,,无等级,,46053.0
龙港缪克芝口腔诊所,92330383MA2L54UGX2,,无等级,,46039.0
龙港肖笑萍中医诊所,92330327MA2877JN4T,,无等级,,46063.0
龙港舒美口腔诊所,91330383MAER19WT8G,,无等级,,45875.0
龙港董大垒西医儿科诊所,92330327MA2CN0GRXU,,无等级,,45994.0
龙港董锋口腔诊所,91330383MADH001X24,,无等级,,45881.0
龙港蔡正利西医儿科诊所,92330327MA2CN24T5W,,无等级,,46047.0
龙港蔡进波中医诊所,92330327MA2H957T0C,,无等级,,46065.0
龙港褚正敏口腔诊所,92330383MA2JAEM6XF,,无等级,,46050.0
龙港豆蔻医疗美容诊所,91330383MAEHF8WG6G,,无等级,,45908.0
龙港赵小采西医妇科诊所,92330327MA299M8Y7T,,无等级,,45962.0
龙港邢现钢西医内科诊所,92330383MAEKJA7U1W,,无等级,,45915.0
龙港郑增铁西医外科诊所,92330327MA2CRFWX37,,无等级,,46042.0
龙港郑思春西医内科诊所,92330327MA2CN93A20,,无等级,,46067.0
龙港郭必乐西医儿科诊所,92330327MA2CQXNF21,,无等级,,46056.0
龙港郭必奉中医诊所,92330383MA2L39PMX5,,无等级,,45973.0
龙港郭必想西医外科诊所,92330327MA2CN8G43F,,无等级,,45993.0
龙港金帮许西医外科诊所,92330327MA2CNKKP3K,,无等级,,46071.0
龙港金香蕊西医妇科诊所,92330327MA287RHX8T,,无等级,,46057.0
龙港钱招强西医内科诊所,92330327MA29AUGR89,,无等级,,46086.0
龙港钱文福西医内科诊所,92330327MA2CN3G239,,无等级,,46059.0
龙港钱雪琴西医妇科诊所,92330327MA2983E856,,无等级,,46000.0
龙港陈体焕西医儿科诊所,92330327MA2CNP4K4A,,无等级,,46081.0
龙港陈加准全科诊所,92330327MA298WH408,,无等级,,46002.0
龙港陈吉上西医外科诊所,92330327MA2CTE1D0L,,无等级,,46033.0
龙港陈周文西医妇科诊所,92339383MAEKYQ8X8C,,无等级,,45911.0
龙港陈培瑞西医儿科诊所,92330327MA2BXXM35C,,无等级,,45996.0
龙港陈家川西医内科诊所,92330327MA2HA1UP9H,,无等级,,46083.0
龙港陈小嘉医疗美容诊所,91330383MAE72DA76N,,无等级,,45914.0
龙港陈庆存中医骨伤科诊所,92330327MA2AUMFM9D,,无等级,,46085.0
龙港陈慧芳西医妇科诊所,92330327MA2C9CXJ9J,,无等级,,46079.0
龙港陈春萍西医妇科诊所,92330327MA29AU5586,,无等级,,46082.0
龙港陈杨蕊西医妇科诊所,92330327MA2CPYF306,,无等级,,45995.0
龙港陈欧胜西医内科诊所,92330327MA2CTG804R,,无等级,,45889.0
龙港陈民恕西医内科诊所,92330327MA2CN25Q7N,,无等级,,46001.0
龙港陈玉娟西医妇科诊所,92330327MA2CTDYF4G,,无等级,,45989.0
龙港陈相科西医内科诊所,92330327MA2AU9GP4Y,,无等级,,46073.0
龙港陈祥沙中医诊所,92330383MA2HBMAF2E,,无等级,,46075.0
龙港陈福干西医内科诊所,92330327MA2CNAF69W,,无等级,,45998.0
龙港陈红影西医儿科诊所,92330327MA2CNQ2E54,,无等级,,46045.0
龙港陈连波西医内科诊所,92330327MA2CN4CH39,,无等级,,45910.0
龙港陈通来中医针灸诊所,92330327MA2ATTPN4Q,,无等级,,45999.0
龙港颜贻站西医外科诊所,92330383MABY6CPM20,,无等级,,46014.0
龙港饶一鸣西医妇科诊所,92330327MA29ATXN00,,无等级,,46069.0
龙港黄伟品西医内科诊所,92330327MA2CNU594J,,无等级,,46019.0
龙港黄国英西医内科诊所,92330327MA2CN94FXE,,无等级,,46021.0
龙港黄圣台中西医结合诊所,92330327MA298P1R8P,,无等级,,46061.0
龙港黄宝玲中西医结合诊所,92330327MA2CQRUP2Q,,无等级,,46055.0
龙港黄开袍西医内科诊所,92330327MA298CTJ5M,,无等级,,46041.0
龙港黄景生中医诊所,91330327MA2966HM61,,无等级,,46026.0
龙港黄松青西医内科诊所,92330327MA2CN0BJ2L,,无等级,,46009.0
龙港黄爱萍西医妇科诊所,92330327MA2CN76N2Y,,无等级,,45997.0
龙港黄益立西医内科诊所,92330327MA2CTW154X,,无等级,,46020.0
龙港黄素静西医妇科诊所,92330327MA2CN16P2L,,无等级,,46070.0
龙港黄通田西医内科诊所,92330327MA2CNAUR6B,,无等级,,46040.0
龙港黄金娣中医妇科诊所,92330327MA2CNF1H3A,,无等级,,46008.0
龙港黄雪林西医妇科诊所,92330327MA2CN14H49,,无等级,,46074.0
龙游丁吉余健康管理有限公司老宇诊所,91330825MABMJJ7660,,无等级,,61931.0
龙游亿河诊所,91330825MACRF7602H,,无等级,,61929.0
龙游傅旭基诊所,91330825MADJH15T2Y,,无等级,,61863.0
龙游傅燕口腔诊所,92330825MA2DGL9X4C,,无等级,,61942.0
龙游刘志玲西医诊所,92330825MA2DHD0R11,,无等级,,61912.0
龙游刘绮语诊所,92330825MA2DJTLB9J,,无等级,,61913.0
龙游利民诊所,92330825MA2FTE2J90,,无等级,,61944.0
龙游县中医医院驻龙游县看守所卫生所,1233082547203038XC,无级别,无级别,二级,61657.0
龙游县沐尘乡卫生院梧村分院,12330825472030304N,未定级,未定级,一级,61638.0
龙游叶美琴诊所,92330825MA2FR0BQ4W,,无等级,,61868.0
龙游叶金中中医诊所,92330825MA2DHD0K44,,无等级,,61890.0
龙游合谐诊所,91330825MAEBBEX6XR,,无等级,,61862.0
龙游同心诊所,92330825MA29TQP66A,,无等级,,61941.0
龙游吴敏诊所,91330825MACT2P7U4T,,无等级,,61935.0
龙游吴树荣中医诊所,92330825MA2DHD6760,,无等级,,61921.0
龙游周鹏飞口腔诊所,92330825MACW602K7A,,无等级,,61896.0
龙游塔石洪发林中医诊所,92330825MA2DHEKBOI,,无等级,,61887.0
龙游妙春诊所,91330825MAD7A247XX,,无等级,,61650.0
龙游姚俊口腔诊所,92330825MA2FT2FK7X,,无等级,,61897.0
龙游姜林根中医诊所,92330825MA2DH5J77D,,无等级,,61898.0
龙游小平诊所,92330825MA29UNK61D,,无等级,,61922.0
龙游庄五一中医眼科诊所,92330825MA2DHD7Y34,,无等级,,61914.0
龙游张景岳中医诊所,92330825MA2FRHCUXX,,无等级,,61939.0
龙游张源泉中医诊所,92330825MA2FRBK09G,,无等级,,61910.0
龙游张炳炎诊所,92330825MA2DHEH44C,,无等级,,61932.0
龙游彭俊杰口腔诊所,92330825MA7LMAPR6D,,无等级,,61901.0
龙游徐叶柏诊所,92330825MA2DHD1QXC,,无等级,,61904.0
龙游徐国华诊所,91330825MA2DHC7Y0N,,无等级,,61930.0
龙游徐庆军诊所,91330825MACPLXWH96,,无等级,,61925.0
龙游徐应峰口腔诊所,92330825MA2DGC5E9U,,无等级,,61927.0
龙游徐志军口腔诊所,92330825MA28F9AY65,,无等级,,61934.0
龙游徐林森中医诊所,92330825MA29U13JXX,,无等级,,61895.0
龙游德圆升中医诊所,91330825MAEMP45J78,,无等级,,61718.0
龙游恒美健康管理有限公司万明医疗美容诊所,91330825MABN40NJ16,,无等级,,61905.0
龙游戴根元中医诊所,92330825MA2DGP1UX0,,无等级,,61920.0
龙游曾小旅口腔诊所,92330825MA29T21D5J,,无等级,,61937.0
龙游李涛口腔诊所,92330825MABPC86F85,,无等级,,61943.0
龙游李瑜诊所,92330825MA29T5AX4Q,,无等级,,61924.0
龙游杏林诊所,92330825MA2DHRJU5C,,无等级,,61902.0
龙游杨文龙口腔诊所,92330825MA2FT71LXP,,无等级,,61860.0
龙游林王昇中医诊所,92330825MA2DLKK41R,,无等级,,61867.0
龙游楼琪庆口腔诊所,92330825MA28FD4L29,,无等级,,61911.0
龙游毛一飞诊所,92330825MA29TWJQ8K,,无等级,,61886.0
龙游毛荷英口腔诊所,92330825MA28FQDY13,,无等级,,61876.0
龙游永真科技有限公司永真堂诊所,91330825MA29UXFP21,,无等级,,61878.0
龙游江涛中医诊所,92330825MA2DHD1G83,,无等级,,61903.0
龙游汪明耀口腔诊所,92330825MA28FHL42G,,无等级,,61928.0
龙游沁人堂健康管理有限公司雨霞中医综合诊所,91330825MABUXNN38R,,无等级,,61881.0
龙游沈小林口腔诊所,92330825MA2FUQRL2Y,,无等级,,61872.0
龙游浙美医疗美容诊所,91330825MAEK5D6J7E,,无等级,,61843.0
龙游湖镇王晓振诊所,92330825MA29TG7G60,,无等级,,61882.0
龙游湖镇郑旭明口腔诊所,92330825MA29TN5Q42,,无等级,,61917.0
龙游湖镇金达春西医诊所,92330825MA29T71538,,无等级,,61915.0
龙游潘晓军中医诊所,92330825MA2FUUAH2C,,无等级,,61900.0
龙游潘正义中医诊所,92330825MA2FRXEK4A,,无等级,,61916.0
龙游烨辉口腔诊所,92330825MA29T2A146,,无等级,,61873.0
龙游爱博口腔诊所,91330825MA2DK2G84N,,无等级,,61909.0
龙游牙贝美口腔诊所,91330825MAD5D24T46,,无等级,,61871.0
龙游王峰口腔诊所,92330825MA29ULC226,,无等级,,61940.0
龙游珑妍范丝医疗美容诊所,91330825MACRUW0F73,,无等级,,61893.0
龙游祝淑凤诊所,92330825MAC482LB52,,无等级,,61908.0
龙游程氏中医诊所,92330825MA2FUEFF4Y,,无等级,,61926.0
龙游翁礼芳诊所,92330825MA2DHBYE61,,无等级,,61658.0
龙游胡亮诊所,92330825MA2FURL72C,,无等级,,61936.0
龙游胡萍口腔诊所,92330825MA2DGFUR24,,无等级,,61923.0
龙游良春诊所,91330825MAC90GK322,,无等级,,61649.0
龙游裴宇红口腔诊所,92330825MA2FW99T88,,无等级,,61919.0
龙游邱晓映诊所,92330825MAENR6LHXX,,无等级,,61838.0
龙游郑伟香口腔诊所,92330825MA2FUDLA9E,,无等级,,61907.0
龙游郑巧红口腔诊所,92330825MA29UHR43F,,无等级,,61938.0
龙游钱伟俊口腔诊所,92330825MA2DHD0E52,,无等级,,61858.0
龙游陈兴献诊所,92330825MA2DHD7Q8D,,无等级,,61889.0
龙游雅康健康管理有限公司浙伢口腔诊所,91330825MAC43M4204,,无等级,,61894.0
龙游集合美健康管理有限公司永泰路集梅诊所,91330825MA2DKN7K29,,无等级,,61933.0
龙游马钦口腔诊所,92330825MA2DL0DMXN,,无等级,,61918.0
龚文旋西医内科诊所,92330702MA2FMD4642,,无等级,,57714.0
（金华婺城）何德林中医诊所,92330702MA2FNTQJX3,,无等级,,57549.0
（金华）婺城傅伟德中医骨伤科诊所,92330701MA2FPDNQ5Y,,无等级,,57548.0
